order_id,product_id,quantity,price_at_order
1,404,3,4121.21
1,551,1,15852.22
2,744,1,41845.46
2,353,2,45162.0
3,165,1,11757.74
3,189,3,23594.29
4,688,3,34422.34
5,563,3,24546.36
5,473,3,46704.91
6,101,1,33270.36
7,366,3,18933.16
7,132,1,49041.88
7,688,1,34422.34
8,326,2,34152.33
8,498,3,12005.41
8,462,3,31562.55
9,581,2,49427.35
10,5,1,11255.9
10,321,1,25644.62
11,861,1,42317.34
11,369,3,30882.81
12,457,2,23902.16
12,368,2,14557.91
13,84,2,12701.63
13,862,1,5150.87
14,908,3,13810.1
15,870,1,17330.69
15,520,3,43056.24
15,647,3,42042.62
16,38,3,33089.62
17,484,1,48206.53
17,670,2,11126.15
17,794,2,22728.98
18,878,1,1190.43
18,298,2,603.46
19,515,3,2550.9
19,11,1,41521.41
20,701,3,35717.67
20,170,1,13933.27
20,776,2,35931.8
21,676,1,15302.72
21,894,3,5581.31
21,991,3,22720.95
22,780,2,36697.9
23,44,1,35479.7
23,685,3,40724.39
24,940,1,44620.19
24,466,1,43679.04
25,534,2,2630.14
25,649,3,13960.19
26,386,2,2477.17
26,670,2,11126.15
27,530,1,29000.5
27,258,3,7042.5
27,386,2,2477.17
28,812,3,27814.01
28,494,1,33817.74
29,236,3,48112.84
29,79,3,48995.96
30,371,3,5825.99
31,425,2,26813.86
31,831,3,24733.47
32,216,1,22930.63
32,605,3,9128.57
33,131,3,34053.35
34,41,3,32598.94
34,913,1,34317.87
35,530,3,29000.5
35,982,3,14356.6
35,416,3,3567.68
36,842,1,9125.91
36,291,1,30140.38
37,494,1,33817.74
37,175,2,31583.45
38,786,3,46853.38
38,187,3,7369.14
39,351,2,17037.19
39,945,3,44169.98
40,136,1,44018.11
40,112,1,44341.0
41,430,1,1805.21
41,847,3,32474.37
42,615,3,39598.83
42,40,3,36577.57
42,899,1,28835.39
43,618,3,16780.36
44,695,3,5903.36
44,665,2,28998.05
44,442,2,48344.33
45,235,2,22253.97
45,961,2,39902.63
46,780,3,36697.9
46,858,3,19597.26
47,785,1,30238.72
48,898,3,436.08
49,762,1,35754.52
50,385,1,38876.66
50,671,3,16346.4
51,159,3,47418.71
51,437,3,12621.57
52,579,3,8373.78
52,375,2,21633.17
53,566,3,45927.03
54,496,2,4610.87
54,260,3,5221.38
55,142,3,30480.2
55,876,1,19350.83
56,973,1,28762.05
56,166,1,37221.19
57,564,3,888.99
57,629,3,47935.59
58,652,1,49547.41
58,6,1,40349.22
59,66,1,46754.9
59,270,2,27148.71
60,954,3,43910.62
60,411,3,3527.47
61,59,1,9737.92
61,969,3,27962.95
61,793,2,41491.71
62,954,2,43910.62
62,824,1,39043.37
62,531,1,43850.04
63,238,1,19253.81
63,630,3,32131.8
64,1000,1,43775.92
64,162,2,34681.82
65,416,1,3567.68
65,601,3,5616.53
66,93,3,25617.46
67,597,2,13665.27
67,357,2,34011.85
68,953,2,24174.39
69,519,1,4288.42
70,970,1,12974.3
71,551,3,15852.22
72,577,1,33008.03
72,496,2,4610.87
72,789,2,13481.06
73,29,1,13561.21
73,494,2,33817.74
74,226,3,30987.74
74,694,1,32414.64
75,529,3,25343.62
75,549,2,25786.98
75,10,1,48663.85
76,841,1,1818.99
76,351,3,17037.19
77,224,3,20054.92
77,916,2,37258.1
78,932,2,31101.97
78,195,3,22278.8
79,272,1,1084.32
80,634,2,43637.37
81,81,3,45225.25
82,783,3,34518.37
82,878,1,1190.43
83,505,3,27596.96
83,920,2,41373.96
84,524,2,8009.53
84,287,1,41639.06
85,819,2,29873.87
86,356,2,12186.67
87,1000,1,43775.92
88,9,3,40414.28
88,13,1,42809.29
89,628,2,8970.33
89,883,1,18154.77
90,982,3,14356.6
91,216,3,22930.63
91,430,2,1805.21
92,185,3,34463.03
93,834,3,10806.11
93,103,2,6626.2
94,391,1,17150.12
94,201,3,49409.52
95,432,2,22841.14
96,530,2,29000.5
96,547,2,27738.34
96,738,2,22802.07
97,408,3,49819.35
97,102,1,33444.58
98,860,3,39309.38
99,370,3,41797.67
99,369,3,30882.81
100,422,2,8483.46
100,125,3,3394.61
101,666,3,4053.16
101,665,1,28998.05
102,523,3,26737.1
102,500,2,18169.74
103,475,1,17453.19
103,647,1,42042.62
104,647,3,42042.62
104,628,2,8970.33
105,352,1,19022.98
106,274,3,38967.45
107,800,2,34950.68
107,884,3,11652.39
107,962,3,19561.47
108,189,1,23594.29
108,875,1,21855.46
109,762,3,35754.52
110,106,1,16315.79
111,56,2,10923.24
111,27,3,29915.65
112,633,1,37690.58
113,317,3,41651.69
113,235,2,22253.97
113,254,2,1543.73
114,175,1,31583.45
114,30,3,21907.83
115,488,3,46849.45
115,479,2,5728.56
116,715,3,28474.24
116,553,3,36084.59
116,182,2,12221.3
117,446,3,20208.91
117,537,3,11499.62
117,656,2,40650.88
118,825,2,43931.31
118,92,2,43258.34
119,11,1,41521.41
120,353,3,45162.0
120,294,1,14144.84
120,481,3,5279.84
121,307,2,33456.49
121,10,2,48663.85
122,383,1,17125.8
123,256,3,20592.3
123,168,3,14365.04
124,270,2,27148.71
124,82,3,27760.5
125,628,3,8970.33
125,827,3,7449.48
126,829,2,23918.34
126,276,1,23064.71
127,114,3,21429.77
128,638,2,40742.79
129,993,3,36098.2
130,276,1,23064.71
131,93,1,25617.46
132,320,2,39022.16
132,805,2,14803.03
133,83,1,18423.18
134,557,1,36718.78
134,482,1,38607.07
135,849,3,42623.83
135,13,1,42809.29
135,125,2,3394.61
136,35,1,49270.47
137,682,1,21289.0
138,959,3,43441.36
138,331,3,32339.92
138,163,1,27807.61
139,260,3,5221.38
139,493,2,9554.09
140,683,1,19338.58
141,333,1,45479.78
141,16,2,8805.59
142,10,1,48663.85
142,993,3,36098.2
143,159,1,47418.71
143,381,1,36727.17
144,347,3,18321.1
144,954,1,43910.62
145,550,1,49071.53
146,572,3,769.67
146,808,2,18659.26
147,22,2,7239.63
147,706,2,22043.06
148,497,3,24029.47
148,724,2,42288.87
148,449,3,6694.57
149,557,2,36718.78
149,357,3,34011.85
150,937,1,30659.33
150,882,1,26348.65
150,568,3,20025.75
151,555,1,32834.02
151,376,3,21003.41
151,465,3,34617.86
152,635,3,23040.26
152,878,1,1190.43
152,373,2,5809.64
153,839,3,22985.5
153,397,3,43540.85
153,195,2,22278.8
154,331,3,32339.92
154,420,2,38458.75
155,45,1,43023.88
155,856,1,33128.36
156,197,1,20594.9
157,674,3,46492.81
157,502,3,6135.56
157,539,3,19604.43
158,736,1,3395.46
159,504,1,37462.42
160,572,3,769.67
161,814,3,15152.95
161,726,2,15404.29
161,60,3,27247.1
162,80,3,21556.04
162,968,1,25838.19
162,222,1,36205.46
163,198,3,20758.76
163,539,1,19604.43
164,768,3,26824.37
165,591,3,18187.9
165,367,2,35820.8
166,171,3,47221.25
166,812,2,27814.01
166,185,3,34463.03
167,615,2,39598.83
167,454,2,46589.03
168,381,3,36727.17
168,423,2,44777.82
169,577,1,33008.03
169,559,2,1981.04
170,369,2,30882.81
170,985,2,48589.95
171,292,1,10873.12
171,611,3,25115.37
172,308,1,3022.66
172,228,2,34791.86
173,843,3,17409.18
173,283,3,43314.97
173,942,3,46784.82
174,39,2,43659.92
175,911,3,24288.94
176,95,3,2201.38
176,585,1,13884.35
176,410,3,22422.03
177,178,3,31035.39
177,500,3,18169.74
178,658,2,7219.98
179,81,1,45225.25
179,799,2,2961.72
180,953,1,24174.39
180,889,1,22382.42
181,12,3,35317.22
181,650,2,23028.87
182,553,3,36084.59
183,157,3,17934.8
183,52,3,26953.4
184,590,1,18226.8
184,517,1,20620.69
185,136,1,44018.11
185,345,2,32281.62
186,269,2,45056.39
186,88,3,8212.13
187,139,2,10208.23
188,586,3,27785.97
188,201,3,49409.52
189,273,2,21221.74
190,116,2,23392.77
190,688,2,34422.34
191,609,1,34181.12
191,672,2,6790.53
192,823,3,28459.72
192,453,1,23012.33
193,205,1,1734.81
193,702,3,20293.19
193,383,1,17125.8
194,636,1,15876.18
195,352,3,19022.98
196,24,1,11200.24
196,340,3,4996.95
197,769,3,42371.3
197,265,2,10841.66
198,716,3,5414.37
199,540,1,4229.8
199,45,1,43023.88
199,262,2,47542.59
200,55,3,42480.18
200,477,1,32901.81
201,873,3,22767.05
202,889,3,22382.42
203,727,2,29707.04
203,102,2,33444.58
204,204,3,27596.22
205,23,3,37426.59
205,41,2,32598.94
205,254,2,1543.73
206,356,3,12186.67
207,514,1,40877.73
207,283,3,43314.97
208,835,3,18883.34
208,31,2,38169.52
208,967,1,49177.63
209,141,3,23412.19
209,90,2,45947.06
210,641,1,19606.62
210,703,2,7888.22
211,320,3,39022.16
211,932,2,31101.97
212,142,3,30480.2
213,142,2,30480.2
214,139,1,10208.23
214,441,3,25019.3
215,70,3,25442.47
216,326,1,34152.33
217,997,2,33137.94
217,424,2,47830.68
218,653,2,11161.53
218,956,1,13568.82
218,757,1,44206.16
219,627,3,17350.97
220,611,1,25115.37
220,238,3,19253.81
221,489,3,28527.7
221,138,3,11443.84
222,873,2,22767.05
222,397,2,43540.85
223,419,1,6678.23
224,761,1,49706.14
224,688,1,34422.34
225,450,2,49343.35
225,888,3,5673.24
225,632,2,19625.14
226,415,1,23530.07
227,321,3,25644.62
227,404,3,4121.21
228,897,1,45544.72
228,722,3,45126.47
229,44,3,35479.7
229,899,3,28835.39
229,252,2,6442.36
230,784,1,47450.3
230,646,1,32757.57
231,793,2,41491.71
231,848,1,30534.69
231,293,2,5678.45
232,530,1,29000.5
233,740,1,8469.44
233,513,1,23280.2
234,560,2,7133.33
234,139,2,10208.23
234,403,2,22661.15
235,730,1,38018.78
235,918,2,21812.54
236,929,1,31985.64
236,729,3,11879.99
237,461,3,36153.59
238,745,3,12636.47
238,811,3,17386.43
239,45,1,43023.88
239,787,2,17536.46
240,167,1,37008.65
240,890,3,35182.85
240,149,1,17259.19
241,985,2,48589.95
241,457,3,23902.16
242,208,1,41657.52
243,510,2,6077.13
244,506,1,12599.03
244,244,3,32423.13
245,82,3,27760.5
245,616,1,45745.74
246,644,3,42146.67
247,152,1,46005.0
248,34,3,16410.56
249,943,1,46081.77
250,166,3,37221.19
250,689,3,37696.55
250,292,3,10873.12
251,182,2,12221.3
251,990,3,3800.97
252,787,2,17536.46
253,70,2,25442.47
253,777,3,29454.48
254,712,2,45024.9
255,713,3,3474.44
255,215,1,24371.77
256,542,3,33781.49
256,90,3,45947.06
256,496,3,4610.87
257,438,2,43248.94
257,624,2,15800.95
258,950,3,10722.72
258,133,3,28350.28
259,505,1,27596.96
259,828,3,44511.84
260,2,2,37111.19
260,122,3,13804.24
260,25,1,37862.37
261,425,1,26813.86
261,424,2,47830.68
262,12,1,35317.22
262,656,3,40650.88
263,308,3,3022.66
264,703,2,7888.22
265,984,1,9867.87
265,30,1,21907.83
266,491,1,42597.67
266,939,3,37930.32
266,486,1,36238.95
267,886,2,35642.17
267,550,2,49071.53
268,58,2,21323.47
268,856,3,33128.36
268,534,3,2630.14
269,214,3,49945.45
269,592,2,9613.37
270,68,1,46472.21
270,993,2,36098.2
271,642,1,21325.03
271,548,3,26822.41
271,863,3,45657.45
272,802,2,28716.96
273,279,1,7672.19
273,424,2,47830.68
274,974,1,11232.11
274,310,3,684.18
275,39,1,43659.92
275,797,1,17096.14
276,927,1,32772.64
276,513,1,23280.2
277,537,2,11499.62
277,318,1,5561.4
278,961,1,39902.63
278,529,1,25343.62
278,693,3,26032.13
279,535,1,34906.53
279,119,2,43116.3
280,893,2,36022.68
280,90,1,45947.06
280,342,1,4350.65
281,24,2,11200.24
281,592,3,9613.37
282,294,2,14144.84
283,121,1,12190.52
283,280,1,29392.63
284,574,1,48699.84
284,527,3,33699.57
284,105,2,14559.61
285,722,2,45126.47
286,628,2,8970.33
287,483,3,32748.77
288,437,2,12621.57
289,645,3,24385.06
289,857,2,25019.43
289,707,3,46254.0
290,731,3,26631.78
290,777,1,29454.48
290,687,2,36204.87
291,942,1,46784.82
291,716,2,5414.37
291,480,2,2823.04
292,482,1,38607.07
292,238,1,19253.81
293,373,2,5809.64
294,808,2,18659.26
294,882,2,26348.65
295,360,2,12725.16
295,491,1,42597.67
296,131,1,34053.35
296,521,2,26583.47
297,570,3,41454.69
298,411,2,3527.47
298,605,1,9128.57
299,494,2,33817.74
300,606,2,34839.4
300,442,3,48344.33
300,804,2,10223.84
301,686,1,28295.57
302,499,3,29248.3
302,118,3,41579.29
303,456,1,41465.98
304,112,3,44341.0
305,336,3,8876.18
305,507,1,22503.37
305,661,1,13586.95
306,925,1,23117.0
306,774,1,30202.64
306,652,3,49547.41
307,631,3,30821.11
308,325,3,31509.05
308,307,3,33456.49
309,736,1,3395.46
309,938,3,23015.19
309,353,1,45162.0
310,131,2,34053.35
310,873,1,22767.05
311,1,2,13968.96
311,721,1,4170.99
311,574,2,48699.84
312,605,3,9128.57
312,404,2,4121.21
313,559,3,1981.04
313,217,1,19333.65
314,864,2,17957.58
314,947,2,48190.6
315,129,1,30281.65
315,138,3,11443.84
315,12,1,35317.22
316,448,1,38290.88
316,999,1,7460.55
317,467,3,10604.88
317,916,3,37258.1
318,522,2,1429.95
319,232,2,12269.24
319,191,3,44504.32
320,243,2,33984.89
320,730,2,38018.78
320,514,3,40877.73
321,582,2,48723.87
321,495,1,32044.67
321,722,3,45126.47
322,748,3,23263.55
323,798,3,47139.38
323,287,1,41639.06
323,477,3,32901.81
324,646,3,32757.57
325,649,3,13960.19
326,926,3,25073.27
326,352,1,19022.98
327,588,2,39963.34
327,752,2,45154.06
327,340,2,4996.95
328,612,2,33035.55
328,768,3,26824.37
329,485,3,4746.2
330,299,3,7351.17
330,829,3,23918.34
331,518,1,49644.97
332,631,2,30821.11
333,115,3,28003.07
334,675,2,49594.36
334,458,1,5747.35
335,186,3,6004.38
336,991,1,22720.95
336,149,2,17259.19
336,610,2,10719.53
337,744,1,41845.46
337,653,1,11161.53
338,658,1,7219.98
338,271,1,1038.56
339,488,3,46849.45
339,765,1,44819.51
340,269,3,45056.39
340,149,2,17259.19
341,392,2,46238.23
341,695,3,5903.36
342,545,3,46876.84
343,941,2,48203.58
343,668,2,16566.28
344,671,3,16346.4
345,248,3,41574.49
345,752,3,45154.06
346,707,2,46254.0
346,185,3,34463.03
347,13,3,42809.29
347,422,1,8483.46
347,101,3,33270.36
348,258,1,7042.5
348,198,1,20758.76
349,673,1,5248.86
349,916,3,37258.1
349,856,3,33128.36
350,877,3,18843.14
351,664,1,12603.47
351,580,1,44857.33
352,677,1,4396.3
353,788,3,35535.6
353,438,2,43248.94
353,709,2,35482.66
354,64,2,12536.9
355,979,2,17496.56
356,951,3,6893.78
356,206,2,8171.39
357,554,2,11731.93
358,453,3,23012.33
359,586,3,27785.97
360,510,1,6077.13
361,681,1,22419.82
361,400,3,42478.86
361,273,2,21221.74
362,725,2,696.07
363,800,1,34950.68
363,832,3,15233.88
363,805,1,14803.03
364,799,1,2961.72
364,494,3,33817.74
365,699,2,29491.97
365,311,1,19196.31
366,375,2,21633.17
366,548,1,26822.41
367,664,1,12603.47
367,208,3,41657.52
368,307,2,33456.49
368,713,1,3474.44
369,907,2,17333.32
369,648,3,1833.78
370,738,3,22802.07
371,554,3,11731.93
372,832,1,15233.88
372,461,1,36153.59
372,990,2,3800.97
373,416,1,3567.68
373,122,3,13804.24
374,892,1,30400.03
374,896,3,20664.88
374,550,3,49071.53
375,145,2,29727.26
376,634,3,43637.37
376,47,3,46795.06
376,249,1,43558.73
377,315,1,35562.1
378,66,1,46754.9
378,838,2,43796.47
378,109,3,40975.65
379,208,2,41657.52
380,695,1,5903.36
380,412,3,8128.01
380,333,3,45479.78
381,813,1,34447.28
381,219,3,39681.96
381,783,1,34518.37
382,776,2,35931.8
383,450,3,49343.35
383,250,1,37781.33
384,628,1,8970.33
384,386,1,2477.17
384,797,2,17096.14
385,92,3,43258.34
386,711,2,18781.91
387,278,3,45512.13
388,626,3,3638.56
388,709,1,35482.66
388,39,3,43659.92
389,847,2,32474.37
390,197,3,20594.9
390,121,1,12190.52
391,553,1,36084.59
391,520,2,43056.24
392,55,1,42480.18
393,992,2,19658.24
393,934,2,17950.41
394,56,2,10923.24
394,661,1,13586.95
394,373,2,5809.64
395,777,1,29454.48
395,465,3,34617.86
395,45,1,43023.88
396,30,2,21907.83
397,739,3,39062.87
397,456,2,41465.98
397,607,2,18989.95
398,236,2,48112.84
398,798,1,47139.38
398,113,1,20162.75
399,385,1,38876.66
399,913,2,34317.87
399,226,3,30987.74
400,222,3,36205.46
400,951,2,6893.78
401,738,1,22802.07
402,344,1,35529.05
403,140,1,6573.18
404,779,1,5321.3
404,352,2,19022.98
405,976,1,4869.69
405,627,3,17350.97
406,422,3,8483.46
407,485,2,4746.2
408,894,1,5581.31
408,253,2,41174.14
409,606,3,34839.4
409,969,1,27962.95
409,153,2,41339.01
410,788,1,35535.6
410,517,2,20620.69
411,714,2,22923.33
411,842,2,9125.91
411,101,1,33270.36
412,750,2,20208.92
413,245,1,18433.6
413,664,1,12603.47
414,471,3,11475.89
415,475,3,17453.19
415,791,2,22079.54
415,142,1,30480.2
416,721,1,4170.99
416,649,3,13960.19
417,544,2,10681.79
417,34,2,16410.56
418,556,1,41133.12
418,590,3,18226.8
418,814,1,15152.95
419,57,3,407.12
419,528,2,22116.45
420,477,1,32901.81
420,634,2,43637.37
421,69,3,49923.19
421,575,1,45093.27
422,117,3,47516.97
423,893,3,36022.68
423,983,1,25584.16
424,362,2,4468.59
425,65,2,21135.48
426,850,2,15316.61
426,126,3,1270.74
427,300,3,26664.99
427,463,2,34132.13
428,964,1,39111.97
428,905,1,32465.77
429,401,1,3641.5
430,169,2,18235.79
431,896,3,20664.88
431,210,3,27697.87
432,555,2,32834.02
432,955,2,1556.03
432,136,2,44018.11
433,194,1,38226.52
434,971,3,7939.06
435,672,2,6790.53
435,662,2,39348.85
436,562,2,3304.37
436,456,2,41465.98
437,176,2,28273.13
437,809,1,23413.38
438,866,1,23348.9
439,171,1,47221.25
439,634,3,43637.37
440,860,3,39309.38
440,726,1,15404.29
440,710,1,47664.91
441,589,2,7964.78
441,130,2,21961.05
441,452,1,2234.02
442,325,2,31509.05
443,167,2,37008.65
443,547,1,27738.34
444,787,2,17536.46
444,149,2,17259.19
444,971,1,7939.06
445,520,3,43056.24
445,340,3,4996.95
446,967,3,49177.63
447,929,2,31985.64
447,945,2,44169.98
448,42,3,12620.91
448,143,3,5672.51
449,862,2,5150.87
449,226,2,30987.74
450,200,3,12844.22
450,598,1,8610.21
451,24,1,11200.24
452,981,3,47265.89
452,90,2,45947.06
453,524,1,8009.53
453,967,3,49177.63
454,438,2,43248.94
454,379,2,23665.71
455,457,3,23902.16
455,896,1,20664.88
456,426,2,7963.46
456,823,2,28459.72
457,435,2,6799.08
457,747,1,42773.68
457,918,3,21812.54
458,487,3,9036.7
459,775,1,16787.18
459,385,2,38876.66
459,91,3,1476.12
460,474,3,28801.8
461,191,2,44504.32
462,847,2,32474.37
463,758,1,12515.5
463,475,1,17453.19
464,979,3,17496.56
465,682,2,21289.0
466,661,1,13586.95
466,251,2,4788.05
466,30,2,21907.83
467,596,3,28726.43
467,493,2,9554.09
468,998,1,7078.16
468,711,2,18781.91
469,266,1,39403.69
470,900,1,25731.76
470,710,2,47664.91
471,652,2,49547.41
471,934,1,17950.41
472,79,1,48995.96
472,527,3,33699.57
473,172,2,909.59
473,557,2,36718.78
474,278,3,45512.13
474,702,3,20293.19
475,844,1,19512.31
475,148,1,21590.39
476,422,1,8483.46
476,349,1,15000.87
477,193,3,49978.75
478,867,3,31829.52
478,545,3,46876.84
478,730,1,38018.78
479,839,1,22985.5
480,708,1,3034.92
480,372,2,2673.15
481,994,1,42458.09
481,351,3,17037.19
482,228,3,34791.86
482,132,1,49041.88
482,878,3,1190.43
483,81,2,45225.25
484,20,2,10785.85
485,34,3,16410.56
486,931,1,11379.03
486,260,1,5221.38
487,802,3,28716.96
487,127,1,593.04
488,360,1,12725.16
489,285,3,5025.77
489,972,2,46639.38
490,747,1,42773.68
490,628,3,8970.33
491,782,1,33376.92
491,15,3,10712.5
491,542,1,33781.49
492,551,3,15852.22
492,5,1,11255.9
492,997,1,33137.94
493,376,3,21003.41
493,715,1,28474.24
494,855,2,26009.49
495,418,2,32224.23
495,116,1,23392.77
496,781,2,35446.99
497,85,2,20496.96
497,336,1,8876.18
498,320,2,39022.16
498,704,1,46069.97
499,439,1,16573.56
499,194,2,38226.52
499,878,3,1190.43
500,504,2,37462.42
500,689,2,37696.55
500,108,3,25917.96
501,405,2,15924.96
502,948,1,20813.45
503,206,3,8171.39
504,859,2,9738.78
505,785,3,30238.72
505,596,2,28726.43
506,410,2,22422.03
506,365,3,20003.76
507,524,2,8009.53
507,286,1,47693.55
507,151,1,9054.01
508,966,1,36328.25
509,70,2,25442.47
510,620,3,34476.92
511,99,1,36055.67
511,779,3,5321.3
512,478,2,41449.2
512,207,3,4932.5
513,352,3,19022.98
514,441,1,25019.3
514,902,2,5260.5
515,471,1,11475.89
515,37,1,3739.86
516,906,1,13634.98
516,724,2,42288.87
517,500,1,18169.74
517,783,3,34518.37
518,553,2,36084.59
518,586,2,27785.97
519,401,2,3641.5
519,270,3,27148.71
520,785,2,30238.72
520,292,1,10873.12
521,376,2,21003.41
522,913,3,34317.87
523,366,2,18933.16
523,422,1,8483.46
524,320,3,39022.16
525,313,1,37179.45
526,39,3,43659.92
526,472,2,35337.92
527,21,2,25111.79
527,713,3,3474.44
528,400,3,42478.86
528,331,1,32339.92
529,211,2,37390.74
529,345,3,32281.62
530,630,2,32131.8
530,307,2,33456.49
531,807,3,32200.76
531,78,1,14051.01
531,861,2,42317.34
532,412,3,8128.01
532,824,3,39043.37
532,232,1,12269.24
533,345,2,32281.62
534,438,2,43248.94
534,215,1,24371.77
535,308,3,3022.66
535,444,3,26973.53
536,640,2,15477.39
536,528,3,22116.45
537,643,1,8593.22
537,721,3,4170.99
537,529,2,25343.62
538,961,3,39902.63
538,479,3,5728.56
538,275,3,25340.78
539,580,3,44857.33
539,745,1,12636.47
540,247,3,27108.57
540,155,3,37598.67
541,327,1,48557.36
541,881,3,2572.2
542,294,3,14144.84
543,416,1,3567.68
543,245,1,18433.6
544,318,2,5561.4
544,476,3,14595.23
545,207,1,4932.5
545,164,1,17784.98
545,280,2,29392.63
546,181,1,10627.06
546,660,3,16385.58
547,919,1,33286.42
548,923,2,16745.47
548,979,3,17496.56
548,417,3,38527.48
549,742,1,23328.33
549,863,1,45657.45
549,144,3,45428.9
550,681,3,22419.82
551,509,1,26972.01
551,906,1,13634.98
552,338,3,19554.6
552,853,2,3472.7
552,599,3,39198.53
553,148,1,21590.39
553,110,1,40386.18
554,884,1,11652.39
554,604,2,16237.06
555,325,2,31509.05
555,559,3,1981.04
555,434,1,7440.33
556,149,2,17259.19
556,372,3,2673.15
557,991,3,22720.95
558,964,3,39111.97
558,56,3,10923.24
559,655,3,43151.32
559,982,2,14356.6
560,888,1,5673.24
561,984,2,9867.87
562,93,1,25617.46
563,938,2,23015.19
563,450,3,49343.35
563,647,2,42042.62
564,843,2,17409.18
564,799,2,2961.72
564,964,3,39111.97
565,433,1,20956.4
565,898,1,436.08
566,431,3,47845.51
567,465,1,34617.86
567,712,1,45024.9
568,811,1,17386.43
568,657,1,35624.47
569,590,1,18226.8
569,85,1,20496.96
570,851,1,5384.91
570,665,3,28998.05
570,782,3,33376.92
571,490,3,49458.24
571,895,1,13370.8
572,336,2,8876.18
572,819,1,29873.87
573,898,2,436.08
574,22,1,7239.63
574,971,3,7939.06
575,92,2,43258.34
576,51,2,36492.22
576,411,3,3527.47
576,633,2,37690.58
577,970,1,12974.3
577,581,1,49427.35
578,951,3,6893.78
578,465,2,34617.86
579,969,2,27962.95
580,442,1,48344.33
580,877,3,18843.14
581,694,1,32414.64
582,30,2,21907.83
582,298,1,603.46
583,597,3,13665.27
584,137,2,4370.74
585,731,3,26631.78
585,393,2,21397.63
586,571,1,19149.42
587,931,2,11379.03
588,613,1,22618.62
588,727,1,29707.04
588,767,2,48706.8
589,405,2,15924.96
589,688,1,34422.34
590,184,2,1922.2
591,899,1,28835.39
591,480,2,2823.04
591,136,3,44018.11
592,321,1,25644.62
593,288,2,37018.16
593,766,2,49579.11
593,370,2,41797.67
594,530,1,29000.5
594,321,2,25644.62
594,447,3,27795.18
595,874,3,8174.23
596,153,1,41339.01
597,168,2,14365.04
597,723,2,47717.75
598,42,3,12620.91
598,453,3,23012.33
598,366,2,18933.16
599,888,2,5673.24
599,152,1,46005.0
599,127,1,593.04
600,768,2,26824.37
600,521,3,26583.47
600,843,3,17409.18
601,5,3,11255.9
601,539,1,19604.43
601,786,2,46853.38
602,694,2,32414.64
602,97,1,19444.21
603,404,3,4121.21
603,383,1,17125.8
604,472,3,35337.92
605,276,3,23064.71
605,609,1,34181.12
606,974,2,11232.11
606,464,3,1241.19
607,133,1,28350.28
607,217,3,19333.65
608,73,3,40910.08
609,262,1,47542.59
610,92,1,43258.34
610,22,1,7239.63
610,873,2,22767.05
611,978,1,49832.56
611,670,1,11126.15
612,826,2,30565.42
612,944,3,40817.63
613,853,3,3472.7
613,377,1,3663.66
614,275,3,25340.78
614,577,2,33008.03
615,629,3,47935.59
615,191,2,44504.32
615,445,1,36457.15
616,693,3,26032.13
616,230,3,12436.61
616,664,1,12603.47
617,538,2,28250.58
617,86,2,8376.34
618,308,3,3022.66
618,153,2,41339.01
618,131,1,34053.35
619,565,1,1151.99
619,79,3,48995.96
620,476,3,14595.23
620,677,3,4396.3
621,84,3,12701.63
622,184,1,1922.2
622,806,2,39308.37
623,305,3,13876.39
623,322,2,47923.7
623,602,3,42128.19
624,990,1,3800.97
625,619,3,13159.3
625,266,1,39403.69
626,120,1,31991.77
627,415,3,23530.07
627,890,3,35182.85
628,833,3,36521.33
628,998,2,7078.16
629,405,2,15924.96
629,824,1,39043.37
630,836,1,15762.82
631,215,1,24371.77
631,493,3,9554.09
631,665,1,28998.05
632,552,2,7552.36
632,196,2,31848.8
632,89,1,2224.61
633,925,1,23117.0
634,483,2,32748.77
634,21,3,25111.79
634,881,1,2572.2
635,402,1,47488.52
635,53,1,23292.61
635,342,3,4350.65
636,869,3,15128.28
636,508,3,5876.78
636,755,3,1765.27
637,410,2,22422.03
638,695,2,5903.36
638,927,1,32772.64
639,591,2,18187.9
640,428,1,2559.45
640,911,2,24288.94
640,485,3,4746.2
641,447,1,27795.18
641,22,2,7239.63
642,238,1,19253.81
642,520,3,43056.24
643,874,3,8174.23
643,863,2,45657.45
643,733,1,46087.34
644,983,3,25584.16
644,427,3,42173.74
645,995,1,39408.53
645,865,3,44376.12
646,684,1,18567.82
646,495,1,32044.67
647,813,2,34447.28
647,426,2,7963.46
648,19,2,1895.38
649,179,3,45452.67
649,848,1,30534.69
650,633,1,37690.58
650,233,3,32003.86
651,804,1,10223.84
651,364,3,22721.06
651,788,2,35535.6
652,528,3,22116.45
652,619,1,13159.3
653,819,1,29873.87
653,469,1,27449.78
653,986,3,31458.57
654,844,3,19512.31
654,576,1,2614.13
654,43,1,27829.9
655,371,1,5825.99
656,519,3,4288.42
656,511,1,44974.8
657,142,1,30480.2
657,126,2,1270.74
658,252,2,6442.36
658,855,2,26009.49
659,382,3,37906.94
660,252,3,6442.36
660,156,2,1726.39
661,424,2,47830.68
661,941,3,48203.58
661,420,3,38458.75
662,789,3,13481.06
662,11,3,41521.41
663,412,1,8128.01
663,791,2,22079.54
664,945,3,44169.98
665,647,3,42042.62
666,303,2,31006.56
666,430,3,1805.21
667,761,2,49706.14
667,322,1,47923.7
668,943,3,46081.77
668,151,2,9054.01
669,640,3,15477.39
669,808,2,18659.26
669,634,3,43637.37
670,415,1,23530.07
670,795,2,13278.05
671,743,3,34396.93
671,737,1,13271.25
672,96,3,39385.48
673,651,1,5926.59
673,164,1,17784.98
674,248,2,41574.49
674,853,3,3472.7
675,62,2,48050.71
676,49,3,33051.44
676,775,1,16787.18
677,465,1,34617.86
677,348,3,24467.66
678,643,3,8593.22
678,682,1,21289.0
678,547,2,27738.34
679,733,3,46087.34
679,587,1,29417.99
680,108,3,25917.96
680,336,3,8876.18
681,101,3,33270.36
681,151,2,9054.01
682,436,1,16160.06
683,694,3,32414.64
684,405,2,15924.96
684,893,3,36022.68
685,706,2,22043.06
685,954,3,43910.62
685,971,2,7939.06
686,497,2,24029.47
686,729,1,11879.99
687,121,2,12190.52
687,712,2,45024.9
687,218,1,37311.85
688,944,1,40817.63
688,975,3,25405.48
689,586,2,27785.97
690,313,2,37179.45
691,147,1,49197.06
692,916,2,37258.1
693,758,2,12515.5
694,892,2,30400.03
694,46,2,33548.2
695,346,2,32407.43
695,801,2,14291.7
696,781,3,35446.99
696,142,3,30480.2
697,153,3,41339.01
697,888,2,5673.24
698,420,1,38458.75
698,397,2,43540.85
699,912,2,19173.61
699,454,3,46589.03
699,754,1,2816.69
700,646,3,32757.57
701,573,1,21865.31
702,776,3,35931.8
702,55,3,42480.18
703,20,3,10785.85
703,124,3,20918.93
704,211,1,37390.74
705,455,3,37044.17
705,87,3,36907.25
705,827,2,7449.48
706,957,2,12752.88
706,24,2,11200.24
707,325,1,31509.05
707,392,1,46238.23
707,264,1,14011.31
708,262,1,47542.59
709,174,3,41159.15
709,61,2,29333.63
710,400,1,42478.86
711,265,1,10841.66
711,385,1,38876.66
711,965,1,29542.75
712,505,3,27596.96
712,521,2,26583.47
713,476,3,14595.23
714,649,1,13960.19
715,987,3,5465.16
716,668,1,16566.28
716,805,2,14803.03
717,652,3,49547.41
718,554,1,11731.93
719,985,2,48589.95
719,934,1,17950.41
719,569,1,12387.43
720,297,1,13881.54
720,669,1,33307.95
720,996,1,38334.13
721,257,3,49797.59
722,218,3,37311.85
722,600,2,31364.17
722,861,1,42317.34
723,308,2,3022.66
723,92,3,43258.34
724,287,2,41639.06
724,900,1,25731.76
725,906,2,13634.98
725,699,3,29491.97
725,969,2,27962.95
726,679,2,4832.6
727,337,3,26280.58
727,17,1,19158.94
727,936,3,7280.32
728,924,3,27659.63
728,10,1,48663.85
729,501,2,15548.28
729,781,3,35446.99
730,80,1,21556.04
730,552,3,7552.36
731,833,3,36521.33
731,386,2,2477.17
732,714,1,22923.33
732,9,2,40414.28
733,227,1,4791.85
733,761,2,49706.14
734,93,3,25617.46
734,836,3,15762.82
735,506,2,12599.03
736,724,1,42288.87
736,621,1,23314.24
736,215,3,24371.77
737,513,2,23280.2
738,580,3,44857.33
738,689,3,37696.55
739,764,1,9236.85
739,67,2,19970.56
740,536,3,9438.79
741,24,3,11200.24
741,994,3,42458.09
741,710,3,47664.91
742,3,3,1879.6
742,961,3,39902.63
742,438,3,43248.94
743,865,2,44376.12
743,417,1,38527.48
744,530,1,29000.5
744,778,3,18435.03
745,546,1,34872.63
745,460,2,13496.86
745,324,1,38082.7
746,26,1,34119.92
746,756,3,10971.39
747,202,2,2993.94
747,169,1,18235.79
747,338,3,19554.6
748,828,3,44511.84
748,25,3,37862.37
749,111,2,49201.62
750,842,1,9125.91
750,342,1,4350.65
750,533,3,45605.41
751,458,3,5747.35
752,35,2,49270.47
753,802,1,28716.96
753,131,2,34053.35
754,68,3,46472.21
754,105,1,14559.61
755,412,2,8128.01
755,99,1,36055.67
755,633,3,37690.58
756,394,2,14900.19
757,104,3,28584.53
757,348,3,24467.66
758,602,1,42128.19
758,198,1,20758.76
759,809,1,23413.38
760,263,2,45114.3
760,364,2,22721.06
761,141,1,23412.19
762,526,3,3644.36
762,983,2,25584.16
763,150,2,48051.14
763,151,2,9054.01
764,9,3,40414.28
764,531,3,43850.04
765,839,3,22985.5
766,1000,3,43775.92
766,206,1,8171.39
767,488,3,46849.45
768,340,3,4996.95
768,873,3,22767.05
769,337,1,26280.58
770,44,1,35479.7
770,508,1,5876.78
771,639,1,4512.17
772,835,3,18883.34
772,340,2,4996.95
773,7,1,8027.33
773,372,2,2673.15
773,11,1,41521.41
774,200,3,12844.22
775,999,1,7460.55
775,31,1,38169.52
776,737,3,13271.25
776,179,1,45452.67
776,348,1,24467.66
777,933,3,5142.62
777,104,1,28584.53
777,22,2,7239.63
778,959,1,43441.36
779,382,1,37906.94
779,677,3,4396.3
780,900,1,25731.76
780,729,1,11879.99
780,67,1,19970.56
781,712,2,45024.9
781,384,3,24083.0
782,48,3,39295.59
783,809,2,23413.38
783,153,1,41339.01
784,130,3,21961.05
785,745,2,12636.47
785,84,3,12701.63
786,770,3,12056.59
786,904,3,42606.92
787,330,2,22760.12
787,730,3,38018.78
788,486,2,36238.95
788,275,3,25340.78
788,596,3,28726.43
789,208,2,41657.52
790,436,2,16160.06
791,261,1,1926.0
791,564,1,888.99
791,87,2,36907.25
792,43,2,27829.9
793,479,2,5728.56
793,443,2,2811.86
794,26,1,34119.92
795,368,1,14557.91
795,924,2,27659.63
796,81,2,45225.25
796,805,1,14803.03
797,560,2,7133.33
797,206,1,8171.39
798,836,3,15762.82
798,787,2,17536.46
799,876,3,19350.83
799,771,3,35261.61
799,734,2,48735.37
800,355,2,14460.92
801,672,2,6790.53
801,13,3,42809.29
802,887,1,26876.25
802,408,3,49819.35
802,234,3,23423.09
803,805,2,14803.03
803,566,3,45927.03
804,321,1,25644.62
804,867,2,31829.52
805,450,3,49343.35
805,461,1,36153.59
806,313,1,37179.45
806,966,2,36328.25
806,756,3,10971.39
807,436,3,16160.06
808,551,2,15852.22
808,307,3,33456.49
809,143,1,5672.51
810,819,3,29873.87
810,618,3,16780.36
811,972,1,46639.38
811,401,3,3641.5
812,584,2,20016.14
813,107,3,23817.35
814,618,1,16780.36
814,501,1,15548.28
814,28,1,43080.75
815,239,2,14972.97
816,378,1,49420.07
816,531,1,43850.04
817,161,1,39708.76
817,114,3,21429.77
818,979,1,17496.56
819,838,3,43796.47
819,727,2,29707.04
820,602,3,42128.19
820,208,3,41657.52
820,515,2,2550.9
821,457,2,23902.16
821,66,3,46754.9
821,845,1,11301.15
822,503,2,11190.69
822,472,3,35337.92
823,903,2,40139.33
824,305,3,13876.39
824,401,1,3641.5
825,751,2,13163.39
825,443,3,2811.86
825,469,1,27449.78
826,969,1,27962.95
826,45,1,43023.88
827,683,1,19338.58
827,939,3,37930.32
828,506,2,12599.03
829,79,3,48995.96
829,774,2,30202.64
829,108,2,25917.96
830,46,2,33548.2
831,768,2,26824.37
831,473,2,46704.91
832,39,1,43659.92
833,335,2,40605.05
833,687,2,36204.87
833,767,2,48706.8
834,731,2,26631.78
834,973,1,28762.05
835,175,3,31583.45
835,859,1,9738.78
835,19,1,1895.38
836,173,3,17233.08
836,80,1,21556.04
837,183,3,20603.32
837,222,1,36205.46
838,714,1,22923.33
839,679,3,4832.6
839,734,1,48735.37
840,613,1,22618.62
840,5,2,11255.9
841,931,1,11379.03
842,15,1,10712.5
842,346,3,32407.43
843,99,3,36055.67
843,817,1,40480.5
843,856,3,33128.36
844,836,2,15762.82
844,335,3,40605.05
845,555,2,32834.02
846,109,2,40975.65
847,324,2,38082.7
847,13,1,42809.29
848,286,3,47693.55
848,666,2,4053.16
849,309,3,7120.57
850,550,3,49071.53
851,333,3,45479.78
852,790,2,39414.89
852,711,1,18781.91
852,137,3,4370.74
853,872,2,31662.33
853,683,1,19338.58
854,460,3,13496.86
854,392,3,46238.23
854,524,1,8009.53
855,239,1,14972.97
855,22,2,7239.63
855,632,1,19625.14
856,82,1,27760.5
857,156,2,1726.39
858,743,3,34396.93
859,138,3,11443.84
859,285,1,5025.77
859,326,3,34152.33
860,296,1,46475.49
860,769,1,42371.3
861,211,1,37390.74
861,553,3,36084.59
862,228,2,34791.86
862,623,3,20973.98
863,67,2,19970.56
863,891,1,33184.73
864,145,1,29727.26
864,961,1,39902.63
865,815,1,45052.62
865,955,1,1556.03
866,319,3,4208.76
866,169,1,18235.79
867,311,3,19196.31
867,293,2,5678.45
868,801,2,14291.7
869,387,2,25914.56
869,172,2,909.59
870,779,2,5321.3
870,160,1,27892.26
871,778,2,18435.03
871,929,3,31985.64
871,944,3,40817.63
872,390,2,40027.32
873,621,1,23314.24
873,493,2,9554.09
874,939,1,37930.32
875,743,2,34396.93
875,384,2,24083.0
876,761,2,49706.14
876,383,2,17125.8
877,419,1,6678.23
877,907,1,17333.32
878,782,2,33376.92
879,740,3,8469.44
879,357,2,34011.85
879,522,3,1429.95
880,395,2,14993.31
881,944,2,40817.63
881,833,3,36521.33
882,661,2,13586.95
882,152,3,46005.0
883,254,3,1543.73
884,13,1,42809.29
884,120,3,31991.77
884,790,3,39414.89
885,998,1,7078.16
885,923,3,16745.47
886,850,2,15316.61
886,438,3,43248.94
887,908,3,13810.1
887,392,2,46238.23
888,746,1,33956.01
888,891,3,33184.73
888,92,3,43258.34
889,276,3,23064.71
889,767,2,48706.8
889,215,3,24371.77
890,504,1,37462.42
891,538,3,28250.58
891,427,2,42173.74
892,191,3,44504.32
893,972,1,46639.38
894,206,1,8171.39
895,266,2,39403.69
895,924,2,27659.63
896,652,1,49547.41
897,284,2,17144.9
897,66,1,46754.9
898,779,1,5321.3
898,104,1,28584.53
899,597,1,13665.27
900,385,3,38876.66
900,618,2,16780.36
901,619,2,13159.3
901,440,2,8219.32
902,837,2,42609.38
902,246,3,37449.8
902,964,2,39111.97
903,895,1,13370.8
903,339,1,39524.58
903,826,2,30565.42
904,910,1,36402.63
904,948,1,20813.45
905,974,1,11232.11
905,717,2,25588.6
906,487,2,9036.7
906,528,3,22116.45
907,965,2,29542.75
907,833,1,36521.33
908,827,3,7449.48
909,497,2,24029.47
910,439,2,16573.56
911,752,3,45154.06
911,395,1,14993.31
911,301,3,8123.24
912,804,3,10223.84
912,878,1,1190.43
912,734,1,48735.37
913,690,2,15930.83
913,562,1,3304.37
914,679,3,4832.6
915,967,3,49177.63
916,733,1,46087.34
916,30,2,21907.83
917,737,2,13271.25
918,127,3,593.04
918,682,3,21289.0
918,140,3,6573.18
919,893,3,36022.68
919,230,3,12436.61
920,735,3,6935.64
920,761,3,49706.14
921,990,2,3800.97
921,877,1,18843.14
922,115,1,28003.07
923,763,3,45660.05
923,965,2,29542.75
923,119,1,43116.3
924,755,2,1765.27
924,2,1,37111.19
925,434,2,7440.33
925,328,3,23605.38
925,790,1,39414.89
926,110,1,40386.18
926,405,3,15924.96
927,966,2,36328.25
928,151,2,9054.01
928,616,1,45745.74
929,720,2,12638.68
929,36,2,43937.08
929,614,3,26858.06
930,724,3,42288.87
930,588,1,39963.34
930,490,2,49458.24
931,830,1,40924.08
931,342,3,4350.65
932,231,1,9000.95
932,718,1,23746.7
932,754,2,2816.69
933,676,1,15302.72
933,935,1,18882.35
933,869,3,15128.28
934,357,2,34011.85
934,776,2,35931.8
935,714,1,22923.33
936,135,3,16569.43
936,332,1,19408.78
937,671,3,16346.4
937,168,1,14365.04
938,149,1,17259.19
939,667,1,37565.18
940,695,1,5903.36
940,805,2,14803.03
941,173,1,17233.08
941,949,1,35164.27
942,54,1,2814.24
943,994,3,42458.09
943,153,3,41339.01
944,407,2,6152.72
945,669,3,33307.95
945,764,3,9236.85
945,385,3,38876.66
946,666,3,4053.16
946,392,3,46238.23
946,282,2,5229.17
947,125,2,3394.61
948,24,3,11200.24
948,601,3,5616.53
949,814,1,15152.95
949,608,2,46623.74
950,306,1,21666.71
950,586,1,27785.97
951,815,2,45052.62
951,551,3,15852.22
951,190,1,27137.08
952,832,2,15233.88
952,543,1,40291.14
953,839,3,22985.5
953,810,1,7811.19
954,920,3,41373.96
954,121,3,12190.52
954,186,1,6004.38
955,126,3,1270.74
955,41,1,32598.94
955,132,3,49041.88
956,772,1,28286.51
957,373,3,5809.64
957,990,1,3800.97
958,255,1,32488.32
958,308,3,3022.66
959,456,3,41465.98
959,144,2,45428.9
960,361,3,46734.39
960,621,1,23314.24
960,552,3,7552.36
961,38,1,33089.62
962,981,3,47265.89
962,138,1,11443.84
962,617,3,32455.89
963,433,3,20956.4
963,77,2,45295.22
964,410,2,22422.03
964,468,3,15893.5
964,86,2,8376.34
965,73,3,40910.08
965,645,2,24385.06
966,382,3,37906.94
967,168,1,14365.04
967,430,2,1805.21
968,619,1,13159.3
969,701,2,35717.67
969,562,1,3304.37
970,342,2,4350.65
970,797,1,17096.14
971,101,2,33270.36
972,802,1,28716.96
972,948,3,20813.45
972,127,3,593.04
973,502,2,6135.56
973,98,3,35526.63
973,542,3,33781.49
974,102,1,33444.58
975,186,3,6004.38
975,354,3,18405.68
976,904,2,42606.92
976,871,2,43160.98
977,526,3,3644.36
978,582,3,48723.87
979,998,3,7078.16
979,380,1,37441.63
980,188,2,37523.2
980,450,2,49343.35
981,534,1,2630.14
981,965,2,29542.75
981,736,3,3395.46
982,790,1,39414.89
982,321,3,25644.62
983,96,1,39385.48
984,568,2,20025.75
984,952,1,34807.31
985,955,1,1556.03
985,749,2,41569.5
986,910,1,36402.63
986,546,2,34872.63
986,715,1,28474.24
987,8,3,19182.39
987,732,3,48636.19
987,436,3,16160.06
988,974,3,11232.11
988,943,3,46081.77
989,173,3,17233.08
989,691,1,4487.16
990,527,1,33699.57
990,362,2,4468.59
990,976,2,4869.69
991,347,1,18321.1
991,936,3,7280.32
991,696,1,44469.61
992,219,1,39681.96
993,946,3,45820.74
993,313,3,37179.45
994,914,2,5912.99
994,633,1,37690.58
994,869,2,15128.28
995,363,1,7623.23
995,110,2,40386.18
996,10,2,48663.85
996,104,2,28584.53
997,158,1,35148.83
997,421,2,3054.02
998,232,2,12269.24
998,482,2,38607.07
999,550,1,49071.53
999,832,2,15233.88
999,276,3,23064.71
1000,766,2,49579.11
1001,204,2,27596.22
1001,114,1,21429.77
1001,195,1,22278.8
1002,33,3,38196.79
1002,165,1,11757.74
1003,273,2,21221.74
1003,122,2,13804.24
1004,131,2,34053.35
1004,333,3,45479.78
1005,399,1,25800.38
1005,135,1,16569.43
1005,113,1,20162.75
1006,701,1,35717.67
1007,1000,3,43775.92
1007,612,1,33035.55
1008,85,2,20496.96
1009,192,2,1585.49
1009,256,1,20592.3
1010,683,2,19338.58
1010,841,1,1818.99
1011,718,3,23746.7
1011,748,1,23263.55
1011,515,1,2550.9
1012,235,1,22253.97
1012,124,2,20918.93
1013,150,2,48051.14
1014,53,2,23292.61
1015,237,2,15315.45
1015,228,2,34791.86
1016,53,1,23292.61
1016,312,2,41717.7
1017,429,2,10777.18
1017,253,1,41174.14
1018,763,2,45660.05
1019,622,1,17444.88
1020,373,1,5809.64
1020,343,1,48394.52
1020,312,3,41717.7
1021,134,2,43382.51
1021,340,3,4996.95
1022,542,2,33781.49
1022,620,1,34476.92
1023,90,1,45947.06
1023,909,1,44340.36
1024,601,3,5616.53
1025,948,1,20813.45
1025,102,3,33444.58
1026,780,3,36697.9
1026,207,3,4932.5
1027,564,3,888.99
1028,867,3,31829.52
1028,929,2,31985.64
1029,121,2,12190.52
1029,933,1,5142.62
1030,516,1,46748.77
1030,810,3,7811.19
1030,23,2,37426.59
1031,979,3,17496.56
1032,759,2,24107.84
1032,835,2,18883.34
1033,77,2,45295.22
1033,170,3,13933.27
1034,622,1,17444.88
1034,279,1,7672.19
1035,714,1,22923.33
1036,516,3,46748.77
1036,725,3,696.07
1037,726,2,15404.29
1038,547,1,27738.34
1039,905,2,32465.77
1040,53,1,23292.61
1040,658,3,7219.98
1040,255,1,32488.32
1041,996,2,38334.13
1041,378,1,49420.07
1042,740,2,8469.44
1042,137,3,4370.74
1043,836,1,15762.82
1044,287,2,41639.06
1044,181,1,10627.06
1045,962,1,19561.47
1045,800,3,34950.68
1045,598,3,8610.21
1046,891,3,33184.73
1046,642,3,21325.03
1047,333,1,45479.78
1047,276,3,23064.71
1048,160,1,27892.26
1048,457,3,23902.16
1049,491,1,42597.67
1050,884,1,11652.39
1051,185,1,34463.03
1051,664,2,12603.47
1051,289,1,47844.24
1052,623,1,20973.98
1052,193,1,49978.75
1053,661,2,13586.95
1053,994,1,42458.09
1054,828,3,44511.84
1054,13,1,42809.29
1055,14,3,31893.52
1056,86,2,8376.34
1057,812,1,27814.01
1057,990,1,3800.97
1058,725,1,696.07
1058,88,1,8212.13
1059,836,2,15762.82
1059,168,2,14365.04
1059,315,1,35562.1
1060,643,1,8593.22
1060,557,1,36718.78
1061,106,2,16315.79
1061,524,1,8009.53
1062,438,2,43248.94
1063,944,3,40817.63
1064,924,2,27659.63
1064,116,1,23392.77
1065,289,3,47844.24
1065,366,2,18933.16
1065,79,1,48995.96
1066,918,1,21812.54
1066,45,1,43023.88
1066,620,2,34476.92
1067,436,1,16160.06
1068,838,2,43796.47
1068,294,1,14144.84
1069,956,3,13568.82
1069,272,1,1084.32
1070,153,1,41339.01
1070,797,2,17096.14
1070,672,1,6790.53
1071,1000,1,43775.92
1071,490,1,49458.24
1072,149,2,17259.19
1072,93,1,25617.46
1073,507,2,22503.37
1073,435,3,6799.08
1074,342,3,4350.65
1074,142,1,30480.2
1075,547,3,27738.34
1075,505,3,27596.96
1076,733,2,46087.34
1077,767,3,48706.8
1077,225,1,47720.74
1078,872,1,31662.33
1079,944,2,40817.63
1079,113,2,20162.75
1079,62,1,48050.71
1080,565,2,1151.99
1080,996,1,38334.13
1080,954,1,43910.62
1081,121,3,12190.52
1081,986,3,31458.57
1082,989,2,4649.79
1083,596,1,28726.43
1084,31,1,38169.52
1084,151,1,9054.01
1084,375,1,21633.17
1085,427,1,42173.74
1085,154,2,12501.11
1085,784,3,47450.3
1086,307,2,33456.49
1086,482,3,38607.07
1087,14,1,31893.52
1087,294,1,14144.84
1088,770,1,12056.59
1089,434,2,7440.33
1089,697,3,19525.86
1090,514,1,40877.73
1090,314,2,43146.87
1090,727,1,29707.04
1091,974,3,11232.11
1091,129,1,30281.65
1092,189,3,23594.29
1093,837,2,42609.38
1093,710,2,47664.91
1093,480,3,2823.04
1094,56,2,10923.24
1094,823,3,28459.72
1095,80,2,21556.04
1096,246,1,37449.8
1096,289,3,47844.24
1097,775,2,16787.18
1097,932,1,31101.97
1098,247,3,27108.57
1098,276,3,23064.71
1098,88,1,8212.13
1099,50,1,43232.69
1099,323,2,7578.28
1100,982,3,14356.6
1100,408,1,49819.35
1101,998,3,7078.16
1101,133,3,28350.28
1102,516,1,46748.77
1102,104,1,28584.53
1102,515,3,2550.9
1103,873,2,22767.05
1103,39,1,43659.92
1104,641,1,19606.62
1105,827,1,7449.48
1105,698,3,34242.22
1105,670,1,11126.15
1106,624,2,15800.95
1106,668,2,16566.28
1106,536,1,9438.79
1107,963,1,944.37
1107,442,3,48344.33
1108,626,3,3638.56
1109,510,1,6077.13
1109,100,1,3777.7
1110,993,1,36098.2
1110,817,2,40480.5
1111,303,1,31006.56
1112,92,1,43258.34
1112,73,3,40910.08
1113,263,2,45114.3
1113,782,3,33376.92
1113,898,1,436.08
1114,41,2,32598.94
1114,373,2,5809.64
1115,133,3,28350.28
1115,452,3,2234.02
1115,376,2,21003.41
1116,461,3,36153.59
1116,270,1,27148.71
1117,810,1,7811.19
1118,874,1,8174.23
1119,875,1,21855.46
1119,75,2,14303.29
1120,478,2,41449.2
1121,112,3,44341.0
1121,88,1,8212.13
1121,185,2,34463.03
1122,67,2,19970.56
1122,325,3,31509.05
1123,118,2,41579.29
1123,286,1,47693.55
1124,656,2,40650.88
1124,219,3,39681.96
1125,64,2,12536.9
1125,959,2,43441.36
1126,24,3,11200.24
1127,86,1,8376.34
1127,146,2,38692.3
1128,463,3,34132.13
1128,893,1,36022.68
1128,430,3,1805.21
1129,95,2,2201.38
1129,917,2,43695.24
1129,924,2,27659.63
1130,494,3,33817.74
1130,487,1,9036.7
1130,549,3,25786.98
1131,399,1,25800.38
1131,843,3,17409.18
1132,741,3,26935.45
1133,844,3,19512.31
1133,962,3,19561.47
1134,155,2,37598.67
1134,919,1,33286.42
1135,994,3,42458.09
1136,462,1,31562.55
1136,966,3,36328.25
1137,38,3,33089.62
1137,224,1,20054.92
1138,616,1,45745.74
1138,387,2,25914.56
1139,591,2,18187.9
1139,979,2,17496.56
1139,15,1,10712.5
1140,889,3,22382.42
1140,128,2,44614.58
1141,361,3,46734.39
1141,849,2,42623.83
1142,949,2,35164.27
1142,181,2,10627.06
1143,556,2,41133.12
1143,447,2,27795.18
1144,650,3,23028.87
1144,291,3,30140.38
1145,90,1,45947.06
1145,826,1,30565.42
1145,858,3,19597.26
1146,509,3,26972.01
1146,768,3,26824.37
1147,826,3,30565.42
1147,34,2,16410.56
1148,466,3,43679.04
1149,974,2,11232.11
1149,128,2,44614.58
1149,360,3,12725.16
1150,963,1,944.37
1150,384,3,24083.0
1151,315,2,35562.1
1151,859,3,9738.78
1152,34,1,16410.56
1152,16,2,8805.59
1152,27,3,29915.65
1153,175,3,31583.45
1153,983,2,25584.16
1154,632,2,19625.14
1154,660,1,16385.58
1155,962,2,19561.47
1155,652,3,49547.41
1156,163,1,27807.61
1156,448,1,38290.88
1157,647,2,42042.62
1157,591,3,18187.9
1158,972,1,46639.38
1158,331,1,32339.92
1159,789,3,13481.06
1160,943,1,46081.77
1160,996,3,38334.13
1161,465,3,34617.86
1161,650,2,23028.87
1162,305,1,13876.39
1162,199,3,38096.84
1162,549,2,25786.98
1163,85,1,20496.96
1164,888,2,5673.24
1164,106,3,16315.79
1164,114,1,21429.77
1165,185,1,34463.03
1166,859,2,9738.78
1166,213,1,41081.31
1167,499,3,29248.3
1167,983,1,25584.16
1168,322,2,47923.7
1168,649,1,13960.19
1169,676,3,15302.72
1169,581,1,49427.35
1169,647,1,42042.62
1170,629,3,47935.59
1170,615,1,39598.83
1171,125,1,3394.61
1172,525,1,33111.82
1173,223,1,39141.81
1174,709,1,35482.66
1175,95,2,2201.38
1176,764,2,9236.85
1177,198,1,20758.76
1177,257,1,49797.59
1178,985,1,48589.95
1178,403,3,22661.15
1179,814,3,15152.95
1179,211,2,37390.74
1180,766,2,49579.11
1180,279,3,7672.19
1181,581,2,49427.35
1181,362,3,4468.59
1182,35,3,49270.47
1183,847,3,32474.37
1184,31,1,38169.52
1184,118,2,41579.29
1185,75,3,14303.29
1185,221,2,42298.46
1186,10,3,48663.85
1186,327,1,48557.36
1187,815,1,45052.62
1187,330,3,22760.12
1188,540,1,4229.8
1188,223,3,39141.81
1189,827,1,7449.48
1189,881,3,2572.2
1189,688,3,34422.34
1190,833,1,36521.33
1190,328,1,23605.38
1191,282,1,5229.17
1191,432,1,22841.14
1192,393,3,21397.63
1192,243,1,33984.89
1193,590,2,18226.8
1193,5,2,11255.9
1194,918,3,21812.54
1194,547,1,27738.34
1195,98,2,35526.63
1196,355,1,14460.92
1196,410,3,22422.03
1197,403,3,22661.15
1197,306,2,21666.71
1198,125,3,3394.61
1198,864,1,17957.58
1198,383,1,17125.8
1199,108,2,25917.96
1200,175,1,31583.45
1200,91,3,1476.12
1201,551,3,15852.22
1201,6,1,40349.22
1201,957,2,12752.88
1202,970,2,12974.3
1203,811,2,17386.43
1203,832,2,15233.88
1204,472,1,35337.92
1205,599,2,39198.53
1206,541,1,36311.86
1207,288,3,37018.16
1207,330,2,22760.12
1208,729,2,11879.99
1208,85,3,20496.96
1209,753,1,41519.0
1209,877,3,18843.14
1210,218,3,37311.85
1210,14,1,31893.52
1211,108,2,25917.96
1212,527,2,33699.57
1212,880,2,25315.82
1213,517,1,20620.69
1214,395,3,14993.31
1214,999,3,7460.55
1214,464,1,1241.19
1215,434,1,7440.33
1216,664,2,12603.47
1216,105,1,14559.61
1216,151,3,9054.01
1217,192,2,1585.49
1217,274,3,38967.45
1217,30,3,21907.83
1218,564,1,888.99
1219,515,2,2550.9
1220,379,1,23665.71
1220,101,3,33270.36
1221,302,2,4522.36
1221,194,1,38226.52
1222,532,1,15234.9
1222,444,3,26973.53
1223,225,1,47720.74
1223,118,3,41579.29
1223,55,2,42480.18
1224,232,3,12269.24
1225,104,3,28584.53
1225,226,3,30987.74
1226,209,2,13889.22
1227,752,1,45154.06
1227,4,1,30220.33
1228,757,3,44206.16
1228,313,1,37179.45
1229,192,2,1585.49
1230,683,2,19338.58
1230,486,1,36238.95
1230,439,1,16573.56
1231,696,1,44469.61
1232,2,1,37111.19
1232,501,2,15548.28
1233,697,2,19525.86
1234,774,1,30202.64
1234,151,1,9054.01
1235,503,2,11190.69
1235,753,3,41519.0
1236,470,1,9855.53
1237,913,3,34317.87
1237,531,3,43850.04
1238,746,1,33956.01
1238,656,1,40650.88
1239,146,2,38692.3
1239,366,1,18933.16
1240,442,1,48344.33
1240,369,3,30882.81
1241,655,2,43151.32
1241,111,3,49201.62
1241,989,3,4649.79
1242,982,3,14356.6
1242,898,1,436.08
1243,340,3,4996.95
1243,401,2,3641.5
1244,43,3,27829.9
1244,594,3,4925.29
1245,815,2,45052.62
1246,296,1,46475.49
1246,113,2,20162.75
1247,154,2,12501.11
1247,536,3,9438.79
1248,296,2,46475.49
1248,67,1,19970.56
1249,608,1,46623.74
1250,361,3,46734.39
1251,359,2,48323.53
1252,788,1,35535.6
1252,575,1,45093.27
1253,202,1,2993.94
1253,443,2,2811.86
1253,600,1,31364.17
1254,832,3,15233.88
1254,695,2,5903.36
1255,915,2,13302.16
1255,268,3,11032.78
1255,943,2,46081.77
1256,331,3,32339.92
1256,824,1,39043.37
1257,427,3,42173.74
1258,581,3,49427.35
1259,897,2,45544.72
1259,854,1,32909.14
1260,516,3,46748.77
1260,958,3,27196.25
1261,431,2,47845.51
1261,985,2,48589.95
1262,786,2,46853.38
1263,310,1,684.18
1263,806,3,39308.37
1264,922,2,8520.57
1264,580,1,44857.33
1265,687,1,36204.87
1266,472,1,35337.92
1266,860,1,39309.38
1266,56,2,10923.24
1267,609,1,34181.12
1268,340,1,4996.95
1268,886,1,35642.17
1269,735,3,6935.64
1269,55,1,42480.18
1270,508,1,5876.78
1270,140,3,6573.18
1271,319,1,4208.76
1271,737,2,13271.25
1272,1,1,13968.96
1273,254,1,1543.73
1273,210,2,27697.87
1274,57,1,407.12
1274,949,2,35164.27
1275,241,3,24987.35
1276,880,3,25315.82
1276,674,1,46492.81
1277,146,3,38692.3
1278,717,1,25588.6
1278,560,2,7133.33
1279,983,2,25584.16
1279,603,2,21701.63
1280,820,2,27951.3
1280,110,2,40386.18
1281,469,1,27449.78
1282,35,3,49270.47
1282,661,3,13586.95
1283,364,2,22721.06
1283,986,3,31458.57
1283,143,2,5672.51
1284,513,3,23280.2
1285,400,1,42478.86
1285,526,1,3644.36
1286,577,2,33008.03
1286,348,3,24467.66
1287,781,3,35446.99
1288,860,3,39309.38
1289,675,3,49594.36
1289,185,3,34463.03
1290,266,3,39403.69
1290,133,2,28350.28
1291,633,2,37690.58
1291,850,1,15316.61
1292,238,3,19253.81
1292,99,1,36055.67
1293,779,3,5321.3
1293,238,1,19253.81
1294,914,2,5912.99
1295,64,1,12536.9
1295,627,1,17350.97
1295,257,3,49797.59
1296,647,1,42042.62
1296,861,1,42317.34
1297,137,3,4370.74
1297,653,3,11161.53
1298,696,1,44469.61
1298,293,1,5678.45
1299,829,1,23918.34
1299,809,3,23413.38
1299,197,1,20594.9
1300,35,1,49270.47
1301,582,1,48723.87
1301,560,2,7133.33
1302,746,2,33956.01
1302,658,1,7219.98
1302,541,1,36311.86
1303,366,3,18933.16
1303,634,1,43637.37
1304,386,1,2477.17
1304,895,3,13370.8
1305,104,2,28584.53
1305,121,1,12190.52
1306,230,2,12436.61
1306,842,2,9125.91
1307,893,1,36022.68
1308,248,3,41574.49
1308,874,3,8174.23
1309,560,1,7133.33
1309,715,3,28474.24
1310,669,2,33307.95
1310,31,2,38169.52
1310,34,2,16410.56
1311,143,3,5672.51
1311,210,3,27697.87
1312,900,1,25731.76
1312,64,2,12536.9
1313,625,1,17610.52
1313,720,2,12638.68
1314,628,1,8970.33
1314,952,3,34807.31
1315,43,1,27829.9
1316,359,2,48323.53
1317,995,1,39408.53
1317,234,1,23423.09
1317,22,1,7239.63
1318,701,1,35717.67
1318,756,3,10971.39
1319,713,2,3474.44
1319,129,3,30281.65
1320,121,3,12190.52
1321,448,1,38290.88
1322,233,3,32003.86
1322,423,3,44777.82
1323,895,1,13370.8
1323,738,1,22802.07
1323,256,1,20592.3
1324,322,2,47923.7
1325,300,1,26664.99
1326,673,1,5248.86
1326,79,2,48995.96
1327,753,2,41519.0
1327,833,1,36521.33
1328,799,3,2961.72
1328,565,1,1151.99
1328,300,3,26664.99
1329,516,1,46748.77
1329,107,2,23817.35
1330,498,1,12005.41
1330,287,1,41639.06
1330,81,3,45225.25
1331,126,3,1270.74
1331,382,1,37906.94
1332,666,2,4053.16
1332,783,1,34518.37
1333,285,3,5025.77
1334,62,3,48050.71
1334,286,2,47693.55
1334,876,2,19350.83
1335,46,1,33548.2
1335,230,2,12436.61
1336,677,1,4396.3
1336,313,3,37179.45
1337,624,2,15800.95
1338,772,3,28286.51
1339,850,2,15316.61
1339,637,2,5977.33
1340,59,1,9737.92
1340,827,3,7449.48
1341,295,3,40975.81
1341,880,2,25315.82
1341,961,2,39902.63
1342,267,2,3709.92
1342,167,2,37008.65
1343,930,1,33672.28
1344,88,3,8212.13
1344,256,2,20592.3
1344,790,2,39414.89
1345,371,3,5825.99
1345,276,2,23064.71
1346,13,2,42809.29
1346,128,3,44614.58
1347,184,2,1922.2
1348,38,2,33089.62
1349,419,3,6678.23
1349,60,1,27247.1
1350,977,2,18231.65
1350,66,1,46754.9
1351,890,2,35182.85
1352,893,3,36022.68
1353,40,1,36577.57
1354,325,3,31509.05
1354,43,3,27829.9
1355,266,2,39403.69
1355,999,1,7460.55
1356,554,3,11731.93
1356,736,1,3395.46
1356,46,2,33548.2
1357,524,1,8009.53
1357,80,1,21556.04
1358,698,3,34242.22
1358,426,2,7963.46
1358,74,2,6036.8
1359,369,2,30882.81
1359,344,3,35529.05
1360,637,2,5977.33
1360,32,1,32055.79
1360,165,2,11757.74
1361,109,1,40975.65
1361,624,2,15800.95
1362,803,3,489.63
1362,596,2,28726.43
1363,34,1,16410.56
1363,673,2,5248.86
1363,744,3,41845.46
1364,230,3,12436.61
1364,579,3,8373.78
1364,516,3,46748.77
1365,868,3,44504.48
1365,900,1,25731.76
1366,452,2,2234.02
1366,325,1,31509.05
1367,337,2,26280.58
1367,249,1,43558.73
1367,819,2,29873.87
1368,247,2,27108.57
1369,82,3,27760.5
1369,361,3,46734.39
1370,620,2,34476.92
1370,236,2,48112.84
1371,129,1,30281.65
1371,948,2,20813.45
1371,551,3,15852.22
1372,815,2,45052.62
1372,294,2,14144.84
1373,152,2,46005.0
1373,590,3,18226.8
1374,898,1,436.08
1374,465,1,34617.86
1374,16,2,8805.59
1375,482,1,38607.07
1375,761,1,49706.14
1376,707,1,46254.0
1376,171,1,47221.25
1377,926,1,25073.27
1377,433,2,20956.4
1377,363,3,7623.23
1378,345,2,32281.62
1379,740,1,8469.44
1380,460,2,13496.86
1380,933,3,5142.62
1381,776,3,35931.8
1381,489,1,28527.7
1382,939,3,37930.32
1382,840,1,41228.26
1383,379,3,23665.71
1383,691,2,4487.16
1384,740,3,8469.44
1385,305,2,13876.39
1386,538,3,28250.58
1386,594,2,4925.29
1387,183,1,20603.32
1387,977,1,18231.65
1388,749,3,41569.5
1388,216,2,22930.63
1388,441,3,25019.3
1389,292,1,10873.12
1390,230,1,12436.61
1390,907,2,17333.32
1391,772,1,28286.51
1391,109,3,40975.65
1391,947,2,48190.6
1392,521,1,26583.47
1392,773,1,9025.17
1393,553,1,36084.59
1393,551,1,15852.22
1393,819,2,29873.87
1394,289,3,47844.24
1394,965,2,29542.75
1395,465,2,34617.86
1396,866,2,23348.9
1396,123,2,7796.28
1397,286,1,47693.55
1397,750,2,20208.92
1397,685,1,40724.39
1398,335,3,40605.05
1398,161,2,39708.76
1399,689,1,37696.55
1399,796,3,44430.18
1400,444,3,26973.53
1400,103,3,6626.2
1400,955,2,1556.03
1401,899,1,28835.39
1401,642,3,21325.03
1402,386,1,2477.17
1403,497,1,24029.47
1403,834,3,10806.11
1404,897,1,45544.72
1405,220,2,6574.44
1405,4,1,30220.33
1406,183,1,20603.32
1407,647,1,42042.62
1407,598,3,8610.21
1408,185,2,34463.03
1408,899,1,28835.39
1409,816,2,47477.96
1409,646,3,32757.57
1410,225,1,47720.74
1411,295,2,40975.81
1411,430,2,1805.21
1412,476,2,14595.23
1413,722,2,45126.47
1413,132,2,49041.88
1414,298,2,603.46
1415,419,2,6678.23
1415,63,2,3677.65
1415,576,3,2614.13
1416,436,1,16160.06
1416,409,2,7045.7
1416,267,2,3709.92
1417,47,2,46795.06
1417,316,2,1336.57
1418,212,3,39563.31
1419,338,3,19554.6
1419,133,3,28350.28
1420,389,1,39107.83
1421,786,1,46853.38
1421,785,3,30238.72
1421,567,1,31103.11
1422,161,3,39708.76
1422,859,2,9738.78
1423,166,2,37221.19
1424,255,1,32488.32
1424,963,1,944.37
1425,105,2,14559.61
1425,514,1,40877.73
1425,408,1,49819.35
1426,791,3,22079.54
1427,833,2,36521.33
1427,803,3,489.63
1428,277,1,20260.38
1428,883,1,18154.77
1429,751,1,13163.39
1429,426,1,7963.46
1430,156,3,1726.39
1430,98,3,35526.63
1431,880,2,25315.82
1431,320,2,39022.16
1431,804,3,10223.84
1432,208,1,41657.52
1433,386,2,2477.17
1433,299,1,7351.17
1434,495,3,32044.67
1434,292,3,10873.12
1435,509,3,26972.01
1436,732,2,48636.19
1436,111,1,49201.62
1437,238,2,19253.81
1437,458,2,5747.35
1438,148,3,21590.39
1438,830,1,40924.08
1439,965,2,29542.75
1440,632,2,19625.14
1441,239,2,14972.97
1441,61,2,29333.63
1442,155,2,37598.67
1442,38,3,33089.62
1443,275,3,25340.78
1443,707,2,46254.0
1443,215,3,24371.77
1444,330,3,22760.12
1444,473,2,46704.91
1445,751,1,13163.39
1445,84,2,12701.63
1446,14,1,31893.52
1447,449,1,6694.57
1448,642,3,21325.03
1448,823,2,28459.72
1449,409,2,7045.7
1449,10,1,48663.85
1450,902,2,5260.5
1450,693,3,26032.13
1451,666,1,4053.16
1451,170,2,13933.27
1452,975,3,25405.48
1452,732,3,48636.19
1452,381,2,36727.17
1453,950,1,10722.72
1453,765,1,44819.51
1453,738,3,22802.07
1454,427,1,42173.74
1455,6,1,40349.22
1455,320,1,39022.16
1455,719,3,2057.57
1456,63,2,3677.65
1456,640,3,15477.39
1457,905,2,32465.77
1457,232,3,12269.24
1458,841,2,1818.99
1459,786,2,46853.38
1459,413,3,11444.81
1460,607,1,18989.95
1461,270,3,27148.71
1462,661,2,13586.95
1462,785,2,30238.72
1463,284,3,17144.9
1463,990,3,3800.97
1464,3,1,1879.6
1465,151,2,9054.01
1465,147,1,49197.06
1465,169,2,18235.79
1466,524,2,8009.53
1467,513,1,23280.2
1467,779,1,5321.3
1468,724,2,42288.87
1468,486,2,36238.95
1469,905,1,32465.77
1469,620,1,34476.92
1470,147,2,49197.06
1471,257,1,49797.59
1471,702,3,20293.19
1472,26,2,34119.92
1472,887,2,26876.25
1473,219,3,39681.96
1473,632,1,19625.14
1474,11,2,41521.41
1474,201,3,49409.52
1474,453,1,23012.33
1475,933,2,5142.62
1475,378,3,49420.07
1476,663,2,43344.12
1477,713,3,3474.44
1478,586,1,27785.97
1479,623,2,20973.98
1479,648,2,1833.78
1480,769,1,42371.3
1480,559,1,1981.04
1480,827,2,7449.48
1481,723,1,47717.75
1481,754,1,2816.69
1482,58,3,21323.47
1482,455,1,37044.17
1482,653,2,11161.53
1483,874,1,8174.23
1484,858,3,19597.26
1485,174,3,41159.15
1485,928,2,27989.41
1485,601,3,5616.53
1486,858,3,19597.26
1486,684,1,18567.82
1487,152,2,46005.0
1487,747,1,42773.68
1488,204,3,27596.22
1489,863,1,45657.45
1489,858,2,19597.26
1490,478,3,41449.2
1491,475,1,17453.19
1491,91,1,1476.12
1492,606,3,34839.4
1493,11,1,41521.41
1494,742,1,23328.33
1495,924,1,27659.63
1495,886,3,35642.17
1496,389,2,39107.83
1496,723,1,47717.75
1497,232,1,12269.24
1497,856,2,33128.36
1498,266,2,39403.69
1498,715,1,28474.24
1498,451,2,30242.41
1499,658,2,7219.98
1499,536,3,9438.79
1500,855,3,26009.49
1501,720,2,12638.68
1501,445,3,36457.15
1502,351,3,17037.19
1503,814,3,15152.95
1503,276,1,23064.71
1503,93,2,25617.46
1504,119,3,43116.3
1505,479,2,5728.56
1505,601,2,5616.53
1506,35,3,49270.47
1506,331,1,32339.92
1507,163,2,27807.61
1507,432,2,22841.14
1507,487,3,9036.7
1508,314,3,43146.87
1508,167,1,37008.65
1508,479,1,5728.56
1509,590,2,18226.8
1509,712,3,45024.9
1510,741,2,26935.45
1511,308,1,3022.66
1511,42,3,12620.91
1512,977,2,18231.65
1512,592,3,9613.37
1513,308,3,3022.66
1514,975,3,25405.48
1514,996,1,38334.13
1515,56,1,10923.24
1515,994,2,42458.09
1516,470,2,9855.53
1516,406,1,36863.04
1516,170,3,13933.27
1517,315,1,35562.1
1518,93,3,25617.46
1519,795,1,13278.05
1519,384,2,24083.0
1520,704,3,46069.97
1520,404,1,4121.21
1521,475,1,17453.19
1521,724,1,42288.87
1522,137,2,4370.74
1522,410,2,22422.03
1523,612,1,33035.55
1523,404,2,4121.21
1523,547,2,27738.34
1524,228,3,34791.86
1524,907,1,17333.32
1525,514,1,40877.73
1525,843,3,17409.18
1526,662,2,39348.85
1526,236,1,48112.84
1526,142,1,30480.2
1527,394,3,14900.19
1528,397,3,43540.85
1529,978,2,49832.56
1530,855,2,26009.49
1530,109,1,40975.65
1531,884,2,11652.39
1532,132,3,49041.88
1533,498,3,12005.41
1533,670,2,11126.15
1534,265,3,10841.66
1534,760,1,21135.97
1535,515,2,2550.9
1535,382,3,37906.94
1535,800,2,34950.68
1536,805,2,14803.03
1536,184,3,1922.2
1537,154,2,12501.11
1537,8,3,19182.39
1538,630,2,32131.8
1538,746,2,33956.01
1539,889,2,22382.42
1540,703,2,7888.22
1540,379,2,23665.71
1540,259,3,29490.82
1541,274,1,38967.45
1542,333,2,45479.78
1543,750,1,20208.92
1544,87,3,36907.25
1545,506,2,12599.03
1546,706,3,22043.06
1546,633,3,37690.58
1546,250,3,37781.33
1547,40,3,36577.57
1547,151,3,9054.01
1548,525,3,33111.82
1549,310,2,684.18
1549,433,1,20956.4
1550,669,3,33307.95
1551,989,1,4649.79
1551,120,3,31991.77
1551,813,2,34447.28
1552,813,3,34447.28
1552,250,1,37781.33
1553,958,2,27196.25
1554,284,3,17144.9
1554,514,1,40877.73
1555,292,2,10873.12
1556,425,3,26813.86
1557,810,3,7811.19
1557,1000,2,43775.92
1558,333,1,45479.78
1559,624,2,15800.95
1559,847,3,32474.37
1560,399,3,25800.38
1560,488,1,46849.45
1561,456,2,41465.98
1561,156,3,1726.39
1562,690,2,15930.83
1562,400,2,42478.86
1563,81,2,45225.25
1563,647,3,42042.62
1564,543,2,40291.14
1564,379,2,23665.71
1565,31,3,38169.52
1565,160,3,27892.26
1566,426,1,7963.46
1566,784,2,47450.3
1567,385,1,38876.66
1567,944,2,40817.63
1567,551,3,15852.22
1568,224,1,20054.92
1569,163,3,27807.61
1570,223,3,39141.81
1570,429,2,10777.18
1571,681,3,22419.82
1571,906,3,13634.98
1572,546,1,34872.63
1572,402,2,47488.52
1573,947,2,48190.6
1574,296,1,46475.49
1575,672,3,6790.53
1575,177,1,28036.23
1576,429,1,10777.18
1576,421,3,3054.02
1577,635,3,23040.26
1578,969,2,27962.95
1578,24,3,11200.24
1579,701,2,35717.67
1579,94,1,6032.49
1580,399,3,25800.38
1580,566,1,45927.03
1581,741,1,26935.45
1581,896,1,20664.88
1582,331,1,32339.92
1582,136,1,44018.11
1582,301,1,8123.24
1583,618,2,16780.36
1584,513,3,23280.2
1584,657,2,35624.47
1584,114,1,21429.77
1585,8,3,19182.39
1585,767,3,48706.8
1585,34,2,16410.56
1586,395,2,14993.31
1586,73,2,40910.08
1587,796,3,44430.18
1588,450,3,49343.35
1588,493,1,9554.09
1589,743,2,34396.93
1589,788,2,35535.6
1589,41,3,32598.94
1590,439,1,16573.56
1590,807,1,32200.76
1591,594,1,4925.29
1591,772,3,28286.51
1592,146,1,38692.3
1592,935,2,18882.35
1593,711,2,18781.91
1593,76,3,31821.63
1594,351,3,17037.19
1594,303,2,31006.56
1595,582,3,48723.87
1595,282,1,5229.17
1596,27,2,29915.65
1596,227,3,4791.85
1597,734,3,48735.37
1597,163,3,27807.61
1598,302,3,4522.36
1598,159,3,47418.71
1599,394,2,14900.19
1600,598,3,8610.21
1600,311,1,19196.31
1600,152,2,46005.0
1601,530,2,29000.5
1601,416,3,3567.68
1602,160,3,27892.26
1602,602,2,42128.19
1603,497,3,24029.47
1603,664,2,12603.47
1603,174,1,41159.15
1604,970,1,12974.3
1605,154,2,12501.11
1606,666,2,4053.16
1606,202,2,2993.94
1607,13,3,42809.29
1607,861,3,42317.34
1608,681,1,22419.82
1609,520,3,43056.24
1609,69,3,49923.19
1609,278,3,45512.13
1610,58,3,21323.47
1610,458,1,5747.35
1610,581,1,49427.35
1611,959,3,43441.36
1612,468,1,15893.5
1612,182,3,12221.3
1613,195,3,22278.8
1614,136,1,44018.11
1614,536,1,9438.79
1614,311,1,19196.31
1615,476,3,14595.23
1615,101,1,33270.36
1616,490,1,49458.24
1617,556,3,41133.12
1618,10,3,48663.85
1619,908,2,13810.1
1620,651,2,5926.59
1620,630,1,32131.8
1621,505,1,27596.96
1621,647,2,42042.62
1622,661,2,13586.95
1623,282,3,5229.17
1624,115,1,28003.07
1624,775,2,16787.18
1625,482,1,38607.07
1625,508,1,5876.78
1625,168,2,14365.04
1626,454,3,46589.03
1626,351,3,17037.19
1626,654,1,43778.05
1627,219,3,39681.96
1627,315,2,35562.1
1628,702,3,20293.19
1628,308,1,3022.66
1629,197,2,20594.9
1629,785,1,30238.72
1630,334,3,23938.76
1630,980,2,47957.17
1631,744,1,41845.46
1631,276,2,23064.71
1632,380,2,37441.63
1632,149,3,17259.19
1632,314,2,43146.87
1633,436,2,16160.06
1633,577,2,33008.03
1634,992,2,19658.24
1634,419,3,6678.23
1635,281,3,26668.67
1635,20,1,10785.85
1636,853,2,3472.7
1637,334,3,23938.76
1637,572,3,769.67
1638,451,2,30242.41
1638,877,1,18843.14
1639,492,3,5898.54
1639,965,3,29542.75
1640,800,3,34950.68
1640,676,3,15302.72
1640,400,2,42478.86
1641,385,1,38876.66
1641,61,1,29333.63
1642,449,2,6694.57
1642,946,1,45820.74
1643,333,3,45479.78
1643,794,2,22728.98
1644,307,3,33456.49
1645,336,3,8876.18
1645,587,3,29417.99
1646,707,1,46254.0
1646,23,3,37426.59
1646,144,3,45428.9
1647,927,3,32772.64
1647,792,1,44124.0
1647,457,1,23902.16
1648,342,3,4350.65
1648,204,3,27596.22
1649,24,1,11200.24
1649,144,3,45428.9
1650,818,3,49417.51
1650,50,1,43232.69
1650,852,3,29810.5
1651,33,3,38196.79
1651,983,2,25584.16
1652,342,3,4350.65
1653,998,1,7078.16
1653,572,3,769.67
1654,90,2,45947.06
1654,588,3,39963.34
1654,945,3,44169.98
1655,442,2,48344.33
1655,838,2,43796.47
1656,156,1,1726.39
1656,667,1,37565.18
1656,339,3,39524.58
1657,710,2,47664.91
1657,758,1,12515.5
1658,849,2,42623.83
1659,155,1,37598.67
1659,266,3,39403.69
1660,670,1,11126.15
1660,682,3,21289.0
1661,889,1,22382.42
1661,591,1,18187.9
1661,157,1,17934.8
1662,617,1,32455.89
1663,71,2,18665.5
1663,336,1,8876.18
1664,435,1,6799.08
1664,278,1,45512.13
1665,921,2,46738.26
1666,455,3,37044.17
1666,889,3,22382.42
1667,409,1,7045.7
1667,204,2,27596.22
1668,180,3,28560.88
1669,167,1,37008.65
1669,775,1,16787.18
1670,768,2,26824.37
1670,325,1,31509.05
1671,369,2,30882.81
1671,490,3,49458.24
1672,390,2,40027.32
1673,370,2,41797.67
1674,668,3,16566.28
1674,308,1,3022.66
1674,235,3,22253.97
1675,17,2,19158.94
1675,975,3,25405.48
1675,988,3,34396.36
1676,255,1,32488.32
1677,144,2,45428.9
1677,712,1,45024.9
1678,758,3,12515.5
1679,162,1,34681.82
1679,430,1,1805.21
1680,829,3,23918.34
1681,806,2,39308.37
1681,167,1,37008.65
1681,31,2,38169.52
1682,272,1,1084.32
1682,637,1,5977.33
1682,329,2,3091.75
1683,893,1,36022.68
1684,781,3,35446.99
1684,613,3,22618.62
1685,919,1,33286.42
1686,992,2,19658.24
1687,550,3,49071.53
1687,451,3,30242.41
1687,138,1,11443.84
1688,264,3,14011.31
1688,132,3,49041.88
1688,331,2,32339.92
1689,490,3,49458.24
1689,505,3,27596.96
1690,825,1,43931.31
1690,965,1,29542.75
1691,414,2,24852.89
1692,257,1,49797.59
1693,998,3,7078.16
1693,474,3,28801.8
1694,274,1,38967.45
1694,779,2,5321.3
1694,922,2,8520.57
1695,958,1,27196.25
1695,872,3,31662.33
1696,814,1,15152.95
1696,203,1,25075.11
1697,244,2,32423.13
1697,166,1,37221.19
1697,407,3,6152.72
1698,644,3,42146.67
1698,891,2,33184.73
1699,270,2,27148.71
1699,559,1,1981.04
1700,947,2,48190.6
1700,346,1,32407.43
1701,791,3,22079.54
1701,563,1,24546.36
1701,468,3,15893.5
1702,65,2,21135.48
1702,801,2,14291.7
1703,97,2,19444.21
1703,233,1,32003.86
1704,895,2,13370.8
1705,963,3,944.37
1705,85,1,20496.96
1706,524,3,8009.53
1706,200,1,12844.22
1706,146,1,38692.3
1707,616,1,45745.74
1707,799,3,2961.72
1708,546,2,34872.63
1709,544,1,10681.79
1709,171,1,47221.25
1709,384,3,24083.0
1710,232,3,12269.24
1710,864,1,17957.58
1710,953,3,24174.39
1711,208,1,41657.52
1711,286,2,47693.55
1712,432,2,22841.14
1712,916,2,37258.1
1713,1,3,13968.96
1713,77,3,45295.22
1713,258,3,7042.5
1714,609,1,34181.12
1714,983,1,25584.16
1715,843,1,17409.18
1716,249,1,43558.73
1716,401,3,3641.5
1716,806,2,39308.37
1717,359,1,48323.53
1718,915,2,13302.16
1719,689,1,37696.55
1719,156,2,1726.39
1720,12,1,35317.22
1720,653,3,11161.53
1721,613,1,22618.62
1721,483,3,32748.77
1722,761,3,49706.14
1723,773,2,9025.17
1723,933,2,5142.62
1723,738,1,22802.07
1724,642,2,21325.03
1725,709,2,35482.66
1725,887,2,26876.25
1725,814,1,15152.95
1726,618,2,16780.36
1726,983,1,25584.16
1726,614,3,26858.06
1727,432,1,22841.14
1727,59,2,9737.92
1727,654,3,43778.05
1728,521,2,26583.47
1729,366,1,18933.16
1730,249,1,43558.73
1730,600,3,31364.17
1730,507,2,22503.37
1731,847,3,32474.37
1731,726,3,15404.29
1731,500,3,18169.74
1732,684,3,18567.82
1732,392,1,46238.23
1732,44,3,35479.7
1733,590,1,18226.8
1733,98,2,35526.63
1733,121,3,12190.52
1734,835,3,18883.34
1734,404,3,4121.21
1735,873,3,22767.05
1735,472,3,35337.92
1736,644,2,42146.67
1736,763,3,45660.05
1736,797,1,17096.14
1737,969,2,27962.95
1738,30,2,21907.83
1738,747,2,42773.68
1739,997,1,33137.94
1739,989,2,4649.79
1740,716,2,5414.37
1740,651,1,5926.59
1741,664,2,12603.47
1741,330,2,22760.12
1741,759,1,24107.84
1742,361,3,46734.39
1743,234,2,23423.09
1743,325,1,31509.05
1743,849,3,42623.83
1744,510,1,6077.13
1744,655,2,43151.32
1745,360,2,12725.16
1745,346,2,32407.43
1746,17,1,19158.94
1747,718,2,23746.7
1747,658,3,7219.98
1747,574,3,48699.84
1748,204,1,27596.22
1748,96,3,39385.48
1749,873,1,22767.05
1749,270,3,27148.71
1750,944,1,40817.63
1750,395,3,14993.31
1751,629,1,47935.59
1751,584,2,20016.14
1752,562,1,3304.37
1753,230,3,12436.61
1754,664,1,12603.47
1755,22,3,7239.63
1756,565,1,1151.99
1756,582,2,48723.87
1757,643,2,8593.22
1757,590,3,18226.8
1758,823,2,28459.72
1758,821,2,23070.41
1758,270,2,27148.71
1759,554,2,11731.93
1760,881,3,2572.2
1761,99,3,36055.67
1761,940,3,44620.19
1762,847,3,32474.37
1763,661,3,13586.95
1763,1000,1,43775.92
1764,472,2,35337.92
1764,634,3,43637.37
1764,449,2,6694.57
1765,574,2,48699.84
1766,489,1,28527.7
1766,889,1,22382.42
1766,724,3,42288.87
1767,584,3,20016.14
1767,259,1,29490.82
1768,783,1,34518.37
1768,966,2,36328.25
1769,714,2,22923.33
1769,691,2,4487.16
1770,969,3,27962.95
1770,417,3,38527.48
1770,148,3,21590.39
1771,55,2,42480.18
1771,730,3,38018.78
1771,773,1,9025.17
1772,543,3,40291.14
1772,424,1,47830.68
1773,793,1,41491.71
1773,778,1,18435.03
1773,184,3,1922.2
1774,92,1,43258.34
1775,702,2,20293.19
1775,397,2,43540.85
1776,188,2,37523.2
1776,99,1,36055.67
1776,319,3,4208.76
1777,189,2,23594.29
1777,267,1,3709.92
1778,84,2,12701.63
1778,348,1,24467.66
1779,63,3,3677.65
1779,571,2,19149.42
1779,61,1,29333.63
1780,13,2,42809.29
1780,5,2,11255.9
1780,335,1,40605.05
1781,880,1,25315.82
1781,72,1,15335.1
1782,224,2,20054.92
1783,615,1,39598.83
1783,384,2,24083.0
1783,588,3,39963.34
1784,153,2,41339.01
1785,910,1,36402.63
1785,982,2,14356.6
1785,813,2,34447.28
1786,531,1,43850.04
1787,159,3,47418.71
1788,675,2,49594.36
1788,562,2,3304.37
1789,347,2,18321.1
1789,253,1,41174.14
1790,814,1,15152.95
1790,414,2,24852.89
1791,831,3,24733.47
1791,864,3,17957.58
1791,932,3,31101.97
1792,671,2,16346.4
1793,545,2,46876.84
1793,535,3,34906.53
1794,459,1,44968.73
1794,782,2,33376.92
1795,387,2,25914.56
1795,85,1,20496.96
1796,625,2,17610.52
1796,399,2,25800.38
1797,716,3,5414.37
1797,57,1,407.12
1798,602,3,42128.19
1798,766,3,49579.11
1799,548,1,26822.41
1799,29,2,13561.21
1800,54,3,2814.24
1800,844,2,19512.31
1800,846,3,20652.51
1801,380,3,37441.63
1802,469,1,27449.78
1803,732,2,48636.19
1803,209,1,13889.22
1804,945,2,44169.98
1805,298,1,603.46
1806,852,2,29810.5
1806,339,1,39524.58
1806,182,2,12221.3
1807,146,3,38692.3
1808,945,2,44169.98
1809,642,3,21325.03
1809,318,3,5561.4
1809,210,2,27697.87
1810,424,2,47830.68
1810,387,1,25914.56
1811,11,3,41521.41
1812,460,3,13496.86
1812,132,3,49041.88
1813,163,2,27807.61
1814,967,2,49177.63
1814,758,3,12515.5
1815,550,2,49071.53
1815,294,3,14144.84
1816,843,1,17409.18
1817,206,1,8171.39
1817,131,2,34053.35
1817,531,2,43850.04
1818,398,1,32081.62
1819,248,2,41574.49
1819,447,2,27795.18
1819,631,3,30821.11
1820,679,3,4832.6
1820,957,1,12752.88
1821,583,1,41982.13
1821,15,2,10712.5
1822,359,3,48323.53
1822,474,1,28801.8
1822,206,2,8171.39
1823,66,1,46754.9
1824,739,1,39062.87
1824,450,2,49343.35
1825,295,1,40975.81
1825,571,1,19149.42
1826,702,1,20293.19
1827,738,1,22802.07
1828,147,1,49197.06
1828,924,3,27659.63
1829,60,2,27247.1
1830,781,3,35446.99
1830,644,3,42146.67
1830,37,1,3739.86
1831,960,2,32461.84
1831,586,2,27785.97
1831,661,3,13586.95
1832,244,3,32423.13
1832,700,2,46152.19
1832,503,2,11190.69
1833,157,2,17934.8
1833,466,1,43679.04
1833,550,1,49071.53
1834,991,2,22720.95
1835,22,2,7239.63
1835,443,1,2811.86
1836,555,1,32834.02
1836,873,2,22767.05
1837,965,2,29542.75
1837,416,2,3567.68
1838,398,2,32081.62
1838,475,2,17453.19
1839,543,1,40291.14
1840,200,3,12844.22
1841,475,2,17453.19
1841,562,2,3304.37
1842,482,3,38607.07
1842,112,3,44341.0
1843,794,2,22728.98
1843,891,1,33184.73
1843,639,1,4512.17
1844,676,3,15302.72
1844,394,2,14900.19
1844,960,1,32461.84
1845,396,3,34581.31
1845,582,1,48723.87
1846,788,3,35535.6
1846,160,2,27892.26
1847,422,2,8483.46
1848,781,2,35446.99
1848,954,2,43910.62
1849,753,1,41519.0
1849,644,3,42146.67
1850,9,1,40414.28
1851,924,1,27659.63
1851,366,3,18933.16
1852,68,3,46472.21
1852,372,2,2673.15
1853,347,1,18321.1
1853,721,2,4170.99
1854,923,1,16745.47
1854,902,1,5260.5
1855,420,3,38458.75
1855,163,3,27807.61
1855,576,2,2614.13
1856,926,1,25073.27
1856,256,3,20592.3
1857,774,1,30202.64
1857,41,2,32598.94
1858,21,3,25111.79
1859,452,3,2234.02
1859,599,1,39198.53
1860,970,2,12974.3
1860,688,2,34422.34
1860,581,1,49427.35
1861,640,2,15477.39
1862,958,3,27196.25
1863,729,1,11879.99
1863,812,2,27814.01
1864,637,3,5977.33
1864,913,2,34317.87
1865,526,2,3644.36
1866,327,1,48557.36
1867,270,2,27148.71
1867,460,2,13496.86
1868,673,1,5248.86
1868,470,2,9855.53
1868,676,3,15302.72
1869,640,3,15477.39
1869,11,1,41521.41
1869,753,2,41519.0
1870,398,3,32081.62
1870,37,3,3739.86
1871,823,2,28459.72
1871,525,2,33111.82
1872,737,1,13271.25
1872,268,2,11032.78
1872,566,2,45927.03
1873,688,3,34422.34
1873,87,2,36907.25
1874,831,1,24733.47
1875,182,2,12221.3
1876,798,1,47139.38
1876,90,1,45947.06
1876,885,3,1389.09
1877,931,1,11379.03
1877,633,1,37690.58
1878,472,2,35337.92
1878,647,3,42042.62
1878,895,1,13370.8
1879,205,3,1734.81
1879,941,1,48203.58
1880,4,3,30220.33
1880,444,1,26973.53
1880,811,1,17386.43
1881,641,1,19606.62
1881,543,2,40291.14
1882,620,2,34476.92
1882,724,2,42288.87
1882,191,3,44504.32
1883,454,1,46589.03
1883,190,1,27137.08
1883,520,1,43056.24
1884,556,3,41133.12
1885,780,1,36697.9
1886,234,2,23423.09
1886,167,3,37008.65
1887,519,2,4288.42
1887,656,1,40650.88
1888,247,1,27108.57
1888,544,3,10681.79
1889,773,1,9025.17
1890,925,1,23117.0
1890,751,3,13163.39
1891,783,3,34518.37
1892,91,3,1476.12
1892,327,2,48557.36
1893,68,2,46472.21
1893,583,3,41982.13
1894,831,2,24733.47
1894,492,2,5898.54
1895,763,1,45660.05
1895,195,3,22278.8
1896,477,2,32901.81
1896,902,2,5260.5
1897,413,2,11444.81
1897,475,2,17453.19
1897,890,1,35182.85
1898,973,1,28762.05
1898,26,2,34119.92
1899,410,1,22422.03
1899,375,2,21633.17
1900,155,1,37598.67
1900,608,1,46623.74
1900,969,1,27962.95
1901,346,1,32407.43
1902,850,3,15316.61
1903,742,2,23328.33
1903,512,2,25808.42
1904,682,2,21289.0
1904,62,1,48050.71
1905,623,1,20973.98
1905,297,1,13881.54
1906,427,2,42173.74
1906,503,3,11190.69
1906,14,1,31893.52
1907,440,1,8219.32
1907,627,3,17350.97
1908,383,3,17125.8
1908,827,1,7449.48
1909,19,2,1895.38
1909,458,2,5747.35
1910,240,2,28426.67
1910,932,3,31101.97
1911,288,2,37018.16
1911,569,3,12387.43
1912,131,2,34053.35
1913,235,3,22253.97
1913,726,1,15404.29
1913,608,1,46623.74
1914,321,1,25644.62
1914,524,2,8009.53
1914,902,1,5260.5
1915,474,3,28801.8
1915,618,2,16780.36
1916,811,2,17386.43
1916,789,3,13481.06
1917,486,1,36238.95
1917,253,3,41174.14
1918,495,2,32044.67
1918,576,2,2614.13
1918,150,2,48051.14
1919,844,3,19512.31
1919,831,1,24733.47
1920,303,1,31006.56
1920,752,3,45154.06
1921,290,2,17873.82
1921,255,2,32488.32
1922,268,1,11032.78
1923,660,2,16385.58
1924,152,3,46005.0
1924,458,2,5747.35
1925,322,2,47923.7
1925,111,2,49201.62
1926,292,3,10873.12
1926,167,1,37008.65
1927,889,2,22382.42
1928,852,3,29810.5
1929,662,2,39348.85
1929,332,1,19408.78
1930,660,2,16385.58
1930,290,3,17873.82
1931,58,3,21323.47
1931,741,1,26935.45
1931,735,2,6935.64
1932,105,3,14559.61
1933,773,2,9025.17
1934,352,1,19022.98
1935,427,3,42173.74
1936,843,1,17409.18
1937,782,2,33376.92
1938,572,1,769.67
1938,25,3,37862.37
1939,44,1,35479.7
1939,225,1,47720.74
1940,331,3,32339.92
1940,397,3,43540.85
1941,505,3,27596.96
1941,25,3,37862.37
1942,205,3,1734.81
1943,8,3,19182.39
1943,358,1,14304.06
1944,849,2,42623.83
1944,169,1,18235.79
1945,763,2,45660.05
1945,638,3,40742.79
1945,289,2,47844.24
1946,773,2,9025.17
1946,623,1,20973.98
1946,263,2,45114.3
1947,293,2,5678.45
1948,688,2,34422.34
1948,525,1,33111.82
1948,789,1,13481.06
1949,761,1,49706.14
1949,956,1,13568.82
1949,896,3,20664.88
1950,691,3,4487.16
1950,220,2,6574.44
1950,908,2,13810.1
1951,581,2,49427.35
1951,912,1,19173.61
1952,850,1,15316.61
1953,738,3,22802.07
1953,398,2,32081.62
1954,170,2,13933.27
1954,943,2,46081.77
1955,684,1,18567.82
1955,878,1,1190.43
1956,32,3,32055.79
1957,953,2,24174.39
1957,1,2,13968.96
1957,311,3,19196.31
1958,377,1,3663.66
1959,898,1,436.08
1959,382,2,37906.94
1960,36,1,43937.08
1961,955,1,1556.03
1961,909,1,44340.36
1962,812,2,27814.01
1962,32,1,32055.79
1962,902,1,5260.5
1963,891,3,33184.73
1964,720,3,12638.68
1965,221,2,42298.46
1965,67,3,19970.56
1966,851,2,5384.91
1966,477,1,32901.81
1967,673,2,5248.86
1967,65,3,21135.48
1967,983,2,25584.16
1968,25,1,37862.37
1968,688,1,34422.34
1968,279,3,7672.19
1969,46,2,33548.2
1969,895,3,13370.8
1969,577,3,33008.03
1970,761,2,49706.14
1970,49,2,33051.44
1971,484,1,48206.53
1971,558,2,27463.35
1972,554,2,11731.93
1972,150,3,48051.14
1973,412,2,8128.01
1974,152,3,46005.0
1974,834,2,10806.11
1975,443,3,2811.86
1975,89,2,2224.61
1976,661,3,13586.95
1976,478,3,41449.2
1976,462,1,31562.55
1977,881,1,2572.2
1977,641,3,19606.62
1978,164,3,17784.98
1978,872,1,31662.33
1978,818,1,49417.51
1979,430,1,1805.21
1980,590,2,18226.8
1980,5,3,11255.9
1981,701,2,35717.67
1981,727,2,29707.04
1982,383,2,17125.8
1982,562,3,3304.37
1982,960,3,32461.84
1983,768,3,26824.37
1983,418,1,32224.23
1984,855,1,26009.49
1984,711,3,18781.91
1985,820,1,27951.3
1985,111,1,49201.62
1985,508,3,5876.78
1986,311,1,19196.31
1986,846,3,20652.51
1987,25,2,37862.37
1987,17,1,19158.94
1987,32,1,32055.79
1988,69,2,49923.19
1988,260,1,5221.38
1989,11,3,41521.41
1989,715,2,28474.24
1990,439,3,16573.56
1991,608,3,46623.74
1991,43,2,27829.9
1992,262,2,47542.59
1992,718,2,23746.7
1993,706,3,22043.06
1994,702,2,20293.19
1994,503,1,11190.69
1994,28,2,43080.75
1995,557,1,36718.78
1995,95,1,2201.38
1996,97,2,19444.21
1996,466,3,43679.04
1997,36,3,43937.08
1997,331,3,32339.92
1997,318,2,5561.4
1998,701,1,35717.67
1999,958,2,27196.25
1999,519,1,4288.42
2000,579,2,8373.78
2001,50,3,43232.69
2001,260,1,5221.38
2002,463,2,34132.13
2003,340,2,4996.95
2004,79,2,48995.96
2004,204,1,27596.22
2004,494,1,33817.74
2005,928,2,27989.41
2005,181,1,10627.06
2005,792,2,44124.0
2006,598,1,8610.21
2006,866,3,23348.9
2006,506,2,12599.03
2007,104,1,28584.53
2007,169,3,18235.79
2007,143,3,5672.51
2008,814,2,15152.95
2008,716,1,5414.37
2009,651,1,5926.59
2009,557,2,36718.78
2010,719,1,2057.57
2010,433,1,20956.4
2011,367,3,35820.8
2011,487,1,9036.7
2011,411,1,3527.47
2012,192,3,1585.49
2013,383,2,17125.8
2013,571,1,19149.42
2013,270,3,27148.71
2014,41,1,32598.94
2015,719,2,2057.57
2016,13,3,42809.29
2016,116,3,23392.77
2017,902,1,5260.5
2018,821,3,23070.41
2018,219,2,39681.96
2018,194,2,38226.52
2019,567,3,31103.11
2020,150,3,48051.14
2020,684,1,18567.82
2020,131,1,34053.35
2021,580,3,44857.33
2021,169,2,18235.79
2021,253,3,41174.14
2022,417,2,38527.48
2022,62,1,48050.71
2022,771,2,35261.61
2023,744,2,41845.46
2024,231,1,9000.95
2024,767,2,48706.8
2024,930,3,33672.28
2025,662,3,39348.85
2025,893,1,36022.68
2025,774,1,30202.64
2026,77,3,45295.22
2026,444,1,26973.53
2027,914,1,5912.99
2028,403,2,22661.15
2028,288,3,37018.16
2029,857,3,25019.43
2029,549,2,25786.98
2030,524,3,8009.53
2030,500,3,18169.74
2030,396,3,34581.31
2031,677,3,4396.3
2031,805,1,14803.03
2032,999,3,7460.55
2032,351,3,17037.19
2033,275,2,25340.78
2034,321,2,25644.62
2034,950,1,10722.72
2035,197,3,20594.9
2035,846,3,20652.51
2035,344,2,35529.05
2036,675,3,49594.36
2036,193,1,49978.75
2037,704,3,46069.97
2038,210,2,27697.87
2038,818,3,49417.51
2039,898,3,436.08
2039,299,1,7351.17
2040,346,3,32407.43
2040,188,2,37523.2
2041,278,3,45512.13
2041,955,2,1556.03
2042,74,2,6036.8
2043,403,1,22661.15
2043,4,2,30220.33
2043,69,2,49923.19
2044,841,3,1818.99
2044,284,3,17144.9
2045,438,3,43248.94
2046,397,1,43540.85
2046,321,1,25644.62
2047,56,1,10923.24
2047,43,2,27829.9
2048,803,1,489.63
2049,41,3,32598.94
2049,913,3,34317.87
2050,640,2,15477.39
2050,737,2,13271.25
2051,619,3,13159.3
2052,861,1,42317.34
2052,243,1,33984.89
2053,176,2,28273.13
2053,826,1,30565.42
2054,94,3,6032.49
2054,585,2,13884.35
2054,759,2,24107.84
2055,227,3,4791.85
2055,248,1,41574.49
2055,471,1,11475.89
2056,245,3,18433.6
2057,870,1,17330.69
2057,396,1,34581.31
2057,457,1,23902.16
2058,454,3,46589.03
2058,154,2,12501.11
2059,555,2,32834.02
2059,784,1,47450.3
2060,897,2,45544.72
2060,537,2,11499.62
2061,859,3,9738.78
2061,453,1,23012.33
2062,858,3,19597.26
2063,213,2,41081.31
2063,224,2,20054.92
2064,921,2,46738.26
2064,237,3,15315.45
2065,958,3,27196.25
2066,731,1,26631.78
2067,21,2,25111.79
2067,503,3,11190.69
2068,262,2,47542.59
2069,267,1,3709.92
2069,491,1,42597.67
2069,162,3,34681.82
2070,201,1,49409.52
2070,867,2,31829.52
2071,725,1,696.07
2072,257,3,49797.59
2072,82,2,27760.5
2073,447,2,27795.18
2074,320,1,39022.16
2075,636,3,15876.18
2075,54,3,2814.24
2075,587,1,29417.99
2076,917,1,43695.24
2076,172,1,909.59
2076,242,3,17810.35
2077,276,1,23064.71
2077,837,3,42609.38
2078,378,1,49420.07
2078,741,1,26935.45
2079,9,2,40414.28
2080,833,1,36521.33
2081,139,1,10208.23
2082,248,2,41574.49
2082,883,3,18154.77
2082,624,2,15800.95
2083,113,3,20162.75
2084,44,2,35479.7
2084,69,1,49923.19
2085,502,2,6135.56
2085,694,3,32414.64
2086,478,3,41449.2
2086,986,2,31458.57
2086,663,3,43344.12
2087,770,3,12056.59
2087,258,2,7042.5
2088,825,1,43931.31
2088,38,1,33089.62
2089,119,2,43116.3
2089,619,2,13159.3
2089,926,2,25073.27
2090,204,1,27596.22
2090,769,1,42371.3
2091,461,3,36153.59
2091,886,3,35642.17
2092,251,1,4788.05
2092,146,1,38692.3
2093,478,2,41449.2
2093,730,2,38018.78
2094,983,1,25584.16
2095,945,2,44169.98
2095,104,1,28584.53
2095,303,2,31006.56
2096,894,3,5581.31
2096,444,2,26973.53
2096,80,2,21556.04
2097,957,2,12752.88
2097,890,1,35182.85
2098,519,1,4288.42
2098,170,1,13933.27
2099,62,3,48050.71
2099,26,1,34119.92
2100,414,2,24852.89
2101,335,2,40605.05
2101,292,1,10873.12
2102,449,2,6694.57
2103,799,3,2961.72
2104,992,2,19658.24
2104,158,2,35148.83
2105,651,1,5926.59
2105,274,1,38967.45
2106,394,2,14900.19
2107,13,1,42809.29
2108,819,1,29873.87
2109,939,1,37930.32
2110,39,2,43659.92
2111,480,1,2823.04
2112,686,2,28295.57
2113,382,2,37906.94
2113,872,2,31662.33
2114,834,3,10806.11
2114,760,3,21135.97
2114,339,2,39524.58
2115,734,3,48735.37
2115,604,3,16237.06
2116,252,1,6442.36
2116,232,2,12269.24
2117,308,3,3022.66
2117,511,2,44974.8
2117,997,1,33137.94
2118,264,1,14011.31
2118,110,3,40386.18
2118,844,1,19512.31
2119,255,1,32488.32
2119,476,1,14595.23
2119,927,3,32772.64
2120,410,3,22422.03
2120,430,2,1805.21
2121,493,3,9554.09
2122,59,2,9737.92
2122,447,1,27795.18
2122,416,2,3567.68
2123,380,2,37441.63
2123,122,1,13804.24
2124,982,3,14356.6
2124,406,1,36863.04
2125,250,3,37781.33
2126,335,3,40605.05
2127,85,3,20496.96
2128,919,3,33286.42
2128,95,3,2201.38
2129,182,1,12221.3
2130,696,3,44469.61
2130,703,2,7888.22
2130,941,3,48203.58
2131,318,2,5561.4
2132,41,1,32598.94
2132,630,1,32131.8
2133,503,2,11190.69
2133,111,3,49201.62
2134,852,2,29810.5
2134,628,1,8970.33
2135,162,3,34681.82
2135,659,3,17735.53
2135,795,1,13278.05
2136,33,2,38196.79
2136,403,3,22661.15
2137,368,2,14557.91
2137,975,2,25405.48
2137,522,3,1429.95
2138,953,2,24174.39
2138,241,3,24987.35
2139,721,1,4170.99
2139,159,1,47418.71
2140,111,2,49201.62
2141,789,2,13481.06
2142,494,2,33817.74
2143,966,3,36328.25
2143,688,3,34422.34
2144,918,3,21812.54
2144,485,1,4746.2
2145,68,1,46472.21
2146,399,2,25800.38
2146,192,2,1585.49
2146,833,3,36521.33
2147,332,1,19408.78
2147,461,2,36153.59
2148,323,3,7578.28
2148,982,3,14356.6
2149,978,2,49832.56
2149,257,1,49797.59
2150,44,1,35479.7
2150,906,1,13634.98
2151,930,1,33672.28
2151,208,2,41657.52
2151,739,1,39062.87
2152,352,3,19022.98
2152,820,2,27951.3
2153,845,3,11301.15
2153,993,1,36098.2
2154,879,3,43886.16
2154,755,3,1765.27
2155,605,3,9128.57
2155,628,1,8970.33
2155,949,2,35164.27
2156,466,3,43679.04
2156,988,3,34396.36
2156,737,2,13271.25
2157,292,1,10873.12
2157,341,2,36269.56
2158,486,2,36238.95
2158,850,2,15316.61
2159,946,3,45820.74
2159,323,1,7578.28
2160,873,1,22767.05
2160,40,3,36577.57
2160,837,3,42609.38
2161,235,1,22253.97
2162,407,2,6152.72
2162,3,1,1879.6
2163,549,3,25786.98
2163,834,2,10806.11
2163,922,1,8520.57
2164,786,2,46853.38
2164,656,3,40650.88
2165,219,3,39681.96
2165,547,2,27738.34
2165,678,1,31392.53
2166,575,1,45093.27
2166,744,3,41845.46
2166,337,3,26280.58
2167,337,1,26280.58
2167,663,2,43344.12
2168,749,3,41569.5
2168,265,2,10841.66
2168,174,3,41159.15
2169,209,2,13889.22
2169,747,1,42773.68
2169,168,2,14365.04
2170,655,1,43151.32
2170,71,1,18665.5
2171,977,2,18231.65
2171,246,1,37449.8
2171,68,1,46472.21
2172,785,3,30238.72
2173,630,1,32131.8
2173,285,2,5025.77
2174,826,1,30565.42
2175,933,3,5142.62
2175,936,1,7280.32
2176,535,3,34906.53
2176,835,3,18883.34
2177,647,2,42042.62
2177,360,2,12725.16
2177,31,2,38169.52
2178,413,1,11444.81
2178,218,1,37311.85
2179,766,1,49579.11
2179,715,3,28474.24
2180,800,2,34950.68
2180,507,2,22503.37
2180,571,2,19149.42
2181,38,1,33089.62
2181,464,3,1241.19
2181,193,2,49978.75
2182,665,3,28998.05
2182,347,1,18321.1
2182,426,2,7963.46
2183,99,3,36055.67
2184,140,2,6573.18
2185,780,1,36697.9
2185,349,3,15000.87
2186,325,3,31509.05
2186,252,2,6442.36
2186,320,2,39022.16
2187,308,3,3022.66
2188,836,1,15762.82
2188,389,2,39107.83
2189,999,1,7460.55
2189,544,2,10681.79
2189,373,2,5809.64
2190,292,2,10873.12
2191,954,3,43910.62
2191,538,1,28250.58
2191,618,2,16780.36
2192,342,2,4350.65
2193,597,1,13665.27
2193,820,1,27951.3
2194,564,1,888.99
2194,773,3,9025.17
2194,555,3,32834.02
2195,305,3,13876.39
2195,929,3,31985.64
2196,954,2,43910.62
2196,42,2,12620.91
2197,54,1,2814.24
2198,5,2,11255.9
2198,110,1,40386.18
2198,913,2,34317.87
2199,271,3,1038.56
2199,163,3,27807.61
2200,173,1,17233.08
2201,107,1,23817.35
2201,646,2,32757.57
2202,756,3,10971.39
2203,698,2,34242.22
2203,536,3,9438.79
2204,505,1,27596.96
2204,561,2,7806.17
2204,244,1,32423.13
2205,541,2,36311.86
2206,422,2,8483.46
2206,933,2,5142.62
2206,593,1,20579.8
2207,431,2,47845.51
2208,118,2,41579.29
2209,132,3,49041.88
2210,991,1,22720.95
2210,688,1,34422.34
2211,763,1,45660.05
2211,48,3,39295.59
2211,749,2,41569.5
2212,116,3,23392.77
2213,850,1,15316.61
2213,713,2,3474.44
2214,151,3,9054.01
2214,742,1,23328.33
2215,388,3,37738.56
2215,676,2,15302.72
2215,532,2,15234.9
2216,212,2,39563.31
2216,399,1,25800.38
2217,249,2,43558.73
2217,502,2,6135.56
2217,501,1,15548.28
2218,63,1,3677.65
2218,801,3,14291.7
2219,114,2,21429.77
2220,788,1,35535.6
2221,601,2,5616.53
2221,466,2,43679.04
2222,885,2,1389.09
2223,165,1,11757.74
2223,492,2,5898.54
2224,661,2,13586.95
2224,498,1,12005.41
2225,149,2,17259.19
2225,113,3,20162.75
2226,279,3,7672.19
2226,883,3,18154.77
2227,65,1,21135.48
2227,581,1,49427.35
2228,776,3,35931.8
2228,981,3,47265.89
2228,685,3,40724.39
2229,643,1,8593.22
2229,509,1,26972.01
2229,542,1,33781.49
2230,430,2,1805.21
2230,582,1,48723.87
2231,314,3,43146.87
2232,279,1,7672.19
2232,601,3,5616.53
2233,579,1,8373.78
2233,578,2,29475.69
2233,366,2,18933.16
2234,47,2,46795.06
2235,342,2,4350.65
2236,707,1,46254.0
2236,79,3,48995.96
2237,45,2,43023.88
2237,210,2,27697.87
2238,698,3,34242.22
2239,220,1,6574.44
2240,941,3,48203.58
2241,603,2,21701.63
2242,243,1,33984.89
2242,627,1,17350.97
2243,765,1,44819.51
2243,645,1,24385.06
2244,674,3,46492.81
2244,776,3,35931.8
2245,222,2,36205.46
2245,815,2,45052.62
2246,948,2,20813.45
2246,590,1,18226.8
2247,772,3,28286.51
2247,464,1,1241.19
2247,570,1,41454.69
2248,22,2,7239.63
2248,684,1,18567.82
2249,47,3,46795.06
2250,136,2,44018.11
2251,634,1,43637.37
2251,138,1,11443.84
2252,643,2,8593.22
2253,65,1,21135.48
2254,36,3,43937.08
2255,112,1,44341.0
2255,87,1,36907.25
2255,783,1,34518.37
2256,717,1,25588.6
2256,833,2,36521.33
2257,694,3,32414.64
2257,544,3,10681.79
2258,609,3,34181.12
2259,436,2,16160.06
2259,177,2,28036.23
2259,626,2,3638.56
2260,818,1,49417.51
2260,791,1,22079.54
2260,856,2,33128.36
2261,950,3,10722.72
2261,94,1,6032.49
2262,236,3,48112.84
2262,755,1,1765.27
2262,718,3,23746.7
2263,730,1,38018.78
2263,756,1,10971.39
2264,819,1,29873.87
2264,130,3,21961.05
2264,247,3,27108.57
2265,566,1,45927.03
2266,268,2,11032.78
2267,438,2,43248.94
2268,809,1,23413.38
2269,640,1,15477.39
2269,453,2,23012.33
2270,779,2,5321.3
2271,868,2,44504.48
2272,28,3,43080.75
2273,32,1,32055.79
2273,86,3,8376.34
2273,331,3,32339.92
2274,493,1,9554.09
2274,976,2,4869.69
2275,59,3,9737.92
2275,807,3,32200.76
2276,362,2,4468.59
2276,321,3,25644.62
2277,297,2,13881.54
2277,771,2,35261.61
2278,615,3,39598.83
2278,685,2,40724.39
2278,591,2,18187.9
2279,155,2,37598.67
2279,180,3,28560.88
2280,481,3,5279.84
2280,42,2,12620.91
2281,3,2,1879.6
2281,678,1,31392.53
2282,371,3,5825.99
2282,742,2,23328.33
2283,126,2,1270.74
2283,242,1,17810.35
2284,330,2,22760.12
2285,175,3,31583.45
2285,804,2,10223.84
2286,641,1,19606.62
2286,482,2,38607.07
2287,629,2,47935.59
2287,572,3,769.67
2288,640,3,15477.39
2289,190,1,27137.08
2289,129,2,30281.65
2289,67,1,19970.56
2290,855,1,26009.49
2290,542,3,33781.49
2291,641,3,19606.62
2292,561,2,7806.17
2292,972,2,46639.38
2293,388,1,37738.56
2293,736,3,3395.46
2294,159,3,47418.71
2295,695,3,5903.36
2295,303,1,31006.56
2296,749,2,41569.5
2296,315,2,35562.1
2297,775,2,16787.18
2297,735,3,6935.64
2297,134,3,43382.51
2298,318,2,5561.4
2299,400,2,42478.86
2300,364,2,22721.06
2300,969,2,27962.95
2301,808,1,18659.26
2302,700,2,46152.19
2302,192,1,1585.49
2303,685,2,40724.39
2303,87,2,36907.25
2304,298,3,603.46
2305,939,1,37930.32
2305,941,1,48203.58
2306,715,3,28474.24
2307,340,1,4996.95
2307,743,2,34396.93
2307,996,3,38334.13
2308,349,2,15000.87
2308,39,3,43659.92
2309,245,1,18433.6
2309,210,1,27697.87
2309,939,2,37930.32
2310,323,3,7578.28
2311,145,1,29727.26
2312,539,3,19604.43
2312,478,1,41449.2
2313,247,3,27108.57
2313,608,3,46623.74
2313,94,1,6032.49
2314,331,1,32339.92
2314,232,2,12269.24
2315,86,3,8376.34
2316,336,1,8876.18
2316,399,2,25800.38
2317,566,3,45927.03
2317,738,1,22802.07
2318,28,1,43080.75
2319,115,1,28003.07
2319,563,3,24546.36
2320,387,2,25914.56
2321,747,3,42773.68
2321,291,1,30140.38
2322,4,3,30220.33
2322,904,3,42606.92
2323,355,1,14460.92
2323,138,1,11443.84
2324,892,3,30400.03
2324,539,2,19604.43
2324,655,1,43151.32
2325,543,2,40291.14
2326,775,1,16787.18
2326,418,1,32224.23
2327,622,1,17444.88
2327,617,1,32455.89
2327,518,1,49644.97
2328,79,2,48995.96
2328,95,1,2201.38
2329,134,3,43382.51
2329,533,2,45605.41
2330,646,2,32757.57
2330,22,1,7239.63
2330,797,2,17096.14
2331,810,1,7811.19
2331,762,3,35754.52
2332,437,1,12621.57
2332,800,1,34950.68
2333,533,2,45605.41
2333,907,2,17333.32
2333,209,2,13889.22
2334,782,1,33376.92
2334,28,3,43080.75
2334,396,2,34581.31
2335,103,1,6626.2
2335,976,1,4869.69
2336,838,3,43796.47
2336,441,3,25019.3
2337,642,2,21325.03
2338,147,1,49197.06
2338,637,3,5977.33
2339,42,1,12620.91
2339,119,2,43116.3
2340,459,1,44968.73
2340,799,2,2961.72
2341,935,3,18882.35
2341,564,1,888.99
2341,755,2,1765.27
2342,630,1,32131.8
2342,742,1,23328.33
2343,711,3,18781.91
2343,19,1,1895.38
2344,725,2,696.07
2344,67,2,19970.56
2345,464,2,1241.19
2346,613,3,22618.62
2346,724,3,42288.87
2347,587,2,29417.99
2347,828,3,44511.84
2348,778,3,18435.03
2348,615,3,39598.83
2349,468,3,15893.5
2349,92,2,43258.34
2349,911,1,24288.94
2350,653,3,11161.53
2350,975,1,25405.48
2351,22,3,7239.63
2352,999,1,7460.55
2352,878,1,1190.43
2353,800,1,34950.68
2354,441,3,25019.3
2354,414,3,24852.89
2355,717,3,25588.6
2355,24,2,11200.24
2356,783,2,34518.37
2357,179,1,45452.67
2357,768,2,26824.37
2358,533,1,45605.41
2358,622,2,17444.88
2359,666,3,4053.16
2359,250,1,37781.33
2359,921,3,46738.26
2360,839,2,22985.5
2361,418,3,32224.23
2361,909,1,44340.36
2362,445,1,36457.15
2362,350,3,27126.61
2363,605,2,9128.57
2364,273,3,21221.74
2364,96,2,39385.48
2365,75,1,14303.29
2365,946,1,45820.74
2366,689,3,37696.55
2366,851,1,5384.91
2367,586,1,27785.97
2367,345,2,32281.62
2368,555,1,32834.02
2369,871,2,43160.98
2369,522,3,1429.95
2370,983,1,25584.16
2371,684,3,18567.82
2372,399,1,25800.38
2372,65,2,21135.48
2372,57,3,407.12
2373,834,2,10806.11
2373,627,1,17350.97
2374,58,3,21323.47
2374,627,2,17350.97
2375,879,2,43886.16
2375,756,1,10971.39
2376,645,3,24385.06
2377,658,1,7219.98
2377,422,1,8483.46
2377,643,3,8593.22
2378,18,2,16416.85
2379,167,1,37008.65
2380,744,2,41845.46
2380,413,3,11444.81
2380,782,1,33376.92
2381,818,1,49417.51
2382,846,2,20652.51
2382,486,1,36238.95
2383,69,2,49923.19
2383,788,1,35535.6
2383,797,2,17096.14
2384,69,1,49923.19
2384,994,1,42458.09
2385,136,2,44018.11
2386,354,2,18405.68
2387,476,1,14595.23
2387,11,3,41521.41
2387,210,1,27697.87
2388,116,1,23392.77
2389,686,2,28295.57
2389,326,2,34152.33
2389,136,3,44018.11
2390,195,2,22278.8
2390,224,1,20054.92
2391,271,3,1038.56
2392,593,2,20579.8
2393,523,1,26737.1
2393,45,2,43023.88
2394,463,1,34132.13
2395,482,3,38607.07
2396,759,3,24107.84
2396,810,3,7811.19
2396,512,1,25808.42
2397,166,3,37221.19
2398,604,1,16237.06
2398,550,1,49071.53
2398,848,3,30534.69
2399,430,3,1805.21
2399,176,2,28273.13
2399,587,3,29417.99
2400,622,1,17444.88
2400,449,2,6694.57
2401,553,1,36084.59
2401,249,3,43558.73
2401,898,1,436.08
2402,30,1,21907.83
2402,347,3,18321.1
2403,505,3,27596.96
2403,805,3,14803.03
2404,698,1,34242.22
2404,950,2,10722.72
2405,961,1,39902.63
2405,509,2,26972.01
2406,812,1,27814.01
2407,148,3,21590.39
2407,87,1,36907.25
2408,691,1,4487.16
2408,164,2,17784.98
2409,796,3,44430.18
2409,344,2,35529.05
2410,584,1,20016.14
2411,960,1,32461.84
2411,179,3,45452.67
2412,468,3,15893.5
2412,774,1,30202.64
2413,275,2,25340.78
2413,241,3,24987.35
2414,889,1,22382.42
2414,17,1,19158.94
2415,818,3,49417.51
2415,35,3,49270.47
2415,975,3,25405.48
2416,999,3,7460.55
2416,737,3,13271.25
2417,664,3,12603.47
2417,134,2,43382.51
2417,306,3,21666.71
2418,663,2,43344.12
2418,87,2,36907.25
2419,986,1,31458.57
2419,830,3,40924.08
2420,184,3,1922.2
2420,241,2,24987.35
2421,788,3,35535.6
2422,282,1,5229.17
2422,390,3,40027.32
2423,473,3,46704.91
2423,507,3,22503.37
2424,639,3,4512.17
2425,866,1,23348.9
2425,158,2,35148.83
2426,768,3,26824.37
2426,40,3,36577.57
2427,659,1,17735.53
2428,54,3,2814.24
2429,889,2,22382.42
2429,370,2,41797.67
2430,583,1,41982.13
2430,40,3,36577.57
2431,181,2,10627.06
2431,798,2,47139.38
2431,765,2,44819.51
2432,472,2,35337.92
2432,608,1,46623.74
2433,302,1,4522.36
2433,191,3,44504.32
2433,654,1,43778.05
2434,276,2,23064.71
2434,809,1,23413.38
2435,924,3,27659.63
2435,946,1,45820.74
2436,701,3,35717.67
2437,346,2,32407.43
2437,740,1,8469.44
2438,992,1,19658.24
2438,590,2,18226.8
2439,228,3,34791.86
2439,352,3,19022.98
2439,543,2,40291.14
2440,517,3,20620.69
2440,109,2,40975.65
2440,574,2,48699.84
2441,532,2,15234.9
2441,270,3,27148.71
2442,500,3,18169.74
2442,792,2,44124.0
2443,314,3,43146.87
2444,525,3,33111.82
2444,845,1,11301.15
2445,614,1,26858.06
2445,496,1,4610.87
2445,169,3,18235.79
2446,276,1,23064.71
2446,813,1,34447.28
2447,91,2,1476.12
2447,334,2,23938.76
2448,110,3,40386.18
2448,222,1,36205.46
2449,430,2,1805.21
2450,244,2,32423.13
2450,818,2,49417.51
2451,636,2,15876.18
2452,659,1,17735.53
2452,822,2,39149.78
2453,795,2,13278.05
2454,971,3,7939.06
2454,125,3,3394.61
2455,751,1,13163.39
2456,133,1,28350.28
2457,786,2,46853.38
2457,357,1,34011.85
2458,829,2,23918.34
2458,935,2,18882.35
2459,598,2,8610.21
2459,519,3,4288.42
2459,426,2,7963.46
2460,505,3,27596.96
2461,915,3,13302.16
2461,686,3,28295.57
2461,287,2,41639.06
2462,816,3,47477.96
2462,888,3,5673.24
2462,325,2,31509.05
2463,630,1,32131.8
2463,933,1,5142.62
2464,27,1,29915.65
2464,140,1,6573.18
2464,955,1,1556.03
2465,236,3,48112.84
2465,601,1,5616.53
2466,899,1,28835.39
2467,214,2,49945.45
2467,6,2,40349.22
2468,649,2,13960.19
2469,291,2,30140.38
2469,311,3,19196.31
2470,635,2,23040.26
2470,734,1,48735.37
2471,960,2,32461.84
2471,228,2,34791.86
2472,973,3,28762.05
2472,300,2,26664.99
2473,867,3,31829.52
2474,295,1,40975.81
2474,215,3,24371.77
2474,973,1,28762.05
2475,828,1,44511.84
2475,836,3,15762.82
2476,205,3,1734.81
2477,642,3,21325.03
2477,313,1,37179.45
2478,93,3,25617.46
2479,209,3,13889.22
2479,735,2,6935.64
2480,483,2,32748.77
2481,182,1,12221.3
2481,806,2,39308.37
2482,997,2,33137.94
2483,389,3,39107.83
2483,159,1,47418.71
2484,837,3,42609.38
2485,568,1,20025.75
2485,247,2,27108.57
2485,748,1,23263.55
2486,984,3,9867.87
2486,124,2,20918.93
2487,204,3,27596.22
2487,454,3,46589.03
2488,990,1,3800.97
2488,191,2,44504.32
2489,581,3,49427.35
2489,932,1,31101.97
2490,104,3,28584.53
2491,600,3,31364.17
2491,78,2,14051.01
2492,919,1,33286.42
2493,251,3,4788.05
2493,809,3,23413.38
2494,274,2,38967.45
2494,428,3,2559.45
2494,126,3,1270.74
2495,225,2,47720.74
2495,166,2,37221.19
2495,828,1,44511.84
2496,887,3,26876.25
2496,260,2,5221.38
2497,915,2,13302.16
2498,450,3,49343.35
2498,3,1,1879.6
2498,192,2,1585.49
2499,683,3,19338.58
2499,923,2,16745.47
2500,116,2,23392.77
2500,220,3,6574.44
2501,975,3,25405.48
2502,153,1,41339.01
2503,138,2,11443.84
2503,813,3,34447.28
2503,374,3,31708.16
2504,39,1,43659.92
2505,831,3,24733.47
2505,963,2,944.37
2506,449,1,6694.57
2506,358,3,14304.06
2506,701,3,35717.67
2507,527,1,33699.57
2507,366,1,18933.16
2508,818,1,49417.51
2508,858,1,19597.26
2508,945,1,44169.98
2509,398,3,32081.62
2510,588,2,39963.34
2510,329,1,3091.75
2510,113,2,20162.75
2511,893,1,36022.68
2511,746,1,33956.01
2511,585,1,13884.35
2512,748,3,23263.55
2512,965,3,29542.75
2513,204,2,27596.22
2514,198,3,20758.76
2514,59,1,9737.92
2515,482,1,38607.07
2515,85,3,20496.96
2516,118,2,41579.29
2516,149,1,17259.19
2517,213,1,41081.31
2518,984,2,9867.87
2518,472,3,35337.92
2518,420,1,38458.75
2519,690,1,15930.83
2519,92,1,43258.34
2520,186,1,6004.38
2521,140,3,6573.18
2522,779,1,5321.3
2522,449,1,6694.57
2522,955,3,1556.03
2523,586,1,27785.97
2524,14,3,31893.52
2525,831,3,24733.47
2525,309,1,7120.57
2525,796,1,44430.18
2526,93,2,25617.46
2527,641,1,19606.62
2527,538,2,28250.58
2528,138,3,11443.84
2528,154,2,12501.11
2529,606,2,34839.4
2529,199,2,38096.84
2529,718,3,23746.7
2530,760,3,21135.97
2531,733,3,46087.34
2531,683,2,19338.58
2531,583,1,41982.13
2532,18,1,16416.85
2532,795,1,13278.05
2533,196,2,31848.8
2534,376,2,21003.41
2534,397,1,43540.85
2535,77,3,45295.22
2536,494,1,33817.74
2537,491,3,42597.67
2537,237,2,15315.45
2538,63,3,3677.65
2538,454,3,46589.03
2539,605,2,9128.57
2539,23,1,37426.59
2540,666,1,4053.16
2541,163,3,27807.61
2541,848,3,30534.69
2541,900,3,25731.76
2542,293,1,5678.45
2542,34,1,16410.56
2543,927,2,32772.64
2543,416,3,3567.68
2544,434,2,7440.33
2544,915,3,13302.16
2545,798,2,47139.38
2545,357,2,34011.85
2546,258,1,7042.5
2546,492,1,5898.54
2546,862,2,5150.87
2547,569,1,12387.43
2548,126,1,1270.74
2548,40,1,36577.57
2549,568,1,20025.75
2549,236,2,48112.84
2550,501,3,15548.28
2550,166,1,37221.19
2550,434,3,7440.33
2551,687,1,36204.87
2551,376,1,21003.41
2551,459,3,44968.73
2552,351,3,17037.19
2553,44,2,35479.7
2554,730,1,38018.78
2555,892,2,30400.03
2556,504,2,37462.42
2556,308,1,3022.66
2556,205,1,1734.81
2557,446,1,20208.91
2558,364,2,22721.06
2558,458,3,5747.35
2559,210,3,27697.87
2559,124,1,20918.93
2560,894,1,5581.31
2560,796,3,44430.18
2561,962,2,19561.47
2561,451,2,30242.41
2561,945,2,44169.98
2562,600,1,31364.17
2563,875,2,21855.46
2564,413,1,11444.81
2564,425,2,26813.86
2564,436,2,16160.06
2565,815,1,45052.62
2565,120,2,31991.77
2566,936,1,7280.32
2566,259,1,29490.82
2567,557,3,36718.78
2567,787,1,17536.46
2568,879,3,43886.16
2568,725,3,696.07
2569,684,1,18567.82
2569,725,2,696.07
2570,624,3,15800.95
2571,851,3,5384.91
2572,803,2,489.63
2572,621,3,23314.24
2572,542,1,33781.49
2573,450,1,49343.35
2573,702,2,20293.19
2574,105,2,14559.61
2574,421,1,3054.02
2575,51,2,36492.22
2576,851,1,5384.91
2577,755,3,1765.27
2578,297,3,13881.54
2578,597,1,13665.27
2579,729,2,11879.99
2580,979,1,17496.56
2580,677,1,4396.3
2580,143,2,5672.51
2581,554,1,11731.93
2581,865,1,44376.12
2581,176,2,28273.13
2582,676,3,15302.72
2582,29,3,13561.21
2583,924,1,27659.63
2583,959,1,43441.36
2583,559,2,1981.04
2584,526,3,3644.36
2584,610,3,10719.53
2585,86,1,8376.34
2585,1000,3,43775.92
2585,456,3,41465.98
2586,951,1,6893.78
2586,678,1,31392.53
2586,521,3,26583.47
2587,548,1,26822.41
2588,902,2,5260.5
2588,905,3,32465.77
2589,451,3,30242.41
2590,177,1,28036.23
2591,429,2,10777.18
2591,486,2,36238.95
2592,863,3,45657.45
2592,194,1,38226.52
2592,390,2,40027.32
2593,685,1,40724.39
2593,87,3,36907.25
2594,277,3,20260.38
2594,811,3,17386.43
2594,170,2,13933.27
2595,744,2,41845.46
2596,869,3,15128.28
2596,489,3,28527.7
2597,235,1,22253.97
2597,731,2,26631.78
2598,434,2,7440.33
2598,116,2,23392.77
2599,255,2,32488.32
2599,182,2,12221.3
2600,572,2,769.67
2600,230,3,12436.61
2601,472,3,35337.92
2601,595,3,14804.81
2602,47,3,46795.06
2603,856,2,33128.36
2603,625,2,17610.52
2604,627,2,17350.97
2605,156,2,1726.39
2605,67,1,19970.56
2606,146,1,38692.3
2607,846,2,20652.51
2607,646,2,32757.57
2608,991,3,22720.95
2609,548,2,26822.41
2610,43,2,27829.9
2611,155,3,37598.67
2611,771,2,35261.61
2612,639,1,4512.17
2612,854,1,32909.14
2613,116,3,23392.77
2613,601,1,5616.53
2613,918,2,21812.54
2614,835,1,18883.34
2614,168,3,14365.04
2615,737,2,13271.25
2616,255,1,32488.32
2617,97,2,19444.21
2617,411,3,3527.47
2618,980,2,47957.17
2618,286,2,47693.55
2619,440,3,8219.32
2619,326,1,34152.33
2620,29,3,13561.21
2621,774,3,30202.64
2622,67,1,19970.56
2622,791,3,22079.54
2622,529,2,25343.62
2623,646,3,32757.57
2623,43,3,27829.9
2624,411,2,3527.47
2625,82,2,27760.5
2626,108,2,25917.96
2626,807,3,32200.76
2626,232,1,12269.24
2627,272,2,1084.32
2627,560,3,7133.33
2628,255,3,32488.32
2628,716,2,5414.37
2628,999,3,7460.55
2629,519,3,4288.42
2629,391,2,17150.12
2630,349,3,15000.87
2631,51,3,36492.22
2631,114,1,21429.77
2631,128,3,44614.58
2632,704,2,46069.97
2633,911,2,24288.94
2633,712,1,45024.9
2633,46,1,33548.2
2634,64,3,12536.9
2634,233,3,32003.86
2635,213,1,41081.31
2635,432,2,22841.14
2635,322,3,47923.7
2636,267,2,3709.92
2636,336,3,8876.18
2637,26,3,34119.92
2638,140,3,6573.18
2638,306,3,21666.71
2639,386,2,2477.17
2640,759,3,24107.84
2640,883,3,18154.77
2641,335,2,40605.05
2641,809,2,23413.38
2642,319,2,4208.76
2642,323,2,7578.28
2643,914,3,5912.99
2643,30,2,21907.83
2644,988,1,34396.36
2644,227,3,4791.85
2645,249,2,43558.73
2645,878,2,1190.43
2646,134,3,43382.51
2646,875,1,21855.46
2647,56,2,10923.24
2647,112,3,44341.0
2648,948,1,20813.45
2648,55,3,42480.18
2649,192,1,1585.49
2650,781,2,35446.99
2651,673,2,5248.86
2651,486,2,36238.95
2652,400,1,42478.86
2652,29,1,13561.21
2653,95,3,2201.38
2653,382,2,37906.94
2653,933,3,5142.62
2654,62,3,48050.71
2654,7,1,8027.33
2655,406,3,36863.04
2655,493,2,9554.09
2656,178,2,31035.39
2656,592,2,9613.37
2656,610,1,10719.53
2657,736,2,3395.46
2657,419,1,6678.23
2658,748,1,23263.55
2659,258,1,7042.5
2660,234,2,23423.09
2660,441,3,25019.3
2661,546,3,34872.63
2661,50,2,43232.69
2661,473,3,46704.91
2662,527,1,33699.57
2663,712,1,45024.9
2663,770,3,12056.59
2664,771,2,35261.61
2664,973,1,28762.05
2665,313,2,37179.45
2665,669,2,33307.95
2666,891,1,33184.73
2666,202,1,2993.94
2667,731,2,26631.78
2668,755,2,1765.27
2668,749,3,41569.5
2669,87,2,36907.25
2669,462,1,31562.55
2669,449,1,6694.57
2670,761,2,49706.14
2670,171,1,47221.25
2671,552,1,7552.36
2671,389,1,39107.83
2671,702,2,20293.19
2672,63,1,3677.65
2672,821,3,23070.41
2673,43,2,27829.9
2674,396,3,34581.31
2675,559,1,1981.04
2675,516,2,46748.77
2676,236,2,48112.84
2676,903,1,40139.33
2677,807,1,32200.76
2677,650,3,23028.87
2677,759,1,24107.84
2678,518,3,49644.97
2678,294,1,14144.84
2679,286,3,47693.55
2679,261,2,1926.0
2679,939,2,37930.32
2680,216,2,22930.63
2680,840,3,41228.26
2680,548,1,26822.41
2681,722,3,45126.47
2682,774,3,30202.64
2682,933,3,5142.62
2683,151,2,9054.01
2683,550,3,49071.53
2684,753,3,41519.0
2684,396,3,34581.31
2684,824,3,39043.37
2685,796,3,44430.18
2685,159,3,47418.71
2686,493,1,9554.09
2686,593,2,20579.8
2686,720,1,12638.68
2687,260,1,5221.38
2687,386,1,2477.17
2688,613,3,22618.62
2688,554,2,11731.93
2689,927,1,32772.64
2690,461,1,36153.59
2691,106,1,16315.79
2691,155,3,37598.67
2692,943,1,46081.77
2693,177,3,28036.23
2694,592,3,9613.37
2695,46,1,33548.2
2696,3,1,1879.6
2697,445,1,36457.15
2697,389,1,39107.83
2698,612,3,33035.55
2698,688,3,34422.34
2698,889,2,22382.42
2699,86,2,8376.34
2700,296,3,46475.49
2700,64,1,12536.9
2701,666,1,4053.16
2701,250,3,37781.33
2701,657,3,35624.47
2702,432,3,22841.14
2702,802,3,28716.96
2703,888,2,5673.24
2703,603,3,21701.63
2704,751,1,13163.39
2705,187,2,7369.14
2705,4,2,30220.33
2706,389,1,39107.83
2706,449,2,6694.57
2707,444,3,26973.53
2708,14,3,31893.52
2709,89,3,2224.61
2710,966,1,36328.25
2710,231,2,9000.95
2710,289,3,47844.24
2711,945,3,44169.98
2711,939,2,37930.32
2712,630,1,32131.8
2713,441,3,25019.3
2713,430,1,1805.21
2714,744,3,41845.46
2714,582,3,48723.87
2715,804,3,10223.84
2715,16,1,8805.59
2716,920,3,41373.96
2716,651,1,5926.59
2717,657,3,35624.47
2717,497,1,24029.47
2718,440,2,8219.32
2718,185,1,34463.03
2718,372,3,2673.15
2719,609,1,34181.12
2720,442,3,48344.33
2721,987,3,5465.16
2721,647,3,42042.62
2722,16,2,8805.59
2723,967,3,49177.63
2724,803,2,489.63
2724,473,3,46704.91
2724,370,2,41797.67
2725,468,3,15893.5
2725,298,1,603.46
2726,395,1,14993.31
2726,617,1,32455.89
2727,661,1,13586.95
2727,565,2,1151.99
2728,963,2,944.37
2728,142,2,30480.2
2729,489,3,28527.7
2729,343,3,48394.52
2730,903,2,40139.33
2730,936,3,7280.32
2730,906,3,13634.98
2731,844,3,19512.31
2732,854,1,32909.14
2732,856,2,33128.36
2733,866,3,23348.9
2734,509,3,26972.01
2734,851,3,5384.91
2734,1,1,13968.96
2735,409,1,7045.7
2736,282,1,5229.17
2736,974,2,11232.11
2737,868,2,44504.48
2738,626,3,3638.56
2738,336,2,8876.18
2738,909,1,44340.36
2739,969,3,27962.95
2739,935,1,18882.35
2740,247,1,27108.57
2740,93,2,25617.46
2741,947,2,48190.6
2741,954,1,43910.62
2741,814,2,15152.95
2742,576,3,2614.13
2742,657,1,35624.47
2743,2,1,37111.19
2743,626,2,3638.56
2744,673,1,5248.86
2744,89,2,2224.61
2744,323,1,7578.28
2745,233,2,32003.86
2745,970,1,12974.3
2746,34,2,16410.56
2747,697,1,19525.86
2747,16,2,8805.59
2748,670,3,11126.15
2748,89,3,2224.61
2748,899,2,28835.39
2749,233,3,32003.86
2749,831,1,24733.47
2750,608,3,46623.74
2750,569,1,12387.43
2751,610,2,10719.53
2751,264,2,14011.31
2752,91,3,1476.12
2752,983,3,25584.16
2752,640,1,15477.39
2753,552,1,7552.36
2753,85,3,20496.96
2754,47,1,46795.06
2755,413,3,11444.81
2755,228,1,34791.86
2756,995,3,39408.53
2757,903,1,40139.33
2757,844,2,19512.31
2758,62,2,48050.71
2758,416,3,3567.68
2759,199,3,38096.84
2759,603,1,21701.63
2760,954,1,43910.62
2760,555,3,32834.02
2760,516,2,46748.77
2761,392,3,46238.23
2761,944,2,40817.63
2761,817,2,40480.5
2762,343,1,48394.52
2763,722,2,45126.47
2763,52,2,26953.4
2763,403,3,22661.15
2764,407,1,6152.72
2764,164,3,17784.98
2765,35,3,49270.47
2766,110,2,40386.18
2766,44,3,35479.7
2767,615,1,39598.83
2768,103,3,6626.2
2768,474,2,28801.8
2768,798,1,47139.38
2769,337,2,26280.58
2770,56,3,10923.24
2770,704,1,46069.97
2771,636,1,15876.18
2771,380,2,37441.63
2772,964,1,39111.97
2773,85,3,20496.96
2774,804,3,10223.84
2774,813,2,34447.28
2774,922,1,8520.57
2775,832,1,15233.88
2775,717,1,25588.6
2776,737,1,13271.25
2777,671,2,16346.4
2777,703,2,7888.22
2777,603,3,21701.63
2778,290,1,17873.82
2779,454,3,46589.03
2780,564,2,888.99
2780,51,3,36492.22
2781,29,1,13561.21
2781,936,3,7280.32
2782,403,2,22661.15
2783,312,3,41717.7
2784,122,2,13804.24
2784,4,1,30220.33
2784,285,1,5025.77
2785,627,3,17350.97
2786,556,2,41133.12
2787,227,3,4791.85
2788,179,3,45452.67
2788,983,2,25584.16
2789,383,3,17125.8
2790,398,1,32081.62
2791,584,1,20016.14
2791,964,3,39111.97
2791,592,1,9613.37
2792,931,1,11379.03
2792,845,1,11301.15
2792,561,3,7806.17
2793,46,3,33548.2
2793,797,1,17096.14
2794,129,1,30281.65
2794,734,3,48735.37
2795,595,3,14804.81
2796,22,2,7239.63
2796,3,2,1879.6
2796,403,2,22661.15
2797,336,1,8876.18
2798,12,2,35317.22
2798,75,1,14303.29
2799,401,1,3641.5
2800,189,1,23594.29
2800,597,3,13665.27
2801,798,1,47139.38
2801,154,1,12501.11
2802,16,3,8805.59
2803,917,2,43695.24
2804,6,3,40349.22
2804,653,3,11161.53
2805,15,1,10712.5
2806,403,2,22661.15
2807,7,3,8027.33
2807,289,2,47844.24
2808,343,3,48394.52
2808,773,3,9025.17
2808,898,3,436.08
2809,191,1,44504.32
2809,90,3,45947.06
2810,172,1,909.59
2810,405,1,15924.96
2811,824,1,39043.37
2811,904,1,42606.92
2812,363,1,7623.23
2812,534,1,2630.14
2813,26,3,34119.92
2813,712,1,45024.9
2814,821,2,23070.41
2815,564,1,888.99
2815,7,1,8027.33
2816,663,3,43344.12
2817,929,3,31985.64
2818,501,1,15548.28
2818,741,3,26935.45
2819,792,3,44124.0
2819,115,2,28003.07
2820,564,3,888.99
2820,84,3,12701.63
2821,707,2,46254.0
2821,997,1,33137.94
2822,530,3,29000.5
2822,46,1,33548.2
2823,243,3,33984.89
2823,491,3,42597.67
2824,385,3,38876.66
2825,492,3,5898.54
2825,921,2,46738.26
2825,177,2,28036.23
2826,674,1,46492.81
2826,99,1,36055.67
2826,527,3,33699.57
2827,182,3,12221.3
2828,641,1,19606.62
2828,949,1,35164.27
2829,91,2,1476.12
2830,217,3,19333.65
2831,766,2,49579.11
2831,113,2,20162.75
2831,68,3,46472.21
2832,690,3,15930.83
2832,130,3,21961.05
2833,213,1,41081.31
2834,225,1,47720.74
2834,873,1,22767.05
2835,953,3,24174.39
2835,131,1,34053.35
2836,921,1,46738.26
2837,49,2,33051.44
2837,417,2,38527.48
2838,59,3,9737.92
2838,353,1,45162.0
2838,733,2,46087.34
2839,599,3,39198.53
2839,99,3,36055.67
2840,24,3,11200.24
2841,700,3,46152.19
2842,886,3,35642.17
2843,768,3,26824.37
2844,270,3,27148.71
2844,254,3,1543.73
2845,402,1,47488.52
2845,167,3,37008.65
2846,122,2,13804.24
2847,416,3,3567.68
2848,862,2,5150.87
2848,993,2,36098.2
2848,930,1,33672.28
2849,157,3,17934.8
2849,87,3,36907.25
2850,311,2,19196.31
2850,596,2,28726.43
2851,442,1,48344.33
2851,401,3,3641.5
2852,231,3,9000.95
2853,620,1,34476.92
2853,386,2,2477.17
2854,138,2,11443.84
2855,992,1,19658.24
2856,141,3,23412.19
2856,942,2,46784.82
2857,273,1,21221.74
2857,690,1,15930.83
2858,908,1,13810.1
2858,978,3,49832.56
2859,974,1,11232.11
2859,704,3,46069.97
2859,633,3,37690.58
2860,742,3,23328.33
2860,319,1,4208.76
2861,270,1,27148.71
2861,226,3,30987.74
2862,738,2,22802.07
2862,989,2,4649.79
2862,986,1,31458.57
2863,545,1,46876.84
2864,973,3,28762.05
2864,835,1,18883.34
2864,36,1,43937.08
2865,685,2,40724.39
2865,542,2,33781.49
2866,379,2,23665.71
2866,885,3,1389.09
2867,276,2,23064.71
2867,512,2,25808.42
2868,817,3,40480.5
2868,275,2,25340.78
2868,740,1,8469.44
2869,578,2,29475.69
2869,484,2,48206.53
2870,515,1,2550.9
2870,392,2,46238.23
2871,182,2,12221.3
2872,931,3,11379.03
2872,9,2,40414.28
2873,963,3,944.37
2873,314,1,43146.87
2874,611,2,25115.37
2874,147,2,49197.06
2875,458,1,5747.35
2875,187,1,7369.14
2876,140,3,6573.18
2876,246,3,37449.8
2876,377,1,3663.66
2877,834,2,10806.11
2878,667,1,37565.18
2878,558,1,27463.35
2878,598,1,8610.21
2879,796,2,44430.18
2880,58,3,21323.47
2880,464,2,1241.19
2881,107,3,23817.35
2881,985,1,48589.95
2882,125,3,3394.61
2882,508,2,5876.78
2883,82,3,27760.5
2883,378,2,49420.07
2883,748,1,23263.55
2884,161,1,39708.76
2885,757,1,44206.16
2885,918,2,21812.54
2886,266,3,39403.69
2886,274,3,38967.45
2887,510,1,6077.13
2888,957,1,12752.88
2888,836,3,15762.82
2888,693,3,26032.13
2889,841,2,1818.99
2889,152,2,46005.0
2889,228,2,34791.86
2890,332,1,19408.78
2890,417,1,38527.48
2891,64,3,12536.9
2892,718,1,23746.7
2892,366,2,18933.16
2893,959,2,43441.36
2894,47,1,46795.06
2894,38,1,33089.62
2895,132,1,49041.88
2896,868,1,44504.48
2896,969,1,27962.95
2897,991,3,22720.95
2897,588,1,39963.34
2898,542,3,33781.49
2898,826,3,30565.42
2899,36,1,43937.08
2900,360,1,12725.16
2900,727,3,29707.04
2901,28,1,43080.75
2901,616,3,45745.74
2901,661,3,13586.95
2902,353,3,45162.0
2902,131,2,34053.35
2903,881,1,2572.2
2903,676,1,15302.72
2903,700,1,46152.19
2904,835,1,18883.34
2904,454,3,46589.03
2905,623,1,20973.98
2905,179,2,45452.67
2906,849,1,42623.83
2906,916,2,37258.1
2907,90,2,45947.06
2907,520,1,43056.24
2908,565,1,1151.99
2908,1000,3,43775.92
2908,471,1,11475.89
2909,124,3,20918.93
2909,783,1,34518.37
2910,102,2,33444.58
2910,15,1,10712.5
2911,866,3,23348.9
2911,976,1,4869.69
2912,648,1,1833.78
2912,985,3,48589.95
2913,813,3,34447.28
2913,863,2,45657.45
2914,881,2,2572.2
2915,454,2,46589.03
2916,988,1,34396.36
2916,222,1,36205.46
2916,708,1,3034.92
2917,109,3,40975.65
2918,574,3,48699.84
2919,836,3,15762.82
2920,752,2,45154.06
2921,910,3,36402.63
2922,922,1,8520.57
2922,399,3,25800.38
2923,251,3,4788.05
2923,69,1,49923.19
2923,876,3,19350.83
2924,504,1,37462.42
2924,283,1,43314.97
2925,878,2,1190.43
2925,573,1,21865.31
2926,910,3,36402.63
2927,411,1,3527.47
2927,677,3,4396.3
2928,585,3,13884.35
2928,849,2,42623.83
2929,749,2,41569.5
2930,258,1,7042.5
2930,583,1,41982.13
2931,89,2,2224.61
2932,785,3,30238.72
2933,584,3,20016.14
2934,217,2,19333.65
2934,606,2,34839.4
2935,62,1,48050.71
2935,489,1,28527.7
2935,823,1,28459.72
2936,683,3,19338.58
2936,16,3,8805.59
2936,73,2,40910.08
2937,154,1,12501.11
2937,315,1,35562.1
2938,928,3,27989.41
2938,970,2,12974.3
2939,416,3,3567.68
2939,38,3,33089.62
2940,503,2,11190.69
2941,789,1,13481.06
2941,190,2,27137.08
2942,472,2,35337.92
2942,983,3,25584.16
2943,487,3,9036.7
2943,665,2,28998.05
2944,213,3,41081.31
2944,964,3,39111.97
2945,317,1,41651.69
2945,208,3,41657.52
2946,317,1,41651.69
2946,193,3,49978.75
2947,343,1,48394.52
2947,187,1,7369.14
2948,71,2,18665.5
2949,827,2,7449.48
2949,388,2,37738.56
2950,291,1,30140.38
2950,492,3,5898.54
2951,575,2,45093.27
2951,476,2,14595.23
2952,509,2,26972.01
2952,411,3,3527.47
2953,907,2,17333.32
2953,964,1,39111.97
2953,92,2,43258.34
2954,35,2,49270.47
2954,264,1,14011.31
2955,716,2,5414.37
2955,226,1,30987.74
2956,279,2,7672.19
2956,579,3,8373.78
2957,113,3,20162.75
2957,904,3,42606.92
2958,390,2,40027.32
2958,229,1,3089.13
2959,737,1,13271.25
2959,9,2,40414.28
2960,474,3,28801.8
2960,424,1,47830.68
2961,874,2,8174.23
2961,322,3,47923.7
2961,629,3,47935.59
2962,344,2,35529.05
2962,627,2,17350.97
2963,254,2,1543.73
2963,306,2,21666.71
2964,764,3,9236.85
2964,227,2,4791.85
2964,315,1,35562.1
2965,406,3,36863.04
2965,584,3,20016.14
2966,723,2,47717.75
2967,589,2,7964.78
2968,778,3,18435.03
2969,150,1,48051.14
2969,230,3,12436.61
2970,741,2,26935.45
2971,686,3,28295.57
2971,838,3,43796.47
2971,546,3,34872.63
2972,162,1,34681.82
2973,585,1,13884.35
2973,457,3,23902.16
2973,133,1,28350.28
2974,491,2,42597.67
2974,335,3,40605.05
2975,804,2,10223.84
2975,423,2,44777.82
2976,797,1,17096.14
2977,285,3,5025.77
2978,66,3,46754.9
2978,152,3,46005.0
2979,145,2,29727.26
2979,919,1,33286.42
2979,755,1,1765.27
2980,473,2,46704.91
2980,342,2,4350.65
2981,339,2,39524.58
2981,597,3,13665.27
2982,569,1,12387.43
2982,963,3,944.37
2982,441,3,25019.3
2983,370,3,41797.67
2984,407,1,6152.72
2984,398,1,32081.62
2985,380,1,37441.63
2985,50,2,43232.69
2986,162,3,34681.82
2986,956,1,13568.82
2986,687,1,36204.87
2987,300,2,26664.99
2987,188,2,37523.2
2988,238,3,19253.81
2989,760,3,21135.97
2989,710,3,47664.91
2990,29,3,13561.21
2990,34,3,16410.56
2991,583,2,41982.13
2991,882,3,26348.65
2991,288,1,37018.16
2992,663,2,43344.12
2992,679,2,4832.6
2993,193,2,49978.75
2993,39,1,43659.92
2994,550,2,49071.53
2995,573,3,21865.31
2996,186,2,6004.38
2996,460,3,13496.86
2997,204,1,27596.22
2997,206,3,8171.39
2998,140,1,6573.18
2999,111,1,49201.62
2999,221,1,42298.46
3000,419,2,6678.23
