item_id,order_id,product_id,quantity,price_at_order,total_item_price
1,1,302,1,3561,3561
2,2,760,1,14653,14653
3,2,401,1,25661,25661
4,2,173,2,7776,15552
5,3,452,2,33704,67408
6,4,222,1,22487,22487
7,5,546,1,21286,21286
8,5,222,1,22487,22487
9,5,453,2,31422,62844
10,6,316,1,24014,24014
11,6,455,1,41539,41539
12,6,54,2,35727,71454
13,7,952,1,25698,25698
14,8,931,1,3347,3347
15,8,245,1,13459,13459
16,9,432,1,17829,17829
17,10,346,1,14337,14337
18,11,686,1,28440,28440
19,11,65,1,5672,5672
20,11,226,1,46430,46430
21,12,426,1,20098,20098
22,13,331,1,48725,48725
23,13,576,1,45474,45474
24,14,405,1,44990,44990
25,14,962,1,23767,23767
26,14,439,1,32733,32733
27,15,366,2,14433,28866
28,16,16,2,45096,90192
29,17,324,1,38276,38276
30,17,13,2,15235,30470
31,17,399,1,24348,24348
32,18,674,2,20321,40642
33,19,639,1,32194,32194
34,19,378,1,48481,48481
35,19,45,2,44142,88284
36,20,786,2,29019,58038
37,20,614,1,49245,49245
38,21,550,1,25193,25193
39,21,811,2,34170,68340
40,21,945,1,1136,1136
41,22,333,2,10186,20372
42,22,647,1,30271,30271
43,22,714,2,24153,48306
44,23,651,2,2412,4824
45,24,494,1,38472,38472
46,24,70,2,33453,66906
47,24,344,2,44216,88432
48,25,656,1,35608,35608
49,25,760,1,14653,14653
50,25,239,1,830,830
51,26,778,2,48403,96806
52,26,919,1,32895,32895
53,26,128,2,35572,71144
54,27,635,1,44347,44347
55,28,141,2,40096,80192
56,29,304,1,18202,18202
57,29,207,2,47263,94526
58,30,658,1,49458,49458
59,31,946,2,9824,19648
60,32,899,2,20793,41586
61,32,337,2,25689,51378
62,32,138,1,13365,13365
63,33,811,2,34170,68340
64,33,425,1,2284,2284
65,33,664,1,38439,38439
66,34,340,1,39798,39798
67,34,351,1,3163,3163
68,34,249,1,6218,6218
69,35,713,2,3186,6372
70,35,737,2,35422,70844
71,35,228,1,19526,19526
72,36,645,1,37353,37353
73,36,7,2,27996,55992
74,37,977,1,30395,30395
75,38,650,1,14622,14622
76,39,129,1,14680,14680
77,40,607,1,43466,43466
78,41,520,1,18364,18364
79,42,743,2,49326,98652
80,42,479,1,42933,42933
81,43,203,1,8886,8886
82,43,251,1,25270,25270
83,43,435,2,12740,25480
84,44,591,1,34451,34451
85,44,460,2,20858,41716
86,45,82,2,28466,56932
87,45,974,2,35244,70488
88,46,172,2,22628,45256
89,46,483,2,2755,5510
90,47,625,1,30581,30581
91,47,753,2,2570,5140
92,47,444,1,36335,36335
93,48,438,1,38530,38530
94,48,875,2,25436,50872
95,49,551,1,43200,43200
96,49,157,2,5910,11820
97,49,567,2,25018,50036
98,50,314,2,27673,55346
99,50,465,2,36100,72200
100,51,621,2,29951,59902
101,51,493,1,15735,15735
102,51,74,2,17632,35264
103,52,159,1,1430,1430
104,53,14,2,25211,50422
105,54,415,2,38821,77642
106,54,948,2,4365,8730
107,55,383,2,35888,71776
108,55,394,1,33925,33925
109,55,502,2,46422,92844
110,56,944,1,44022,44022
111,57,955,1,13175,13175
112,57,580,1,36543,36543
113,58,981,2,25826,51652
114,58,262,2,18380,36760
115,59,706,1,23021,23021
116,59,378,2,48481,96962
117,59,714,2,24153,48306
118,60,253,1,42744,42744
119,60,249,2,6218,12436
120,60,490,1,26874,26874
121,61,682,2,855,1710
122,61,661,2,41745,83490
123,61,152,1,29843,29843
124,62,254,1,27058,27058
125,62,617,1,1909,1909
126,63,790,1,17413,17413
127,64,729,2,34362,68724
128,64,939,1,39787,39787
129,64,394,1,33925,33925
130,65,170,2,46005,92010
131,65,850,2,17414,34828
132,66,310,2,8766,17532
133,66,513,2,42342,84684
134,66,991,2,20268,40536
135,67,891,2,34584,69168
136,67,92,1,33684,33684
137,67,112,2,38027,76054
138,68,215,2,30141,60282
139,68,953,2,1149,2298
140,68,767,1,12636,12636
141,69,836,2,41942,83884
142,70,100,1,8467,8467
143,71,428,2,27538,55076
144,71,538,2,44449,88898
145,71,427,1,30023,30023
146,72,384,1,12824,12824
147,73,138,1,13365,13365
148,73,203,1,8886,8886
149,73,499,2,30117,60234
150,74,834,1,2467,2467
151,74,218,1,43030,43030
152,74,191,1,1995,1995
153,75,266,2,15569,31138
154,76,642,1,9247,9247
155,76,935,1,38216,38216
156,77,301,1,5867,5867
157,78,128,1,35572,35572
158,78,284,2,43888,87776
159,79,600,1,20890,20890
160,80,497,1,45538,45538
161,80,689,1,34231,34231
162,81,273,1,33319,33319
163,82,597,1,26232,26232
164,82,809,1,31418,31418
165,82,43,1,46689,46689
166,83,618,2,5926,11852
167,83,533,2,15068,30136
168,84,776,2,46645,93290
169,84,346,2,14337,28674
170,85,699,2,10306,20612
171,85,912,2,22959,45918
172,86,964,2,27558,55116
173,87,409,1,2022,2022
174,87,388,2,5714,11428
175,87,626,2,42274,84548
176,88,4,2,33418,66836
177,89,412,1,27221,27221
178,89,743,1,49326,49326
179,89,856,1,19973,19973
180,90,287,1,4230,4230
181,90,974,2,35244,70488
182,90,717,2,24732,49464
183,91,703,2,28774,57548
184,91,675,2,371,742
185,91,891,1,34584,34584
186,92,654,2,40680,81360
187,93,649,2,24342,48684
188,94,993,2,14769,29538
189,95,455,2,41539,83078
190,95,240,2,19056,38112
191,95,622,1,46881,46881
192,96,439,2,32733,65466
193,96,962,1,23767,23767
194,97,395,1,44739,44739
195,97,301,1,5867,5867
196,97,622,1,46881,46881
197,98,510,1,5086,5086
198,99,853,2,17301,34602
199,99,690,1,42647,42647
200,100,978,2,3856,7712
201,100,119,1,17286,17286
202,101,217,1,49104,49104
203,102,717,2,24732,49464
204,102,92,1,33684,33684
205,102,109,1,6420,6420
206,103,925,2,6685,13370
207,103,393,1,18293,18293
208,104,264,1,22156,22156
209,104,682,1,855,855
210,104,488,2,48574,97148
211,105,815,2,17200,34400
212,106,955,1,13175,13175
213,107,352,2,40315,80630
214,107,387,2,32819,65638
215,107,933,1,584,584
216,108,266,1,15569,15569
217,109,90,1,14909,14909
218,109,115,2,36830,73660
219,110,607,1,43466,43466
220,110,960,2,2917,5834
221,110,193,1,31134,31134
222,111,977,1,30395,30395
223,111,390,2,5547,11094
224,112,605,1,29034,29034
225,113,434,2,16570,33140
226,113,328,1,30560,30560
227,114,680,1,19911,19911
228,114,617,1,1909,1909
229,114,605,2,29034,58068
230,115,552,2,48770,97540
231,116,149,2,28840,57680
232,116,836,1,41942,41942
233,117,697,1,41494,41494
234,117,467,2,15036,30072
235,118,765,1,21140,21140
236,119,328,1,30560,30560
237,119,317,2,28852,57704
238,119,515,2,43130,86260
239,120,849,2,4483,8966
240,120,221,2,43211,86422
241,120,507,1,8947,8947
242,121,157,1,5910,5910
243,121,848,1,42724,42724
244,122,754,1,36389,36389
245,122,54,2,35727,71454
246,122,946,2,9824,19648
247,123,835,1,18255,18255
248,123,676,1,39207,39207
249,124,402,2,46439,92878
250,124,346,2,14337,28674
251,124,433,2,3616,7232
252,125,74,2,17632,35264
253,125,541,2,48893,97786
254,126,946,2,9824,19648
255,126,200,1,35859,35859
256,126,718,1,14926,14926
257,127,771,1,22631,22631
258,127,811,2,34170,68340
259,128,671,1,28336,28336
260,128,168,2,12059,24118
261,129,495,1,23863,23863
262,129,299,1,24954,24954
263,129,919,1,32895,32895
264,130,201,1,34276,34276
265,130,753,2,2570,5140
266,130,667,1,21459,21459
267,131,805,2,17562,35124
268,131,880,2,15269,30538
269,131,152,1,29843,29843
270,132,99,2,43831,87662
271,133,184,1,41263,41263
272,133,968,1,22975,22975
273,134,666,2,14575,29150
274,134,347,1,9315,9315
275,134,608,2,29730,59460
276,135,35,1,4096,4096
277,136,407,2,42092,84184
278,137,705,1,46692,46692
279,137,611,2,16568,33136
280,138,815,1,17200,17200
281,138,687,2,42545,85090
282,138,675,2,371,742
283,139,648,2,7719,15438
284,139,669,2,3472,6944
285,140,123,1,15455,15455
286,141,125,2,27548,55096
287,142,685,1,49612,49612
288,142,931,1,3347,3347
289,142,522,2,6912,13824
290,143,711,1,11236,11236
291,143,764,1,23552,23552
292,144,496,2,20406,40812
293,144,661,2,41745,83490
294,145,129,1,14680,14680
295,145,102,1,8641,8641
296,145,334,2,47113,94226
297,146,21,2,43254,86508
298,146,404,1,5153,5153
299,146,570,1,3088,3088
300,147,989,1,9565,9565
301,148,883,1,41137,41137
302,149,569,2,42564,85128
303,150,126,1,38578,38578
304,150,41,1,4496,4496
305,151,166,2,18420,36840
306,151,90,1,14909,14909
307,151,576,1,45474,45474
308,152,519,2,15351,30702
309,153,990,1,39402,39402
310,153,558,2,40790,81580
311,154,1,1,16349,16349
312,154,255,2,20246,40492
313,154,308,2,14143,28286
314,155,591,2,34451,68902
315,156,321,2,9979,19958
316,156,536,1,21944,21944
317,156,933,1,584,584
318,157,840,1,3553,3553
319,157,46,1,47705,47705
320,157,243,1,29189,29189
321,158,877,1,47999,47999
322,158,853,1,17301,17301
323,159,566,2,42891,85782
324,159,222,2,22487,44974
325,159,606,1,33022,33022
326,160,638,2,9335,18670
327,160,433,2,3616,7232
328,160,77,2,3629,7258
329,161,926,2,41827,83654
330,161,168,1,12059,12059
331,161,410,2,30931,61862
332,162,436,1,32986,32986
333,162,963,1,12350,12350
334,162,712,1,37911,37911
335,163,751,1,45075,45075
336,163,276,2,46987,93974
337,163,649,1,24342,24342
338,164,842,2,27137,54274
339,164,158,2,49987,99974
340,165,27,1,25309,25309
341,165,988,1,48097,48097
342,166,128,1,35572,35572
343,166,545,2,33907,67814
344,167,338,1,41645,41645
345,168,932,2,43452,86904
346,168,342,1,46075,46075
347,169,281,1,42958,42958
348,170,387,1,32819,32819
349,171,975,1,41555,41555
350,171,108,1,5857,5857
351,172,746,2,45276,90552
352,172,897,1,19700,19700
353,172,314,2,27673,55346
354,173,586,2,12580,25160
355,173,887,1,27882,27882
356,173,289,1,49470,49470
357,174,326,2,31031,62062
358,175,354,2,44753,89506
359,176,607,2,43466,86932
360,176,131,1,8664,8664
361,177,526,1,21199,21199
362,177,731,1,26144,26144
363,177,160,2,45636,91272
364,178,754,2,36389,72778
365,178,274,1,34473,34473
366,178,55,2,26934,53868
367,179,469,2,37032,74064
368,179,188,2,31016,62032
369,179,450,2,21793,43586
370,180,976,1,35542,35542
371,180,439,2,32733,65466
372,181,879,2,49459,98918
373,181,90,2,14909,29818
374,181,971,2,34173,68346
375,182,650,1,14622,14622
376,183,748,1,29360,29360
377,184,170,1,46005,46005
378,185,762,2,6862,13724
379,186,952,1,25698,25698
380,186,505,2,29256,58512
381,186,828,1,19992,19992
382,187,510,1,5086,5086
383,187,528,2,19993,39986
384,188,632,1,25769,25769
385,189,8,2,22359,44718
386,189,732,1,28807,28807
387,189,436,1,32986,32986
388,190,460,1,20858,20858
389,190,988,1,48097,48097
390,190,173,1,7776,7776
391,191,860,2,17376,34752
392,191,137,1,14994,14994
393,192,508,1,4083,4083
394,192,389,2,12126,24252
395,193,347,1,9315,9315
396,194,872,1,48184,48184
397,194,785,2,17120,34240
398,194,879,2,49459,98918
399,195,301,1,5867,5867
400,195,272,1,24026,24026
401,196,647,1,30271,30271
402,196,583,2,25203,50406
403,196,404,1,5153,5153
404,197,914,2,32795,65590
405,197,633,1,23367,23367
406,198,7,2,27996,55992
407,198,631,2,44255,88510
408,199,363,1,21185,21185
409,199,110,2,9956,19912
410,200,191,1,1995,1995
411,200,412,1,27221,27221
412,200,364,2,2810,5620
413,201,203,1,8886,8886
414,201,87,2,44203,88406
415,202,936,2,43391,86782
416,203,160,2,45636,91272
417,204,482,2,2681,5362
418,205,307,2,39577,79154
419,205,374,1,34775,34775
420,206,832,2,26736,53472
421,206,276,2,46987,93974
422,206,112,1,38027,38027
423,207,363,2,21185,42370
424,208,368,1,8285,8285
425,209,195,2,23103,46206
426,210,137,2,14994,29988
427,211,762,1,6862,6862
428,211,340,1,39798,39798
429,212,204,2,2191,4382
430,212,972,1,32203,32203
431,212,491,2,26569,53138
432,213,564,1,5478,5478
433,213,508,2,4083,8166
434,214,514,2,25039,50078
435,214,744,1,6978,6978
436,215,981,1,25826,25826
437,216,130,1,25784,25784
438,217,513,1,42342,42342
439,217,14,1,25211,25211
440,218,850,1,17414,17414
441,218,351,2,3163,6326
442,218,440,2,7344,14688
443,219,289,1,49470,49470
444,219,498,2,14773,29546
445,220,633,1,23367,23367
446,221,524,2,29067,58134
447,221,192,1,1659,1659
448,221,256,2,35528,71056
449,222,254,2,27058,54116
450,222,683,1,41461,41461
451,222,841,2,42726,85452
452,223,802,1,43621,43621
453,223,830,1,26984,26984
454,223,106,1,21418,21418
455,224,124,1,27488,27488
456,225,40,1,34219,34219
457,225,281,1,42958,42958
458,226,19,1,15310,15310
459,226,632,1,25769,25769
460,227,390,2,5547,11094
461,228,314,1,27673,27673
462,228,717,1,24732,24732
463,228,649,2,24342,48684
464,229,491,2,26569,53138
465,229,63,1,4753,4753
466,230,113,2,16289,32578
467,230,276,2,46987,93974
468,231,729,1,34362,34362
469,231,429,2,40058,80116
470,232,187,1,49383,49383
471,233,54,2,35727,71454
472,234,293,2,37924,75848
473,235,931,1,3347,3347
474,235,622,2,46881,93762
475,236,259,2,18633,37266
476,237,343,1,20588,20588
477,237,312,1,28888,28888
478,238,14,1,25211,25211
479,238,700,2,33808,67616
480,238,566,2,42891,85782
481,239,830,2,26984,53968
482,239,371,1,16155,16155
483,239,761,2,34996,69992
484,240,599,2,19989,39978
485,241,909,1,17445,17445
486,242,645,1,37353,37353
487,243,601,1,48460,48460
488,244,722,2,30703,61406
489,245,77,2,3629,7258
490,246,743,1,49326,49326
491,246,486,1,30972,30972
492,247,131,1,8664,8664
493,248,564,2,5478,10956
494,248,729,2,34362,68724
495,249,460,1,20858,20858
496,249,645,2,37353,74706
497,250,495,2,23863,47726
498,251,954,1,15081,15081
499,251,976,1,35542,35542
500,251,516,2,26059,52118
501,252,991,1,20268,20268
502,252,133,1,30557,30557
503,252,297,1,12188,12188
504,253,835,1,18255,18255
505,253,408,1,8253,8253
506,253,507,2,8947,17894
507,254,394,2,33925,67850
508,254,576,2,45474,90948
509,254,799,2,41265,82530
510,255,189,1,35688,35688
511,256,586,1,12580,12580
512,257,714,2,24153,48306
513,257,10,2,48123,96246
514,257,901,2,28986,57972
515,258,304,2,18202,36404
516,259,122,1,21252,21252
517,259,176,1,27574,27574
518,259,230,2,12100,24200
519,260,655,1,37660,37660
520,261,950,2,48763,97526
521,261,137,1,14994,14994
522,262,255,1,20246,20246
523,262,844,1,16840,16840
524,262,216,2,25398,50796
525,263,620,2,23126,46252
526,263,996,1,4714,4714
527,263,378,2,48481,96962
528,264,137,2,14994,29988
529,264,419,2,41919,83838
530,264,920,1,2648,2648
531,265,836,2,41942,83884
532,265,11,1,5464,5464
533,265,844,2,16840,33680
534,266,263,1,43735,43735
535,267,674,1,20321,20321
536,267,889,2,47405,94810
537,267,797,2,36322,72644
538,268,650,1,14622,14622
539,268,619,2,22783,45566
540,268,565,1,16238,16238
541,269,276,2,46987,93974
542,269,209,1,9779,9779
543,270,238,2,19690,39380
544,270,748,2,29360,58720
545,271,924,2,39618,79236
546,272,508,1,4083,4083
547,273,190,1,2912,2912
548,273,836,1,41942,41942
549,274,503,1,4347,4347
550,274,966,2,23945,47890
551,274,747,1,5214,5214
552,275,167,1,6888,6888
553,275,907,2,23801,47602
554,276,623,1,7467,7467
555,276,193,1,31134,31134
556,276,72,2,35900,71800
557,277,466,2,12900,25800
558,278,742,1,11694,11694
559,279,769,1,39730,39730
560,279,828,2,19992,39984
561,279,13,2,15235,30470
562,280,113,1,16289,16289
563,281,958,1,36777,36777
564,281,45,1,44142,44142
565,281,136,2,31122,62244
566,282,962,1,23767,23767
567,283,981,1,25826,25826
568,284,754,1,36389,36389
569,284,838,1,36432,36432
570,284,347,1,9315,9315
571,285,778,2,48403,96806
572,285,577,1,6701,6701
573,286,340,1,39798,39798
574,286,491,1,26569,26569
575,287,557,2,14634,29268
576,288,557,1,14634,14634
577,288,127,1,686,686
578,288,22,2,17659,35318
579,289,524,2,29067,58134
580,290,2,1,48840,48840
581,291,233,2,44002,88004
582,292,151,2,17889,35778
583,292,362,1,25607,25607
584,293,394,1,33925,33925
585,293,704,2,3906,7812
586,293,906,1,44759,44759
587,294,230,1,12100,12100
588,295,366,2,14433,28866
589,295,79,1,48877,48877
590,296,946,1,9824,9824
591,296,947,1,49464,49464
592,297,155,2,17231,34462
593,297,183,1,46370,46370
594,297,439,2,32733,65466
595,298,915,2,16087,32174
596,299,838,1,36432,36432
597,299,294,2,40511,81022
598,299,357,2,31795,63590
599,300,378,1,48481,48481
600,300,956,1,45038,45038
601,300,272,1,24026,24026
602,301,151,2,17889,35778
603,301,328,2,30560,61120
604,301,152,2,29843,59686
605,302,116,2,30750,61500
606,303,286,2,28603,57206
607,303,149,1,28840,28840
608,303,93,1,7859,7859
609,304,362,2,25607,51214
610,304,327,2,3981,7962
611,305,711,2,11236,22472
612,305,997,2,32228,64456
613,306,822,1,32123,32123
614,307,429,2,40058,80116
615,307,563,2,34801,69602
616,308,550,2,25193,50386
617,308,842,1,27137,27137
618,308,236,2,20099,40198
619,309,592,1,17923,17923
620,309,796,1,15867,15867
621,309,711,1,11236,11236
622,310,3,1,2382,2382
623,310,209,2,9779,19558
624,311,486,1,30972,30972
625,311,981,1,25826,25826
626,311,137,2,14994,29988
627,312,870,1,28723,28723
628,312,888,2,39990,79980
629,313,148,2,7216,14432
630,313,856,1,19973,19973
631,314,848,1,42724,42724
632,315,765,1,21140,21140
633,316,986,1,10544,10544
634,317,751,2,45075,90150
635,317,27,2,25309,50618
636,318,719,1,30780,30780
637,319,596,1,30306,30306
638,319,76,1,13642,13642
639,319,489,1,49929,49929
640,320,145,1,39648,39648
641,320,81,1,2661,2661
642,321,583,2,25203,50406
643,322,784,1,17680,17680
644,323,762,2,6862,13724
645,323,144,2,45560,91120
646,324,740,2,21782,43564
647,324,346,1,14337,14337
648,325,114,1,14641,14641
649,325,160,1,45636,45636
650,326,770,1,344,344
651,326,178,1,37565,37565
652,326,516,2,26059,52118
653,327,697,2,41494,82988
654,327,971,2,34173,68346
655,328,514,1,25039,25039
656,328,314,2,27673,55346
657,328,727,1,15908,15908
658,329,997,2,32228,64456
659,329,95,1,48045,48045
660,330,217,1,49104,49104
661,330,411,1,4608,4608
662,330,634,2,46567,93134
663,331,843,1,8971,8971
664,332,480,2,42629,85258
665,332,489,2,49929,99858
666,332,321,1,9979,9979
667,333,823,2,11585,23170
668,334,435,1,12740,12740
669,334,200,1,35859,35859
670,334,277,1,40165,40165
671,335,618,2,5926,11852
672,335,798,1,550,550
673,336,289,1,49470,49470
674,337,110,1,9956,9956
675,337,67,2,17707,35414
676,337,217,1,49104,49104
677,338,207,1,47263,47263
678,338,654,1,40680,40680
679,338,952,2,25698,51396
680,339,584,1,7282,7282
681,340,810,1,5474,5474
682,340,496,2,20406,40812
683,340,47,1,31296,31296
684,341,9,2,23826,47652
685,341,366,2,14433,28866
686,342,200,2,35859,71718
687,342,323,2,5238,10476
688,342,770,1,344,344
689,343,691,2,7688,15376
690,343,100,1,8467,8467
691,343,340,1,39798,39798
692,344,602,2,24945,49890
693,345,601,1,48460,48460
694,345,890,2,32919,65838
695,346,156,2,18405,36810
696,347,907,1,23801,23801
697,348,238,1,19690,19690
698,348,906,1,44759,44759
699,348,221,2,43211,86422
700,349,805,2,17562,35124
701,349,135,2,25146,50292
702,350,639,2,32194,64388
703,350,877,1,47999,47999
704,351,793,1,11113,11113
705,351,700,1,33808,33808
706,351,397,1,2422,2422
707,352,581,2,38695,77390
708,353,825,1,45553,45553
709,354,785,2,17120,34240
710,355,889,1,47405,47405
711,355,993,2,14769,29538
712,355,817,1,34358,34358
713,356,322,2,13228,26456
714,356,174,1,38115,38115
715,357,287,2,4230,8460
716,358,92,1,33684,33684
717,358,73,2,44069,88138
718,359,485,2,35905,71810
719,359,263,1,43735,43735
720,360,996,2,4714,9428
721,361,373,2,12575,25150
722,362,419,1,41919,41919
723,362,878,2,28720,57440
724,363,525,2,9483,18966
725,363,866,2,47202,94404
726,364,699,2,10306,20612
727,365,461,1,13662,13662
728,365,270,1,11719,11719
729,365,899,1,20793,20793
730,366,841,1,42726,42726
731,366,575,1,25803,25803
732,366,9,2,23826,47652
733,367,163,2,30036,60072
734,367,584,1,7282,7282
735,368,398,2,29394,58788
736,369,96,2,7878,15756
737,369,358,2,8470,16940
738,369,478,1,36367,36367
739,370,185,1,35988,35988
740,371,787,1,25119,25119
741,371,444,2,36335,72670
742,372,67,2,17707,35414
743,372,325,2,41405,82810
744,373,720,2,36547,73094
745,374,286,2,28603,57206
746,375,559,1,35179,35179
747,376,150,1,35569,35569
748,376,656,2,35608,71216
749,377,33,2,35057,70114
750,377,616,1,30647,30647
751,377,793,2,11113,22226
752,378,485,1,35905,35905
753,378,219,1,33218,33218
754,379,976,2,35542,71084
755,380,259,1,18633,18633
756,380,651,1,2412,2412
757,381,71,2,16309,32618
758,382,84,2,7036,14072
759,382,306,2,34833,69666
760,383,220,2,34768,69536
761,383,686,1,28440,28440
762,383,915,1,16087,16087
763,384,917,2,5466,10932
764,385,987,2,36064,72128
765,385,772,1,9980,9980
766,386,358,2,8470,16940
767,387,487,1,10949,10949
768,387,549,2,19645,39290
769,388,935,2,38216,76432
770,388,710,1,33774,33774
771,389,802,1,43621,43621
772,389,916,1,14895,14895
773,389,612,1,37211,37211
774,390,681,2,44676,89352
775,390,844,1,16840,16840
776,391,919,2,32895,65790
777,392,512,2,2379,4758
778,393,812,2,49923,99846
779,394,534,1,37156,37156
780,394,740,2,21782,43564
781,395,650,2,14622,29244
782,396,993,1,14769,14769
783,396,593,1,4446,4446
784,396,100,1,8467,8467
785,397,714,1,24153,24153
786,397,560,2,34995,69990
787,398,357,1,31795,31795
788,399,996,1,4714,4714
789,400,834,1,2467,2467
790,400,373,2,12575,25150
791,401,515,1,43130,43130
792,401,839,2,49383,98766
793,402,467,2,15036,30072
794,402,424,2,14115,28230
795,402,421,2,11351,22702
796,403,998,1,43257,43257
797,403,784,1,17680,17680
798,403,344,2,44216,88432
799,404,383,1,35888,35888
800,404,182,2,19387,38774
801,405,292,2,23245,46490
802,405,866,2,47202,94404
803,406,636,1,20313,20313
804,406,961,1,41284,41284
805,406,948,1,4365,4365
806,407,666,1,14575,14575
807,408,955,2,13175,26350
808,408,422,1,41225,41225
809,408,107,2,14305,28610
810,409,596,2,30306,60612
811,409,826,2,24708,49416
812,409,34,1,1576,1576
813,410,796,2,15867,31734
814,411,391,2,39793,79586
815,411,118,1,36205,36205
816,411,201,2,34276,68552
817,412,423,2,5623,11246
818,412,930,1,30252,30252
819,413,801,2,7869,15738
820,413,230,2,12100,24200
821,414,271,2,34777,69554
822,414,315,1,21584,21584
823,414,859,1,14936,14936
824,415,34,1,1576,1576
825,415,16,1,45096,45096
826,416,861,2,31137,62274
827,416,837,2,32333,64666
828,417,983,2,5057,10114
829,418,570,2,3088,6176
830,419,632,2,25769,51538
831,420,821,2,22835,45670
832,421,962,2,23767,47534
833,422,178,2,37565,75130
834,422,413,1,21076,21076
835,422,926,2,41827,83654
836,423,102,1,8641,8641
837,424,122,2,21252,42504
838,424,647,2,30271,60542
839,424,591,1,34451,34451
840,425,209,1,9779,9779
841,425,96,1,7878,7878
842,426,12,1,38137,38137
843,426,644,1,46839,46839
844,427,725,1,41977,41977
845,427,557,2,14634,29268
846,427,943,1,23384,23384
847,428,752,2,12565,25130
848,428,134,1,21753,21753
849,428,465,1,36100,36100
850,429,920,1,2648,2648
851,429,228,1,19526,19526
852,429,305,2,28474,56948
853,430,676,2,39207,78414
854,430,53,1,29341,29341
855,431,643,1,43099,43099
856,432,594,1,19944,19944
857,432,888,2,39990,79980
858,432,106,1,21418,21418
859,433,146,2,35213,70426
860,434,917,1,5466,5466
861,434,185,1,35988,35988
862,435,865,1,27116,27116
863,435,371,2,16155,32310
864,436,503,1,4347,4347
865,437,76,1,13642,13642
866,437,499,1,30117,30117
867,438,430,2,26430,52860
868,438,385,2,22053,44106
869,438,912,1,22959,22959
870,439,306,1,34833,34833
871,440,676,1,39207,39207
872,441,1000,2,21818,43636
873,442,496,1,20406,20406
874,442,629,1,38137,38137
875,443,760,1,14653,14653
876,443,261,1,24373,24373
877,443,949,1,23806,23806
878,444,24,1,24023,24023
879,444,531,1,45933,45933
880,444,525,2,9483,18966
881,445,921,1,39897,39897
882,446,336,1,40264,40264
883,447,86,1,27320,27320
884,448,281,1,42958,42958
885,448,494,1,38472,38472
886,449,726,2,24959,49918
887,449,565,2,16238,32476
888,450,829,2,39947,79894
889,450,508,1,4083,4083
890,450,447,2,33665,67330
891,451,203,2,8886,17772
892,452,106,2,21418,42836
893,452,598,1,29150,29150
894,453,977,2,30395,60790
895,454,905,2,7096,14192
896,454,457,2,38541,77082
897,455,638,2,9335,18670
898,455,111,2,40360,80720
899,456,581,2,38695,77390
900,457,920,1,2648,2648
901,457,648,2,7719,15438
902,458,911,1,34582,34582
903,459,260,2,29443,58886
904,459,601,2,48460,96920
905,459,420,2,20145,40290
906,460,118,1,36205,36205
907,461,440,1,7344,7344
908,461,810,2,5474,10948
909,462,75,1,18148,18148
910,463,381,2,2723,5446
911,463,149,1,28840,28840
912,463,799,1,41265,41265
913,464,705,2,46692,93384
914,464,12,1,38137,38137
915,465,582,2,16451,32902
916,465,815,1,17200,17200
917,466,68,1,21020,21020
918,466,395,1,44739,44739
919,466,291,1,14242,14242
920,467,285,1,31381,31381
921,467,734,2,18122,36244
922,467,623,2,7467,14934
923,468,833,1,11686,11686
924,468,328,1,30560,30560
925,469,822,2,32123,64246
926,470,48,2,43487,86974
927,470,282,1,15274,15274
928,471,464,1,20862,20862
929,472,335,1,16536,16536
930,472,606,1,33022,33022
931,472,393,2,18293,36586
932,473,660,1,16523,16523
933,474,292,2,23245,46490
934,474,135,1,25146,25146
935,475,941,2,41205,82410
936,475,541,1,48893,48893
937,475,41,1,4496,4496
938,476,98,2,45313,90626
939,476,850,2,17414,34828
940,477,325,2,41405,82810
941,477,772,2,9980,19960
942,478,570,2,3088,6176
943,479,628,2,591,1182
944,479,49,2,30906,61812
945,480,466,1,12900,12900
946,480,506,2,6259,12518
947,480,870,1,28723,28723
948,481,230,1,12100,12100
949,482,143,1,24896,24896
950,483,883,2,41137,82274
951,483,705,1,46692,46692
952,484,91,1,18558,18558
953,485,924,1,39618,39618
954,485,832,1,26736,26736
955,485,378,2,48481,96962
956,486,114,1,14641,14641
957,487,77,2,3629,7258
958,487,271,2,34777,69554
959,488,716,1,27579,27579
960,488,175,2,20212,40424
961,489,130,2,25784,51568
962,490,772,2,9980,19960
963,491,458,1,47563,47563
964,491,685,2,49612,99224
965,491,126,2,38578,77156
966,492,330,2,33531,67062
967,492,792,1,22447,22447
968,493,271,2,34777,69554
969,494,85,1,49417,49417
970,494,362,1,25607,25607
971,494,572,1,37230,37230
972,495,996,2,4714,9428
973,496,218,1,43030,43030
974,497,222,2,22487,44974
975,497,480,1,42629,42629
976,497,839,2,49383,98766
977,498,349,1,22370,22370
978,499,780,2,12232,24464
979,499,541,2,48893,97786
980,499,527,2,20076,40152
981,500,158,1,49987,49987
982,500,869,1,10683,10683
983,500,517,1,49856,49856
984,501,395,2,44739,89478
985,501,999,1,4874,4874
986,502,193,2,31134,62268
987,502,71,2,16309,32618
988,503,703,2,28774,57548
989,504,664,2,38439,76878
990,504,105,1,14074,14074
991,504,151,1,17889,17889
992,505,17,2,48084,96168
993,506,274,1,34473,34473
994,507,678,2,8962,17924
995,507,544,2,42814,85628
996,508,122,1,21252,21252
997,508,950,2,48763,97526
998,509,218,2,43030,86060
999,509,155,2,17231,34462
1000,510,342,2,46075,92150
1001,510,55,2,26934,53868
1002,510,452,1,33704,33704
1003,511,665,2,43825,87650
1004,512,951,2,15871,31742
1005,512,433,1,3616,3616
1006,512,199,2,7897,15794
1007,513,609,2,33501,67002
1008,514,623,2,7467,14934
1009,514,506,1,6259,6259
1010,514,532,1,24971,24971
1011,515,255,1,20246,20246
1012,515,982,1,47504,47504
1013,515,114,1,14641,14641
1014,516,590,2,25714,51428
1015,517,68,1,21020,21020
1016,518,232,2,15516,31032
1017,518,904,2,11230,22460
1018,519,104,2,26912,53824
1019,519,226,2,46430,92860
1020,520,176,1,27574,27574
1021,521,653,2,45463,90926
1022,521,295,1,45747,45747
1023,522,190,2,2912,5824
1024,523,313,1,38032,38032
1025,523,874,1,45750,45750
1026,523,929,2,13139,26278
1027,524,72,2,35900,71800
1028,524,171,2,37921,75842
1029,524,192,1,1659,1659
1030,525,683,2,41461,82922
1031,526,343,1,20588,20588
1032,526,22,2,17659,35318
1033,527,175,1,20212,20212
1034,528,361,1,3790,3790
1035,528,993,2,14769,29538
1036,528,486,1,30972,30972
1037,529,113,1,16289,16289
1038,529,47,2,31296,62592
1039,530,538,1,44449,44449
1040,531,794,1,21998,21998
1041,532,312,2,28888,57776
1042,533,503,2,4347,8694
1043,533,753,2,2570,5140
1044,534,499,2,30117,60234
1045,534,260,1,29443,29443
1046,534,374,2,34775,69550
1047,535,728,2,46938,93876
1048,535,342,1,46075,46075
1049,536,703,1,28774,28774
1050,536,532,1,24971,24971
1051,537,877,1,47999,47999
1052,537,226,2,46430,92860
1053,538,32,2,13335,26670
1054,538,251,2,25270,50540
1055,539,763,1,48603,48603
1056,540,943,2,23384,46768
1057,541,111,2,40360,80720
1058,541,989,1,9565,9565
1059,541,281,2,42958,85916
1060,542,358,2,8470,16940
1061,542,910,2,47733,95466
1062,542,340,2,39798,79596
1063,543,196,2,7155,14310
1064,543,43,1,46689,46689
1065,544,815,2,17200,34400
1066,544,466,2,12900,25800
1067,545,993,1,14769,14769
1068,546,950,1,48763,48763
1069,546,702,2,28971,57942
1070,547,154,2,21600,43200
1071,547,536,1,21944,21944
1072,547,990,2,39402,78804
1073,548,296,2,46352,92704
1074,548,67,1,17707,17707
1075,549,42,2,15380,30760
1076,549,223,1,35271,35271
1077,550,501,2,49762,99524
1078,551,441,2,26727,53454
1079,552,855,2,45278,90556
1080,552,1,1,16349,16349
1081,552,52,2,12325,24650
1082,553,805,1,17562,17562
1083,553,880,1,15269,15269
1084,554,278,1,41215,41215
1085,554,147,2,42737,85474
1086,554,751,1,45075,45075
1087,555,225,2,49240,98480
1088,555,33,2,35057,70114
1089,556,832,2,26736,53472
1090,557,409,1,2022,2022
1091,557,991,2,20268,40536
1092,558,612,1,37211,37211
1093,558,319,2,11318,22636
1094,559,897,1,19700,19700
1095,559,331,1,48725,48725
1096,559,824,2,40188,80376
1097,560,427,1,30023,30023
1098,561,313,2,38032,76064
1099,561,88,2,7384,14768
1100,562,188,2,31016,62032
1101,562,385,1,22053,22053
1102,562,802,1,43621,43621
1103,563,453,2,31422,62844
1104,563,711,2,11236,22472
1105,563,321,2,9979,19958
1106,564,478,2,36367,72734
1107,564,431,2,7258,14516
1108,565,935,1,38216,38216
1109,566,91,1,18558,18558
1110,566,774,2,6921,13842
1111,567,595,2,16460,32920
1112,568,636,2,20313,40626
1113,569,774,2,6921,13842
1114,570,413,1,21076,21076
1115,571,827,2,18672,37344
1116,571,782,1,49146,49146
1117,572,57,2,17680,35360
1118,573,110,1,9956,9956
1119,573,342,2,46075,92150
1120,573,609,2,33501,67002
1121,574,340,1,39798,39798
1122,574,886,1,31390,31390
1123,574,63,1,4753,4753
1124,575,148,2,7216,14432
1125,575,576,1,45474,45474
1126,575,759,1,18023,18023
1127,576,656,2,35608,71216
1128,576,873,2,12789,25578
1129,576,159,1,1430,1430
1130,577,639,1,32194,32194
1131,577,705,1,46692,46692
1132,578,1,1,16349,16349
1133,579,902,1,12284,12284
1134,579,124,1,27488,27488
1135,579,533,1,15068,15068
1136,580,486,1,30972,30972
1137,581,455,1,41539,41539
1138,581,401,2,25661,51322
1139,581,57,2,17680,35360
1140,582,189,1,35688,35688
1141,582,840,2,3553,7106
1142,583,698,1,26663,26663
1143,583,450,2,21793,43586
1144,583,880,1,15269,15269
1145,584,23,1,17519,17519
1146,584,190,1,2912,2912
1147,584,146,1,35213,35213
1148,585,492,2,21507,43014
1149,585,297,1,12188,12188
1150,586,505,2,29256,58512
1151,586,377,2,4727,9454
1152,586,684,2,29292,58584
1153,587,820,2,7222,14444
1154,587,110,2,9956,19912
1155,587,476,1,42108,42108
1156,588,291,2,14242,28484
1157,589,578,2,39960,79920
1158,590,595,2,16460,32920
1159,591,661,2,41745,83490
1160,592,930,2,30252,60504
1161,593,480,2,42629,85258
1162,594,10,2,48123,96246
1163,594,163,1,30036,30036
1164,595,925,2,6685,13370
1165,595,724,1,27172,27172
1166,596,672,1,18258,18258
1167,597,672,2,18258,36516
1168,597,737,2,35422,70844
1169,598,880,2,15269,30538
1170,598,806,2,10204,20408
1171,598,144,2,45560,91120
1172,599,939,2,39787,79574
1173,600,986,1,10544,10544
1174,600,484,2,7332,14664
1175,601,715,2,36532,73064
1176,602,979,2,37980,75960
1177,602,595,1,16460,16460
1178,602,357,1,31795,31795
1179,603,873,1,12789,12789
1180,604,99,1,43831,43831
1181,605,957,2,8121,16242
1182,605,696,2,2910,5820
1183,606,791,1,24906,24906
1184,607,922,1,43199,43199
1185,608,914,2,32795,65590
1186,608,394,1,33925,33925
1187,608,774,1,6921,6921
1188,609,257,1,44240,44240
1189,609,118,2,36205,72410
1190,609,39,2,13482,26964
1191,610,647,1,30271,30271
1192,610,861,2,31137,62274
1193,610,31,1,33571,33571
1194,611,461,1,13662,13662
1195,611,387,1,32819,32819
1196,611,137,2,14994,29988
1197,612,449,2,30249,60498
1198,612,696,1,2910,2910
1199,613,760,1,14653,14653
1200,614,834,1,2467,2467
1201,614,542,1,39910,39910
1202,615,25,1,6257,6257
1203,615,645,1,37353,37353
1204,615,983,1,5057,5057
1205,616,915,1,16087,16087
1206,617,793,1,11113,11113
1207,617,418,2,34306,68612
1208,618,699,2,10306,20612
1209,619,853,1,17301,17301
1210,620,848,2,42724,85448
1211,620,486,2,30972,61944
1212,620,513,1,42342,42342
1213,621,450,2,21793,43586
1214,622,386,1,26515,26515
1215,622,895,1,32681,32681
1216,622,73,2,44069,88138
1217,623,121,2,47062,94124
1218,624,53,2,29341,58682
1219,625,230,2,12100,24200
1220,626,400,2,7734,15468
1221,626,721,1,19409,19409
1222,627,992,2,42631,85262
1223,628,548,1,17390,17390
1224,629,955,2,13175,26350
1225,629,626,2,42274,84548
1226,629,513,1,42342,42342
1227,630,715,2,36532,73064
1228,630,914,2,32795,65590
1229,630,114,1,14641,14641
1230,631,347,2,9315,18630
1231,632,206,1,7735,7735
1232,632,343,1,20588,20588
1233,633,561,2,33213,66426
1234,634,935,1,38216,38216
1235,634,900,2,933,1866
1236,634,64,1,16435,16435
1237,635,927,1,46312,46312
1238,635,625,2,30581,61162
1239,635,720,1,36547,36547
1240,636,613,1,991,991
1241,636,758,2,22846,45692
1242,637,278,1,41215,41215
1243,638,37,2,8714,17428
1244,639,231,2,25370,50740
1245,639,666,2,14575,29150
1246,639,359,2,29746,59492
1247,640,22,1,17659,17659
1248,641,793,1,11113,11113
1249,642,623,1,7467,7467
1250,642,881,2,38946,77892
1251,642,389,1,12126,12126
1252,643,785,1,17120,17120
1253,643,387,2,32819,65638
1254,644,438,1,38530,38530
1255,644,563,2,34801,69602
1256,644,142,1,38224,38224
1257,645,926,1,41827,41827
1258,645,377,2,4727,9454
1259,645,361,2,3790,7580
1260,646,244,1,6206,6206
1261,647,603,1,37252,37252
1262,648,423,1,5623,5623
1263,649,895,1,32681,32681
1264,650,79,1,48877,48877
1265,651,450,1,21793,21793
1266,652,45,2,44142,88284
1267,652,322,1,13228,13228
1268,653,133,2,30557,61114
1269,653,621,2,29951,59902
1270,654,126,1,38578,38578
1271,654,673,2,24669,49338
1272,654,79,1,48877,48877
1273,655,723,2,48302,96604
1274,655,753,1,2570,2570
1275,656,731,2,26144,52288
1276,656,310,2,8766,17532
1277,657,251,2,25270,50540
1278,657,540,2,22121,44242
1279,657,915,1,16087,16087
1280,658,355,2,25326,50652
1281,659,974,2,35244,70488
1282,659,637,1,9564,9564
1283,659,498,1,14773,14773
1284,660,862,1,4967,4967
1285,661,760,1,14653,14653
1286,661,567,1,25018,25018
1287,662,743,1,49326,49326
1288,662,836,1,41942,41942
1289,663,716,2,27579,55158
1290,664,783,1,11302,11302
1291,664,465,1,36100,36100
1292,664,976,2,35542,71084
1293,665,277,2,40165,80330
1294,666,394,1,33925,33925
1295,666,308,1,14143,14143
1296,666,848,2,42724,85448
1297,667,394,2,33925,67850
1298,667,508,2,4083,8166
1299,667,20,2,4637,9274
1300,668,230,1,12100,12100
1301,669,189,2,35688,71376
1302,669,676,1,39207,39207
1303,670,313,2,38032,76064
1304,670,33,1,35057,35057
1305,670,555,2,44092,88184
1306,671,830,1,26984,26984
1307,671,772,1,9980,9980
1308,672,744,2,6978,13956
1309,672,850,2,17414,34828
1310,673,951,1,15871,15871
1311,673,754,1,36389,36389
1312,673,771,2,22631,45262
1313,674,955,2,13175,26350
1314,674,695,2,38793,77586
1315,674,295,2,45747,91494
1316,675,984,2,45249,90498
1317,676,764,1,23552,23552
1318,676,947,1,49464,49464
1319,677,288,2,44209,88418
1320,678,256,2,35528,71056
1321,679,585,1,23887,23887
1322,679,405,2,44990,89980
1323,680,276,2,46987,93974
1324,680,676,1,39207,39207
1325,681,315,2,21584,43168
1326,682,868,2,29925,59850
1327,682,184,2,41263,82526
1328,683,451,1,48752,48752
1329,684,38,2,34881,69762
1330,684,990,2,39402,78804
1331,685,865,2,27116,54232
1332,685,570,1,3088,3088
1333,685,224,1,2652,2652
1334,686,919,2,32895,65790
1335,686,625,1,30581,30581
1336,687,185,2,35988,71976
1337,687,265,2,4796,9592
1338,688,131,1,8664,8664
1339,688,233,1,44002,44002
1340,689,672,1,18258,18258
1341,689,51,1,12765,12765
1342,689,239,1,830,830
1343,690,519,2,15351,30702
1344,690,882,1,46903,46903
1345,690,451,1,48752,48752
1346,691,975,2,41555,83110
1347,692,17,2,48084,96168
1348,692,695,1,38793,38793
1349,693,241,1,42021,42021
1350,693,359,2,29746,59492
1351,693,112,1,38027,38027
1352,694,80,2,933,1866
1353,694,243,2,29189,58378
1354,694,209,2,9779,19558
1355,695,658,2,49458,98916
1356,696,147,2,42737,85474
1357,696,26,2,10784,21568
1358,697,999,2,4874,9748
1359,697,418,2,34306,68612
1360,698,637,1,9564,9564
1361,698,32,2,13335,26670
1362,699,298,1,9597,9597
1363,700,27,1,25309,25309
1364,700,109,2,6420,12840
1365,700,624,2,36469,72938
1366,701,388,1,5714,5714
1367,702,744,1,6978,6978
1368,702,154,1,21600,21600
1369,702,391,1,39793,39793
1370,703,516,2,26059,52118
1371,703,589,1,21561,21561
1372,703,646,1,18312,18312
1373,704,484,2,7332,14664
1374,704,676,2,39207,78414
1375,704,538,2,44449,88898
1376,705,857,2,6696,13392
1377,706,337,1,25689,25689
1378,707,237,2,15845,31690
1379,707,467,1,15036,15036
1380,708,247,2,19642,39284
1381,708,456,2,43264,86528
1382,708,751,1,45075,45075
1383,709,574,1,19913,19913
1384,709,518,2,47426,94852
1385,710,496,2,20406,40812
1386,710,620,2,23126,46252
1387,710,236,1,20099,20099
1388,711,848,1,42724,42724
1389,711,847,2,7005,14010
1390,711,129,1,14680,14680
1391,712,267,2,18471,36942
1392,712,815,2,17200,34400
1393,712,294,1,40511,40511
1394,713,419,2,41919,83838
1395,714,152,1,29843,29843
1396,714,590,1,25714,25714
1397,714,507,2,8947,17894
1398,715,171,1,37921,37921
1399,716,270,2,11719,23438
1400,716,784,1,17680,17680
1401,717,891,1,34584,34584
1402,718,25,1,6257,6257
1403,718,707,1,24670,24670
1404,719,528,2,19993,39986
1405,720,363,2,21185,42370
1406,720,131,1,8664,8664
1407,721,301,2,5867,11734
1408,721,122,1,21252,21252
1409,721,345,1,24012,24012
1410,722,757,2,47051,94102
1411,723,933,2,584,1168
1412,723,419,2,41919,83838
1413,724,776,1,46645,46645
1414,724,489,1,49929,49929
1415,725,785,1,17120,17120
1416,725,604,1,44976,44976
1417,725,939,1,39787,39787
1418,726,608,2,29730,59460
1419,726,379,2,36083,72166
1420,726,691,2,7688,15376
1421,727,181,2,475,950
1422,727,521,1,27775,27775
1423,728,305,2,28474,56948
1424,729,50,2,48024,96048
1425,729,578,2,39960,79920
1426,730,394,1,33925,33925
1427,730,327,1,3981,3981
1428,731,834,1,2467,2467
1429,732,532,2,24971,49942
1430,732,285,1,31381,31381
1431,733,292,1,23245,23245
1432,733,170,2,46005,92010
1433,734,499,1,30117,30117
1434,734,450,1,21793,21793
1435,735,962,2,23767,47534
1436,735,940,1,46953,46953
1437,736,683,2,41461,82922
1438,737,99,1,43831,43831
1439,738,859,1,14936,14936
1440,738,521,1,27775,27775
1441,738,773,1,24213,24213
1442,739,551,1,43200,43200
1443,739,819,2,10012,20024
1444,739,200,1,35859,35859
1445,740,209,2,9779,19558
1446,740,289,2,49470,98940
1447,741,130,2,25784,51568
1448,741,851,1,16048,16048
1449,741,465,1,36100,36100
1450,742,911,2,34582,69164
1451,742,443,2,19213,38426
1452,743,886,1,31390,31390
1453,744,750,1,28687,28687
1454,744,685,2,49612,99224
1455,745,763,1,48603,48603
1456,746,77,2,3629,7258
1457,746,335,2,16536,33072
1458,746,161,2,31315,62630
1459,747,754,1,36389,36389
1460,747,526,2,21199,42398
1461,747,689,1,34231,34231
1462,748,103,2,49329,98658
1463,748,955,1,13175,13175
1464,749,677,1,828,828
1465,749,858,1,12297,12297
1466,749,899,1,20793,20793
1467,750,601,2,48460,96920
1468,751,690,1,42647,42647
1469,752,482,2,2681,5362
1470,752,156,1,18405,18405
1471,753,509,1,26248,26248
1472,753,290,1,20776,20776
1473,753,135,1,25146,25146
1474,754,445,1,8732,8732
1475,755,572,1,37230,37230
1476,755,626,1,42274,42274
1477,756,429,2,40058,80116
1478,757,390,1,5547,5547
1479,757,647,2,30271,60542
1480,757,598,2,29150,58300
1481,758,673,2,24669,49338
1482,758,978,1,3856,3856
1483,758,185,2,35988,71976
1484,759,497,2,45538,91076
1485,759,502,2,46422,92844
1486,759,816,2,36761,73522
1487,760,99,1,43831,43831
1488,760,225,2,49240,98480
1489,761,993,2,14769,29538
1490,761,458,1,47563,47563
1491,762,436,2,32986,65972
1492,762,119,2,17286,34572
1493,762,181,1,475,475
1494,763,714,1,24153,24153
1495,763,408,2,8253,16506
1496,764,616,1,30647,30647
1497,764,422,1,41225,41225
1498,765,275,1,31690,31690
1499,765,520,2,18364,36728
1500,766,576,2,45474,90948
1501,767,692,2,34921,69842
1502,767,326,2,31031,62062
1503,768,436,2,32986,65972
1504,768,409,1,2022,2022
1505,769,498,1,14773,14773
1506,769,746,2,45276,90552
1507,770,839,2,49383,98766
1508,770,47,2,31296,62592
1509,770,316,1,24014,24014
1510,771,897,1,19700,19700
1511,771,171,1,37921,37921
1512,771,549,2,19645,39290
1513,772,620,1,23126,23126
1514,773,22,1,17659,17659
1515,773,822,2,32123,64246
1516,773,389,2,12126,24252
1517,774,65,1,5672,5672
1518,774,671,2,28336,56672
1519,774,51,1,12765,12765
1520,775,859,2,14936,29872
1521,776,235,1,38807,38807
1522,776,298,2,9597,19194
1523,776,821,2,22835,45670
1524,777,221,1,43211,43211
1525,777,567,1,25018,25018
1526,778,866,1,47202,47202
1527,779,105,2,14074,28148
1528,779,514,1,25039,25039
1529,779,408,1,8253,8253
1530,780,309,1,8163,8163
1531,780,25,1,6257,6257
1532,781,279,1,39450,39450
1533,782,672,1,18258,18258
1534,782,411,2,4608,9216
1535,783,79,1,48877,48877
1536,784,740,2,21782,43564
1537,784,721,1,19409,19409
1538,784,781,1,37363,37363
1539,785,851,1,16048,16048
1540,785,555,1,44092,44092
1541,785,620,2,23126,46252
1542,786,852,2,21244,42488
1543,787,436,1,32986,32986
1544,787,525,2,9483,18966
1545,788,470,1,44643,44643
1546,788,208,2,31921,63842
1547,789,591,2,34451,68902
1548,789,483,2,2755,5510
1549,789,386,1,26515,26515
1550,790,991,2,20268,40536
1551,791,286,1,28603,28603
1552,791,495,2,23863,47726
1553,791,292,1,23245,23245
1554,792,746,2,45276,90552
1555,792,404,1,5153,5153
1556,793,230,1,12100,12100
1557,793,592,2,17923,35846
1558,794,458,2,47563,95126
1559,795,577,2,6701,13402
1560,795,112,2,38027,76054
1561,796,830,1,26984,26984
1562,797,575,1,25803,25803
1563,798,886,2,31390,62780
1564,799,256,2,35528,71056
1565,799,86,2,27320,54640
1566,799,145,1,39648,39648
1567,800,786,2,29019,58038
1568,801,422,2,41225,82450
1569,801,319,1,11318,11318
1570,802,330,2,33531,67062
1571,803,275,1,31690,31690
1572,804,814,2,45069,90138
1573,804,501,2,49762,99524
1574,804,559,1,35179,35179
1575,805,473,2,13542,27084
1576,805,726,1,24959,24959
1577,806,436,1,32986,32986
1578,807,131,1,8664,8664
1579,807,776,1,46645,46645
1580,808,767,1,12636,12636
1581,808,125,2,27548,55096
1582,808,171,1,37921,37921
1583,809,907,2,23801,47602
1584,810,175,2,20212,40424
1585,810,642,1,9247,9247
1586,811,896,2,47719,95438
1587,811,561,1,33213,33213
1588,811,429,2,40058,80116
1589,812,446,2,36858,73716
1590,813,945,2,1136,2272
1591,813,902,2,12284,24568
1592,813,693,2,25651,51302
1593,814,666,2,14575,29150
1594,814,170,1,46005,46005
1595,814,145,2,39648,79296
1596,815,620,2,23126,46252
1597,815,258,1,27489,27489
1598,815,484,2,7332,14664
1599,816,738,1,30665,30665
1600,816,873,1,12789,12789
1601,816,951,2,15871,31742
1602,817,326,2,31031,62062
1603,818,154,2,21600,43200
1604,819,6,2,38918,77836
1605,820,193,1,31134,31134
1606,820,205,2,1196,2392
1607,820,711,2,11236,22472
1608,821,63,2,4753,9506
1609,822,161,1,31315,31315
1610,822,69,2,37196,74392
1611,822,359,1,29746,29746
1612,823,282,2,15274,30548
1613,824,599,2,19989,39978
1614,824,747,2,5214,10428
1615,825,786,2,29019,58038
1616,825,413,1,21076,21076
1617,825,957,1,8121,8121
1618,826,157,1,5910,5910
1619,826,106,2,21418,42836
1620,826,749,1,3098,3098
1621,827,578,1,39960,39960
1622,827,105,2,14074,28148
1623,828,590,2,25714,51428
1624,828,791,2,24906,49812
1625,829,173,1,7776,7776
1626,830,222,1,22487,22487
1627,831,151,2,17889,35778
1628,831,147,1,42737,42737
1629,831,169,2,18277,36554
1630,832,918,1,6068,6068
1631,833,524,2,29067,58134
1632,834,681,2,44676,89352
1633,834,484,2,7332,14664
1634,835,779,2,46306,92612
1635,835,121,2,47062,94124
1636,835,247,2,19642,39284
1637,836,486,2,30972,61944
1638,836,364,1,2810,2810
1639,836,320,1,33720,33720
1640,837,969,2,16279,32558
1641,838,147,2,42737,85474
1642,838,861,2,31137,62274
1643,838,448,2,2850,5700
1644,839,124,2,27488,54976
1645,839,572,2,37230,74460
1646,839,922,1,43199,43199
1647,840,887,2,27882,55764
1648,841,790,2,17413,34826
1649,841,687,2,42545,85090
1650,842,632,1,25769,25769
1651,843,384,1,12824,12824
1652,843,184,1,41263,41263
1653,844,370,1,39407,39407
1654,844,539,1,47768,47768
1655,845,318,2,26236,52472
1656,845,337,2,25689,51378
1657,845,97,1,3208,3208
1658,846,280,2,39977,79954
1659,846,35,2,4096,8192
1660,846,663,2,45828,91656
1661,847,713,2,3186,6372
1662,848,641,1,29856,29856
1663,848,59,2,19745,39490
1664,849,648,1,7719,7719
1665,849,466,2,12900,25800
1666,849,503,1,4347,4347
1667,850,379,1,36083,36083
1668,851,916,1,14895,14895
1669,851,731,1,26144,26144
1670,851,157,1,5910,5910
1671,852,855,1,45278,45278
1672,852,867,1,41655,41655
1673,853,653,1,45463,45463
1674,853,728,2,46938,93876
1675,854,879,2,49459,98918
1676,855,671,1,28336,28336
1677,856,858,2,12297,24594
1678,856,689,1,34231,34231
1679,857,740,1,21782,21782
1680,857,967,2,31420,62840
1681,857,376,2,25654,51308
1682,858,686,1,28440,28440
1683,858,63,1,4753,4753
1684,858,67,2,17707,35414
1685,859,177,2,29314,58628
1686,860,283,1,27562,27562
1687,861,518,1,47426,47426
1688,861,420,2,20145,40290
1689,861,178,2,37565,75130
1690,862,360,2,14851,29702
1691,862,121,1,47062,47062
1692,862,350,2,10933,21866
1693,863,120,1,41374,41374
1694,864,748,1,29360,29360
1695,865,326,1,31031,31031
1696,866,808,1,25669,25669
1697,867,654,2,40680,81360
1698,868,84,1,7036,7036
1699,868,899,2,20793,41586
1700,869,658,1,49458,49458
1701,869,966,1,23945,23945
1702,869,924,2,39618,79236
1703,870,389,2,12126,24252
1704,871,286,1,28603,28603
1705,872,324,1,38276,38276
1706,872,424,2,14115,28230
1707,872,232,1,15516,15516
1708,873,303,2,28088,56176
1709,874,451,2,48752,97504
1710,874,271,2,34777,69554
1711,874,95,2,48045,96090
1712,875,791,2,24906,49812
1713,875,658,1,49458,49458
1714,876,973,2,33978,67956
1715,877,551,1,43200,43200
1716,878,445,2,8732,17464
1717,878,356,1,13387,13387
1718,878,662,2,5249,10498
1719,879,992,2,42631,85262
1720,879,516,1,26059,26059
1721,879,565,1,16238,16238
1722,880,224,2,2652,5304
1723,880,479,1,42933,42933
1724,881,530,1,3372,3372
1725,882,144,2,45560,91120
1726,882,479,2,42933,85866
1727,883,387,1,32819,32819
1728,883,675,2,371,742
1729,883,603,1,37252,37252
1730,884,368,1,8285,8285
1731,884,891,1,34584,34584
1732,884,923,2,14909,29818
1733,885,343,1,20588,20588
1734,885,345,1,24012,24012
1735,886,314,2,27673,55346
1736,886,167,1,6888,6888
1737,887,450,2,21793,43586
1738,888,590,2,25714,51428
1739,888,712,2,37911,75822
1740,888,446,1,36858,36858
1741,889,741,2,26268,52536
1742,889,383,2,35888,71776
1743,890,411,1,4608,4608
1744,890,308,1,14143,14143
1745,890,42,2,15380,30760
1746,891,793,2,11113,22226
1747,891,276,1,46987,46987
1748,892,525,1,9483,9483
1749,893,908,1,7701,7701
1750,893,612,1,37211,37211
1751,894,680,2,19911,39822
1752,895,994,1,44273,44273
1753,896,812,1,49923,49923
1754,896,785,2,17120,34240
1755,897,406,2,35831,71662
1756,897,170,1,46005,46005
1757,898,152,1,29843,29843
1758,898,206,2,7735,15470
1759,898,905,2,7096,14192
1760,899,190,1,2912,2912
1761,900,448,1,2850,2850
1762,901,251,2,25270,50540
1763,901,158,1,49987,49987
1764,901,702,2,28971,57942
1765,902,353,1,15974,15974
1766,903,564,2,5478,10956
1767,903,704,1,3906,3906
1768,904,685,2,49612,99224
1769,904,386,1,26515,26515
1770,905,397,1,2422,2422
1771,906,782,1,49146,49146
1772,906,958,2,36777,73554
1773,907,920,2,2648,5296
1774,907,290,2,20776,41552
1775,908,74,1,17632,17632
1776,908,356,1,13387,13387
1777,908,501,1,49762,49762
1778,909,378,2,48481,96962
1779,910,514,1,25039,25039
1780,910,843,2,8971,17942
1781,911,662,1,5249,5249
1782,912,512,1,2379,2379
1783,913,217,2,49104,98208
1784,914,96,2,7878,15756
1785,914,348,1,33571,33571
1786,915,155,2,17231,34462
1787,915,292,2,23245,46490
1788,916,841,2,42726,85452
1789,916,493,2,15735,31470
1790,916,36,1,48266,48266
1791,917,408,1,8253,8253
1792,918,826,2,24708,49416
1793,918,85,1,49417,49417
1794,919,884,1,7385,7385
1795,919,415,1,38821,38821
1796,919,823,2,11585,23170
1797,920,589,2,21561,43122
1798,921,466,2,12900,25800
1799,921,12,2,38137,76274
1800,921,498,1,14773,14773
1801,922,436,1,32986,32986
1802,922,265,2,4796,9592
1803,923,382,2,3046,6092
1804,923,800,2,13862,27724
1805,923,485,1,35905,35905
1806,924,435,2,12740,25480
1807,925,82,2,28466,56932
1808,925,154,2,21600,43200
1809,925,8,1,22359,22359
1810,926,833,2,11686,23372
1811,926,630,2,21663,43326
1812,926,746,1,45276,45276
1813,927,289,1,49470,49470
1814,927,41,2,4496,8992
1815,928,376,2,25654,51308
1816,928,52,2,12325,24650
1817,929,346,2,14337,28674
1818,929,692,1,34921,34921
1819,930,274,2,34473,68946
1820,930,184,2,41263,82526
1821,930,301,1,5867,5867
1822,931,333,1,10186,10186
1823,931,305,1,28474,28474
1824,932,750,2,28687,57374
1825,932,38,1,34881,34881
1826,933,87,1,44203,44203
1827,934,745,1,14867,14867
1828,935,506,2,6259,12518
1829,935,442,2,37673,75346
1830,935,915,2,16087,32174
1831,936,633,2,23367,46734
1832,936,250,1,8399,8399
1833,936,941,1,41205,41205
1834,937,382,1,3046,3046
1835,937,40,1,34219,34219
1836,938,525,1,9483,9483
1837,938,743,2,49326,98652
1838,939,768,2,32441,64882
1839,939,310,1,8766,8766
1840,939,433,1,3616,3616
1841,940,264,1,22156,22156
1842,940,739,2,45261,90522
1843,940,669,1,3472,3472
1844,941,585,2,23887,47774
1845,942,631,1,44255,44255
1846,942,527,1,20076,20076
1847,943,588,1,23494,23494
1848,943,485,2,35905,71810
1849,944,765,1,21140,21140
1850,944,706,2,23021,46042
1851,945,688,2,39622,79244
1852,945,47,1,31296,31296
1853,945,620,2,23126,46252
1854,946,6,1,38918,38918
1855,946,417,1,11090,11090
1856,947,673,2,24669,49338
1857,947,133,2,30557,61114
1858,948,614,2,49245,98490
1859,948,810,1,5474,5474
1860,949,231,1,25370,25370
1861,950,333,2,10186,20372
1862,950,227,2,19925,39850
1863,950,66,2,21033,42066
1864,951,610,2,46282,92564
1865,951,337,2,25689,51378
1866,951,555,1,44092,44092
1867,952,349,2,22370,44740
1868,952,328,2,30560,61120
1869,953,474,2,18100,36200
1870,954,546,1,21286,21286
1871,955,400,1,7734,7734
1872,955,262,1,18380,18380
1873,955,413,2,21076,42152
1874,956,354,2,44753,89506
1875,956,86,2,27320,54640
1876,956,213,2,32389,64778
1877,957,463,2,37058,74116
1878,957,691,1,7688,7688
1879,958,640,1,32389,32389
1880,959,361,2,3790,7580
1881,959,579,1,18212,18212
1882,959,442,2,37673,75346
1883,960,762,2,6862,13724
1884,960,503,1,4347,4347
1885,960,241,2,42021,84042
1886,961,972,1,32203,32203
1887,961,871,2,25421,50842
1888,961,127,1,686,686
1889,962,114,2,14641,29282
1890,963,886,1,31390,31390
1891,964,411,2,4608,9216
1892,964,564,1,5478,5478
1893,964,419,2,41919,83838
1894,965,286,2,28603,57206
1895,965,328,1,30560,30560
1896,965,789,2,5130,10260
1897,966,549,1,19645,19645
1898,966,546,2,21286,42572
1899,966,402,2,46439,92878
1900,967,294,2,40511,81022
1901,967,846,1,20101,20101
1902,968,410,2,30931,61862
1903,969,546,2,21286,42572
1904,970,672,1,18258,18258
1905,970,177,2,29314,58628
1906,971,669,2,3472,6944
1907,971,429,2,40058,80116
1908,971,998,1,43257,43257
1909,972,30,1,30035,30035
1910,972,634,1,46567,46567
1911,972,230,2,12100,24200
1912,973,333,1,10186,10186
1913,974,583,2,25203,50406
1914,975,94,1,2807,2807
1915,975,975,2,41555,83110
1916,975,380,1,31661,31661
1917,976,469,2,37032,74064
1918,977,896,2,47719,95438
1919,977,246,1,33185,33185
1920,977,180,2,16019,32038
1921,978,301,1,5867,5867
1922,979,212,2,47882,95764
1923,980,251,2,25270,50540
1924,980,701,1,25906,25906
1925,981,997,2,32228,64456
1926,982,657,2,37834,75668
1927,982,114,1,14641,14641
1928,982,823,1,11585,11585
1929,983,740,1,21782,21782
1930,983,986,1,10544,10544
1931,984,34,2,1576,3152
1932,984,699,2,10306,20612
1933,984,694,2,45057,90114
1934,985,802,2,43621,87242
1935,986,905,1,7096,7096
1936,986,734,1,18122,18122
1937,987,493,1,15735,15735
1938,987,848,2,42724,85448
1939,988,849,1,4483,4483
1940,988,843,2,8971,17942
1941,989,734,2,18122,36244
1942,989,950,2,48763,97526
1943,990,107,1,14305,14305
1944,991,777,1,43916,43916
1945,991,846,1,20101,20101
1946,992,423,2,5623,11246
1947,992,673,1,24669,24669
1948,993,815,2,17200,34400
1949,994,271,1,34777,34777
1950,995,658,1,49458,49458
1951,995,711,2,11236,22472
1952,996,504,2,35470,70940
1953,996,771,2,22631,45262
1954,996,251,2,25270,50540
1955,997,456,2,43264,86528
1956,997,339,2,36866,73732
1957,997,807,2,27431,54862
1958,998,37,1,8714,8714
1959,998,780,2,12232,24464
1960,998,144,1,45560,45560
1961,999,902,2,12284,24568
1962,1000,372,2,40592,81184
1963,1000,731,1,26144,26144
1964,1000,299,2,24954,49908
1965,1001,731,2,26144,52288
1966,1001,451,1,48752,48752
1967,1002,825,1,45553,45553
1968,1002,712,2,37911,75822
1969,1002,132,2,37287,74574
1970,1003,653,1,45463,45463
1971,1003,234,1,36121,36121
1972,1004,311,1,36916,36916
1973,1004,152,2,29843,59686
1974,1004,599,2,19989,39978
1975,1005,521,2,27775,55550
1976,1005,764,2,23552,47104
1977,1005,892,1,10810,10810
1978,1006,660,2,16523,33046
1979,1006,160,2,45636,91272
1980,1007,887,2,27882,55764
1981,1007,949,1,23806,23806
1982,1008,494,2,38472,76944
1983,1008,180,1,16019,16019
1984,1008,496,1,20406,20406
1985,1009,231,1,25370,25370
1986,1009,317,1,28852,28852
1987,1010,285,1,31381,31381
1988,1011,202,2,29269,58538
1989,1011,366,1,14433,14433
1990,1011,511,1,4478,4478
1991,1012,208,1,31921,31921
1992,1012,373,2,12575,25150
1993,1012,681,1,44676,44676
1994,1013,520,2,18364,36728
1995,1013,69,1,37196,37196
1996,1014,458,1,47563,47563
1997,1015,263,1,43735,43735
1998,1016,959,1,17012,17012
1999,1016,667,1,21459,21459
2000,1016,879,2,49459,98918
2001,1017,42,2,15380,30760
2002,1018,285,1,31381,31381
2003,1018,94,1,2807,2807
2004,1018,761,1,34996,34996
2005,1019,311,1,36916,36916
2006,1019,63,1,4753,4753
2007,1019,213,2,32389,64778
2008,1020,101,1,27064,27064
2009,1020,550,2,25193,50386
2010,1021,75,1,18148,18148
2011,1021,202,2,29269,58538
2012,1021,490,1,26874,26874
2013,1022,203,1,8886,8886
2014,1022,103,2,49329,98658
2015,1023,583,2,25203,50406
2016,1023,10,1,48123,48123
2017,1024,908,1,7701,7701
2018,1024,454,2,7483,14966
2019,1024,797,1,36322,36322
2020,1025,773,2,24213,48426
2021,1025,417,2,11090,22180
2022,1026,181,2,475,950
2023,1026,337,2,25689,51378
2024,1026,520,2,18364,36728
2025,1027,889,1,47405,47405
2026,1027,545,2,33907,67814
2027,1028,695,2,38793,77586
2028,1028,575,2,25803,51606
2029,1029,775,1,10622,10622
2030,1030,7,2,27996,55992
2031,1030,327,2,3981,7962
2032,1031,184,1,41263,41263
2033,1032,690,1,42647,42647
2034,1032,312,2,28888,57776
2035,1033,654,1,40680,40680
2036,1033,704,1,3906,3906
2037,1034,782,1,49146,49146
2038,1035,315,2,21584,43168
2039,1036,785,2,17120,34240
2040,1036,544,1,42814,42814
2041,1037,308,1,14143,14143
2042,1037,950,1,48763,48763
2043,1037,625,2,30581,61162
2044,1038,197,2,32771,65542
2045,1039,873,1,12789,12789
2046,1040,679,2,6154,12308
2047,1040,161,2,31315,62630
2048,1040,334,2,47113,94226
2049,1041,956,2,45038,90076
2050,1042,957,2,8121,16242
2051,1042,877,2,47999,95998
2052,1043,314,2,27673,55346
2053,1044,363,2,21185,42370
2054,1044,850,2,17414,34828
2055,1044,764,2,23552,47104
2056,1045,577,2,6701,13402
2057,1045,403,1,45780,45780
2058,1046,57,2,17680,35360
2059,1046,992,2,42631,85262
2060,1047,825,2,45553,91106
2061,1047,144,2,45560,91120
2062,1047,999,1,4874,4874
2063,1048,208,2,31921,63842
2064,1048,214,2,22918,45836
2065,1048,678,2,8962,17924
2066,1049,330,2,33531,67062
2067,1050,334,1,47113,47113
2068,1050,572,1,37230,37230
2069,1051,516,2,26059,52118
2070,1051,451,1,48752,48752
2071,1051,877,1,47999,47999
2072,1052,165,2,45530,91060
2073,1053,492,2,21507,43014
2074,1053,965,1,23198,23198
2075,1053,739,2,45261,90522
2076,1054,983,2,5057,10114
2077,1054,931,1,3347,3347
2078,1054,724,2,27172,54344
2079,1055,601,1,48460,48460
2080,1055,385,1,22053,22053
2081,1055,61,2,31546,63092
2082,1056,551,2,43200,86400
2083,1056,379,2,36083,72166
2084,1057,484,1,7332,7332
2085,1058,76,2,13642,27284
2086,1058,333,1,10186,10186
2087,1058,794,1,21998,21998
2088,1059,307,1,39577,39577
2089,1059,588,2,23494,46988
2090,1059,205,1,1196,1196
2091,1060,587,2,33883,67766
2092,1060,560,2,34995,69990
2093,1061,23,1,17519,17519
2094,1061,144,2,45560,91120
2095,1061,791,2,24906,49812
2096,1062,766,1,23347,23347
2097,1062,906,1,44759,44759
2098,1063,480,2,42629,85258
2099,1063,234,2,36121,72242
2100,1064,204,2,2191,4382
2101,1064,694,2,45057,90114
2102,1065,766,1,23347,23347
2103,1065,956,1,45038,45038
2104,1065,24,2,24023,48046
2105,1066,406,2,35831,71662
2106,1066,826,1,24708,24708
2107,1067,62,2,33581,67162
2108,1067,935,1,38216,38216
2109,1067,525,2,9483,18966
2110,1068,983,2,5057,10114
2111,1069,504,2,35470,70940
2112,1069,290,1,20776,20776
2113,1069,589,1,21561,21561
2114,1070,95,1,48045,48045
2115,1070,998,1,43257,43257
2116,1070,572,1,37230,37230
2117,1071,945,1,1136,1136
2118,1071,480,1,42629,42629
2119,1071,625,2,30581,61162
2120,1072,477,1,21946,21946
2121,1072,463,2,37058,74116
2122,1073,187,2,49383,98766
2123,1074,541,2,48893,97786
2124,1074,800,1,13862,13862
2125,1075,589,1,21561,21561
2126,1075,301,2,5867,11734
2127,1076,9,1,23826,23826
2128,1077,438,2,38530,77060
2129,1077,155,1,17231,17231
2130,1078,691,2,7688,15376
2131,1078,787,1,25119,25119
2132,1078,335,2,16536,33072
2133,1079,889,1,47405,47405
2134,1079,591,1,34451,34451
2135,1079,157,1,5910,5910
2136,1080,186,1,4979,4979
2137,1080,104,1,26912,26912
2138,1081,554,2,35829,71658
2139,1082,336,2,40264,80528
2140,1083,674,1,20321,20321
2141,1084,311,1,36916,36916
2142,1085,278,1,41215,41215
2143,1085,239,2,830,1660
2144,1086,141,2,40096,80192
2145,1087,855,2,45278,90556
2146,1088,455,1,41539,41539
2147,1089,51,2,12765,25530
2148,1089,458,2,47563,95126
2149,1090,211,2,22574,45148
2150,1091,835,1,18255,18255
2151,1091,128,1,35572,35572
2152,1091,96,1,7878,7878
2153,1092,124,2,27488,54976
2154,1093,620,2,23126,46252
2155,1093,367,2,28038,56076
2156,1093,768,1,32441,32441
2157,1094,93,2,7859,15718
2158,1095,262,1,18380,18380
2159,1095,521,2,27775,55550
2160,1096,8,2,22359,44718
2161,1097,410,1,30931,30931
2162,1097,985,2,28983,57966
2163,1098,969,1,16279,16279
2164,1098,318,2,26236,52472
2165,1099,308,1,14143,14143
2166,1099,235,2,38807,77614
2167,1099,719,2,30780,61560
2168,1100,975,2,41555,83110
2169,1101,663,1,45828,45828
2170,1101,919,1,32895,32895
2171,1101,332,1,12636,12636
2172,1102,579,1,18212,18212
2173,1103,532,1,24971,24971
2174,1104,712,2,37911,75822
2175,1105,63,1,4753,4753
2176,1106,677,2,828,1656
2177,1106,301,1,5867,5867
2178,1106,381,2,2723,5446
2179,1107,179,1,41293,41293
2180,1108,829,1,39947,39947
2181,1108,830,2,26984,53968
2182,1108,685,1,49612,49612
2183,1109,31,2,33571,67142
2184,1110,314,2,27673,55346
2185,1111,383,2,35888,71776
2186,1111,931,2,3347,6694
2187,1111,862,1,4967,4967
2188,1112,340,1,39798,39798
2189,1113,36,1,48266,48266
2190,1113,753,2,2570,5140
2191,1114,553,2,11392,22784
2192,1115,740,1,21782,21782
2193,1115,538,1,44449,44449
2194,1115,174,1,38115,38115
2195,1116,919,1,32895,32895
2196,1116,229,2,16303,32606
2197,1117,116,2,30750,61500
2198,1118,426,2,20098,40196
2199,1118,877,1,47999,47999
2200,1119,829,2,39947,79894
2201,1119,653,2,45463,90926
2202,1119,1,2,16349,32698
2203,1120,132,2,37287,74574
2204,1120,331,1,48725,48725
2205,1121,505,1,29256,29256
2206,1121,767,1,12636,12636
2207,1122,528,1,19993,19993
2208,1123,231,1,25370,25370
2209,1124,98,2,45313,90626
2210,1124,735,1,38619,38619
2211,1124,414,1,34205,34205
2212,1125,257,1,44240,44240
2213,1126,676,2,39207,78414
2214,1126,309,2,8163,16326
2215,1126,337,1,25689,25689
2216,1127,433,1,3616,3616
2217,1127,384,1,12824,12824
2218,1128,928,1,9504,9504
2219,1128,819,1,10012,10012
2220,1128,395,1,44739,44739
2221,1129,147,1,42737,42737
2222,1130,166,2,18420,36840
2223,1131,12,2,38137,76274
2224,1131,586,2,12580,25160
2225,1132,193,2,31134,62268
2226,1132,644,2,46839,93678
2227,1133,465,2,36100,72200
2228,1134,451,2,48752,97504
2229,1134,121,2,47062,94124
2230,1134,763,2,48603,97206
2231,1135,262,2,18380,36760
2232,1136,791,2,24906,49812
2233,1136,563,1,34801,34801
2234,1137,877,2,47999,95998
2235,1137,351,1,3163,3163
2236,1137,782,2,49146,98292
2237,1138,658,1,49458,49458
2238,1138,27,1,25309,25309
2239,1139,999,2,4874,9748
2240,1140,124,2,27488,54976
2241,1141,895,2,32681,65362
2242,1142,464,1,20862,20862
2243,1142,447,1,33665,33665
2244,1143,840,1,3553,3553
2245,1143,964,1,27558,27558
2246,1144,228,1,19526,19526
2247,1144,795,2,36614,73228
2248,1144,18,1,17991,17991
2249,1145,881,1,38946,38946
2250,1145,544,2,42814,85628
2251,1145,538,1,44449,44449
2252,1146,970,2,25588,51176
2253,1146,544,1,42814,42814
2254,1146,171,1,37921,37921
2255,1147,170,1,46005,46005
2256,1147,651,1,2412,2412
2257,1147,650,2,14622,29244
2258,1148,286,1,28603,28603
2259,1149,304,2,18202,36404
2260,1149,400,2,7734,15468
2261,1150,330,2,33531,67062
2262,1150,140,1,30776,30776
2263,1151,258,2,27489,54978
2264,1152,946,1,9824,9824
2265,1153,774,2,6921,13842
2266,1154,148,2,7216,14432
2267,1155,783,1,11302,11302
2268,1156,806,2,10204,20408
2269,1156,164,2,8207,16414
2270,1157,199,2,7897,15794
2271,1157,255,1,20246,20246
2272,1157,855,1,45278,45278
2273,1158,144,2,45560,91120
2274,1158,915,1,16087,16087
2275,1159,758,1,22846,22846
2276,1159,600,1,20890,20890
2277,1159,968,2,22975,45950
2278,1160,689,2,34231,68462
2279,1161,12,1,38137,38137
2280,1161,653,2,45463,90926
2281,1162,106,2,21418,42836
2282,1162,791,1,24906,24906
2283,1162,644,2,46839,93678
2284,1163,842,2,27137,54274
2285,1163,128,1,35572,35572
2286,1164,902,2,12284,24568
2287,1165,973,2,33978,67956
2288,1165,42,2,15380,30760
2289,1166,642,2,9247,18494
2290,1167,600,2,20890,41780
2291,1167,173,2,7776,15552
2292,1168,536,1,21944,21944
2293,1169,750,2,28687,57374
2294,1170,891,2,34584,69168
2295,1171,987,1,36064,36064
2296,1171,443,1,19213,19213
2297,1171,432,2,17829,35658
2298,1172,751,2,45075,90150
2299,1172,283,2,27562,55124
2300,1172,927,2,46312,92624
2301,1173,857,1,6696,6696
2302,1173,258,1,27489,27489
2303,1173,366,1,14433,14433
2304,1174,826,2,24708,49416
2305,1174,498,1,14773,14773
2306,1174,249,2,6218,12436
2307,1175,273,2,33319,66638
2308,1175,107,2,14305,28610
2309,1175,800,2,13862,27724
2310,1176,617,1,1909,1909
2311,1177,859,1,14936,14936
2312,1177,813,1,12930,12930
2313,1177,659,1,8615,8615
2314,1178,370,2,39407,78814
2315,1179,736,1,29762,29762
2316,1179,763,2,48603,97206
2317,1180,808,2,25669,51338
2318,1180,451,1,48752,48752
2319,1180,873,2,12789,25578
2320,1181,763,1,48603,48603
2321,1181,797,1,36322,36322
2322,1181,443,1,19213,19213
2323,1182,646,2,18312,36624
2324,1183,300,2,24551,49102
2325,1184,747,2,5214,10428
2326,1185,368,2,8285,16570
2327,1185,839,2,49383,98766
2328,1186,284,2,43888,87776
2329,1187,333,2,10186,20372
2330,1188,651,1,2412,2412
2331,1188,270,1,11719,11719
2332,1188,788,2,31723,63446
2333,1189,411,1,4608,4608
2334,1189,772,2,9980,19960
2335,1189,357,1,31795,31795
2336,1190,361,1,3790,3790
2337,1190,632,2,25769,51538
2338,1191,104,1,26912,26912
2339,1191,937,2,40211,80422
2340,1192,637,1,9564,9564
2341,1192,510,2,5086,10172
2342,1193,272,2,24026,48052
2343,1194,346,2,14337,28674
2344,1194,826,2,24708,49416
2345,1195,983,1,5057,5057
2346,1196,17,1,48084,48084
2347,1196,115,2,36830,73660
2348,1197,718,2,14926,29852
2349,1197,658,1,49458,49458
2350,1197,574,2,19913,39826
2351,1198,713,1,3186,3186
2352,1198,78,1,532,532
2353,1198,204,2,2191,4382
2354,1199,150,2,35569,71138
2355,1199,734,2,18122,36244
2356,1200,137,2,14994,29988
2357,1200,944,1,44022,44022
2358,1201,835,2,18255,36510
2359,1201,898,1,11749,11749
2360,1201,909,2,17445,34890
2361,1202,454,1,7483,7483
2362,1203,562,1,34666,34666
2363,1204,281,1,42958,42958
2364,1204,27,1,25309,25309
2365,1204,507,1,8947,8947
2366,1205,451,1,48752,48752
2367,1206,13,2,15235,30470
2368,1207,988,1,48097,48097
2369,1208,495,2,23863,47726
2370,1208,859,1,14936,14936
2371,1208,450,2,21793,43586
2372,1209,869,2,10683,21366
2373,1210,590,2,25714,51428
2374,1210,910,2,47733,95466
2375,1210,924,2,39618,79236
2376,1211,442,2,37673,75346
2377,1211,380,1,31661,31661
2378,1212,554,1,35829,35829
2379,1212,366,1,14433,14433
2380,1213,881,1,38946,38946
2381,1213,848,1,42724,42724
2382,1214,940,2,46953,93906
2383,1215,322,1,13228,13228
2384,1215,108,2,5857,11714
2385,1215,827,1,18672,18672
2386,1216,276,1,46987,46987
2387,1216,589,2,21561,43122
2388,1217,449,2,30249,60498
2389,1217,510,1,5086,5086
2390,1217,606,1,33022,33022
2391,1218,574,2,19913,39826
2392,1219,666,2,14575,29150
2393,1219,59,2,19745,39490
2394,1219,918,1,6068,6068
2395,1220,699,2,10306,20612
2396,1221,978,2,3856,7712
2397,1222,259,1,18633,18633
2398,1222,971,2,34173,68346
2399,1222,919,2,32895,65790
2400,1223,783,2,11302,22604
2401,1223,966,1,23945,23945
2402,1223,137,2,14994,29988
2403,1224,552,2,48770,97540
2404,1224,714,2,24153,48306
2405,1225,584,2,7282,14564
2406,1226,785,2,17120,34240
2407,1227,995,1,42549,42549
2408,1228,773,1,24213,24213
2409,1228,367,1,28038,28038
2410,1228,602,1,24945,24945
2411,1229,424,1,14115,14115
2412,1229,748,1,29360,29360
2413,1229,166,1,18420,18420
2414,1230,31,2,33571,67142
2415,1231,123,1,15455,15455
2416,1231,340,2,39798,79596
2417,1231,92,2,33684,67368
2418,1232,391,2,39793,79586
2419,1232,714,1,24153,24153
2420,1233,188,2,31016,62032
2421,1233,99,2,43831,87662
2422,1234,725,2,41977,83954
2423,1235,512,1,2379,2379
2424,1235,93,2,7859,15718
2425,1236,206,2,7735,15470
2426,1236,233,1,44002,44002
2427,1237,463,1,37058,37058
2428,1237,770,2,344,688
2429,1238,901,1,28986,28986
2430,1239,61,1,31546,31546
2431,1239,700,1,33808,33808
2432,1239,383,1,35888,35888
2433,1240,13,2,15235,30470
2434,1240,5,2,46262,92524
2435,1240,335,1,16536,16536
2436,1241,577,1,6701,6701
2437,1241,384,1,12824,12824
2438,1241,880,1,15269,15269
2439,1242,636,1,20313,20313
2440,1242,511,2,4478,8956
2441,1242,187,1,49383,49383
2442,1243,935,2,38216,76432
2443,1243,159,1,1430,1430
2444,1243,615,2,37998,75996
2445,1244,867,1,41655,41655
2446,1244,901,1,28986,28986
2447,1244,791,2,24906,49812
2448,1245,638,1,9335,9335
2449,1246,910,1,47733,47733
2450,1246,982,2,47504,95008
2451,1246,813,2,12930,25860
2452,1247,358,1,8470,8470
2453,1248,531,1,45933,45933
2454,1248,172,2,22628,45256
2455,1248,922,1,43199,43199
2456,1249,159,2,1430,2860
2457,1249,628,2,591,1182
2458,1249,943,2,23384,46768
2459,1250,967,1,31420,31420
2460,1250,120,2,41374,82748
2461,1251,375,1,1632,1632
2462,1252,984,2,45249,90498
2463,1253,814,2,45069,90138
2464,1254,367,1,28038,28038
2465,1255,831,1,34068,34068
2466,1255,864,1,3843,3843
2467,1256,671,2,28336,56672
2468,1256,329,1,19113,19113
2469,1256,934,2,38646,77292
2470,1257,139,1,8572,8572
2471,1257,459,2,37823,75646
2472,1258,437,2,26071,52142
2473,1258,414,1,34205,34205
2474,1258,446,2,36858,73716
2475,1259,504,1,35470,35470
2476,1260,575,2,25803,51606
2477,1260,496,2,20406,40812
2478,1261,806,2,10204,20408
2479,1261,790,1,17413,17413
2480,1262,852,1,21244,21244
2481,1262,43,2,46689,93378
2482,1262,193,1,31134,31134
2483,1263,322,1,13228,13228
2484,1263,757,1,47051,47051
2485,1263,50,2,48024,96048
2486,1264,193,1,31134,31134
2487,1264,361,2,3790,7580
2488,1265,521,1,27775,27775
2489,1265,537,2,35403,70806
2490,1265,870,1,28723,28723
2491,1266,102,2,8641,17282
2492,1267,914,1,32795,32795
2493,1268,328,1,30560,30560
2494,1268,75,2,18148,36296
2495,1268,732,1,28807,28807
2496,1269,656,1,35608,35608
2497,1269,628,2,591,1182
2498,1269,16,1,45096,45096
2499,1270,120,1,41374,41374
2500,1270,947,1,49464,49464
2501,1270,298,2,9597,19194
2502,1271,400,1,7734,7734
2503,1272,940,2,46953,93906
2504,1272,858,1,12297,12297
2505,1273,146,1,35213,35213
2506,1274,685,2,49612,99224
2507,1274,265,2,4796,9592
2508,1274,904,1,11230,11230
2509,1275,755,2,25401,50802
2510,1275,936,1,43391,43391
2511,1275,280,2,39977,79954
2512,1276,387,1,32819,32819
2513,1276,285,2,31381,62762
2514,1277,615,2,37998,75996
2515,1277,11,1,5464,5464
2516,1278,786,1,29019,29019
2517,1278,460,1,20858,20858
2518,1278,132,1,37287,37287
2519,1279,163,2,30036,60072
2520,1280,188,2,31016,62032
2521,1281,967,2,31420,62840
2522,1282,733,2,20944,41888
2523,1282,953,2,1149,2298
2524,1282,712,2,37911,75822
2525,1283,877,2,47999,95998
2526,1283,584,1,7282,7282
2527,1284,405,1,44990,44990
2528,1285,569,2,42564,85128
2529,1286,131,1,8664,8664
2530,1287,491,1,26569,26569
2531,1287,112,1,38027,38027
2532,1288,854,2,38509,77018
2533,1289,86,1,27320,27320
2534,1290,447,2,33665,67330
2535,1291,757,2,47051,94102
2536,1291,147,1,42737,42737
2537,1292,957,1,8121,8121
2538,1292,516,1,26059,26059
2539,1292,786,2,29019,58038
2540,1293,583,1,25203,25203
2541,1294,350,2,10933,21866
2542,1295,359,2,29746,59492
2543,1296,924,1,39618,39618
2544,1297,390,2,5547,11094
2545,1297,157,1,5910,5910
2546,1298,189,1,35688,35688
2547,1299,674,2,20321,40642
2548,1299,739,1,45261,45261
2549,1300,72,1,35900,35900
2550,1300,864,2,3843,7686
2551,1301,165,2,45530,91060
2552,1301,147,1,42737,42737
2553,1301,561,1,33213,33213
2554,1302,67,1,17707,17707
2555,1302,420,1,20145,20145
2556,1302,531,2,45933,91866
2557,1303,40,1,34219,34219
2558,1303,147,1,42737,42737
2559,1304,391,1,39793,39793
2560,1305,60,1,4294,4294
2561,1305,834,1,2467,2467
2562,1305,397,1,2422,2422
2563,1306,559,2,35179,70358
2564,1306,76,2,13642,27284
2565,1306,21,2,43254,86508
2566,1307,631,1,44255,44255
2567,1307,397,2,2422,4844
2568,1307,461,2,13662,27324
2569,1308,652,2,29074,58148
2570,1308,466,1,12900,12900
2571,1309,550,2,25193,50386
2572,1309,901,1,28986,28986
2573,1310,294,1,40511,40511
2574,1311,264,1,22156,22156
2575,1311,904,2,11230,22460
2576,1312,22,2,17659,35318
2577,1312,443,1,19213,19213
2578,1312,825,1,45553,45553
2579,1313,421,1,11351,11351
2580,1313,728,2,46938,93876
2581,1314,861,2,31137,62274
2582,1315,965,2,23198,46396
2583,1316,905,2,7096,14192
2584,1316,428,2,27538,55076
2585,1317,976,2,35542,71084
2586,1317,398,2,29394,58788
2587,1318,334,2,47113,94226
2588,1318,682,1,855,855
2589,1319,543,1,21377,21377
2590,1319,211,1,22574,22574
2591,1319,252,1,1940,1940
2592,1320,676,2,39207,78414
2593,1320,803,2,12416,24832
2594,1320,634,2,46567,93134
2595,1321,660,1,16523,16523
2596,1321,315,2,21584,43168
2597,1322,482,1,2681,2681
2598,1323,668,2,8858,17716
2599,1323,464,1,20862,20862
2600,1323,308,1,14143,14143
2601,1324,346,1,14337,14337
2602,1325,394,2,33925,67850
2603,1325,960,1,2917,2917
2604,1325,530,2,3372,6744
2605,1326,711,1,11236,11236
2606,1327,582,1,16451,16451
2607,1327,684,2,29292,58584
2608,1328,697,1,41494,41494
2609,1328,577,2,6701,13402
2610,1328,788,1,31723,31723
2611,1329,422,2,41225,82450
2612,1330,252,1,1940,1940
2613,1330,889,2,47405,94810
2614,1331,626,1,42274,42274
2615,1331,956,1,45038,45038
2616,1332,88,1,7384,7384
2617,1333,943,1,23384,23384
2618,1334,874,2,45750,91500
2619,1334,93,2,7859,15718
2620,1335,762,1,6862,6862
2621,1336,315,1,21584,21584
2622,1337,639,2,32194,64388
2623,1337,932,2,43452,86904
2624,1338,347,1,9315,9315
2625,1338,721,2,19409,38818
2626,1339,104,1,26912,26912
2627,1339,822,1,32123,32123
2628,1340,426,1,20098,20098
2629,1341,933,1,584,584
2630,1341,634,2,46567,93134
2631,1341,420,2,20145,40290
2632,1342,869,1,10683,10683
2633,1342,926,1,41827,41827
2634,1342,256,2,35528,71056
2635,1343,774,1,6921,6921
2636,1344,902,2,12284,24568
2637,1345,389,1,12126,12126
2638,1345,489,1,49929,49929
2639,1346,705,2,46692,93384
2640,1346,838,1,36432,36432
2641,1346,372,2,40592,81184
2642,1347,994,2,44273,88546
2643,1348,581,2,38695,77390
2644,1348,353,1,15974,15974
2645,1348,907,2,23801,47602
2646,1349,182,1,19387,19387
2647,1350,308,1,14143,14143
2648,1350,694,1,45057,45057
2649,1350,404,1,5153,5153
2650,1351,329,1,19113,19113
2651,1351,300,2,24551,49102
2652,1351,729,2,34362,68724
2653,1352,637,2,9564,19128
2654,1353,374,2,34775,69550
2655,1354,526,2,21199,42398
2656,1355,926,2,41827,83654
2657,1355,938,2,19578,39156
2658,1355,25,1,6257,6257
2659,1356,665,1,43825,43825
2660,1357,314,2,27673,55346
2661,1357,270,2,11719,23438
2662,1357,460,1,20858,20858
2663,1358,768,2,32441,64882
2664,1358,778,1,48403,48403
2665,1359,565,1,16238,16238
2666,1359,33,1,35057,35057
2667,1360,588,2,23494,46988
2668,1360,20,1,4637,4637
2669,1360,310,2,8766,17532
2670,1361,398,2,29394,58788
2671,1361,37,2,8714,17428
2672,1362,376,2,25654,51308
2673,1362,823,2,11585,23170
2674,1363,351,2,3163,6326
2675,1363,136,2,31122,62244
2676,1363,966,1,23945,23945
2677,1364,289,1,49470,49470
2678,1364,274,2,34473,68946
2679,1365,87,2,44203,88406
2680,1365,825,1,45553,45553
2681,1365,683,1,41461,41461
2682,1366,826,1,24708,24708
2683,1367,77,1,3629,3629
2684,1368,67,1,17707,17707
2685,1368,158,1,49987,49987
2686,1369,10,1,48123,48123
2687,1370,827,1,18672,18672
2688,1370,350,1,10933,10933
2689,1370,892,2,10810,21620
2690,1371,895,1,32681,32681
2691,1371,339,1,36866,36866
2692,1371,805,1,17562,17562
2693,1372,143,1,24896,24896
2694,1372,205,1,1196,1196
2695,1372,941,1,41205,41205
2696,1373,975,2,41555,83110
2697,1373,94,1,2807,2807
2698,1373,4,1,33418,33418
2699,1374,735,1,38619,38619
2700,1375,329,1,19113,19113
2701,1375,641,2,29856,59712
2702,1376,726,2,24959,49918
2703,1377,724,2,27172,54344
2704,1377,191,1,1995,1995
2705,1377,481,2,35371,70742
2706,1378,520,1,18364,18364
2707,1379,181,1,475,475
2708,1380,148,1,7216,7216
2709,1380,900,1,933,933
2710,1381,780,1,12232,12232
2711,1381,78,2,532,1064
2712,1381,193,1,31134,31134
2713,1382,405,2,44990,89980
2714,1383,423,2,5623,11246
2715,1383,519,1,15351,15351
2716,1383,656,2,35608,71216
2717,1384,845,1,23153,23153
2718,1384,354,1,44753,44753
2719,1385,912,2,22959,45918
2720,1385,992,2,42631,85262
2721,1385,700,1,33808,33808
2722,1386,64,1,16435,16435
2723,1387,353,1,15974,15974
2724,1387,925,2,6685,13370
2725,1388,691,2,7688,15376
2726,1389,763,1,48603,48603
2727,1390,603,2,37252,74504
2728,1390,790,1,17413,17413
2729,1391,269,2,23777,47554
2730,1391,745,2,14867,29734
2731,1391,860,2,17376,34752
2732,1392,831,2,34068,68136
2733,1392,492,2,21507,43014
2734,1392,380,2,31661,63322
2735,1393,560,1,34995,34995
2736,1393,763,1,48603,48603
2737,1394,175,2,20212,40424
2738,1394,44,2,21954,43908
2739,1394,708,2,22255,44510
2740,1395,333,2,10186,20372
2741,1395,946,2,9824,19648
2742,1396,464,1,20862,20862
2743,1396,157,2,5910,11820
2744,1397,973,1,33978,33978
2745,1397,26,2,10784,21568
2746,1398,892,1,10810,10810
2747,1398,648,2,7719,15438
2748,1399,15,1,24560,24560
2749,1399,445,1,8732,8732
2750,1400,969,1,16279,16279
2751,1400,189,1,35688,35688
2752,1400,223,2,35271,70542
2753,1401,154,2,21600,43200
2754,1401,278,1,41215,41215
2755,1402,510,2,5086,10172
2756,1403,311,2,36916,73832
2757,1404,195,2,23103,46206
2758,1405,742,2,11694,23388
2759,1405,512,1,2379,2379
2760,1405,444,2,36335,72670
2761,1406,62,1,33581,33581
2762,1406,362,1,25607,25607
2763,1406,985,2,28983,57966
2764,1407,489,1,49929,49929
2765,1407,623,1,7467,7467
2766,1407,297,2,12188,24376
2767,1408,427,2,30023,60046
2768,1409,980,2,29864,59728
2769,1410,163,2,30036,60072
2770,1410,347,2,9315,18630
2771,1410,646,1,18312,18312
2772,1411,133,2,30557,61114
2773,1411,543,2,21377,42754
2774,1411,289,1,49470,49470
2775,1412,579,2,18212,36424
2776,1412,994,1,44273,44273
2777,1413,458,2,47563,95126
2778,1414,253,2,42744,85488
2779,1414,215,1,30141,30141
2780,1415,650,2,14622,29244
2781,1415,938,2,19578,39156
2782,1416,349,2,22370,44740
2783,1416,592,1,17923,17923
2784,1416,813,1,12930,12930
2785,1417,801,1,7869,7869
2786,1417,648,1,7719,7719
2787,1418,501,2,49762,99524
2788,1419,321,1,9979,9979
2789,1420,769,2,39730,79460
2790,1420,152,1,29843,29843
2791,1421,503,2,4347,8694
2792,1421,474,1,18100,18100
2793,1421,618,2,5926,11852
2794,1422,797,2,36322,72644
2795,1422,198,1,30107,30107
2796,1423,869,1,10683,10683
2797,1423,797,2,36322,72644
2798,1424,229,1,16303,16303
2799,1425,365,2,29699,59398
2800,1425,845,1,23153,23153
2801,1426,980,2,29864,59728
2802,1426,328,2,30560,61120
2803,1427,905,1,7096,7096
2804,1427,550,1,25193,25193
2805,1427,205,2,1196,2392
2806,1428,63,1,4753,4753
2807,1428,754,2,36389,72778
2808,1428,907,1,23801,23801
2809,1429,434,1,16570,16570
2810,1429,718,2,14926,29852
2811,1430,210,2,49209,98418
2812,1430,148,1,7216,7216
2813,1431,668,2,8858,17716
2814,1432,378,2,48481,96962
2815,1433,458,2,47563,95126
2816,1434,161,2,31315,62630
2817,1434,609,1,33501,33501
2818,1434,455,2,41539,83078
2819,1435,283,2,27562,55124
2820,1435,203,2,8886,17772
2821,1436,601,1,48460,48460
2822,1437,980,1,29864,29864
2823,1437,18,1,17991,17991
2824,1438,566,2,42891,85782
2825,1438,489,1,49929,49929
2826,1439,852,2,21244,42488
2827,1439,738,1,30665,30665
2828,1440,445,2,8732,17464
2829,1440,662,1,5249,5249
2830,1440,332,2,12636,25272
2831,1441,857,2,6696,13392
2832,1441,779,2,46306,92612
2833,1441,36,1,48266,48266
2834,1442,58,1,48174,48174
2835,1442,741,2,26268,52536
2836,1442,735,1,38619,38619
2837,1443,144,1,45560,45560
2838,1444,536,1,21944,21944
2839,1445,241,2,42021,84042
2840,1445,95,2,48045,96090
2841,1445,773,2,24213,48426
2842,1446,423,2,5623,11246
2843,1447,505,2,29256,58512
2844,1448,64,2,16435,32870
2845,1448,538,1,44449,44449
2846,1448,427,1,30023,30023
2847,1449,460,1,20858,20858
2848,1450,782,2,49146,98292
2849,1451,246,1,33185,33185
2850,1452,700,1,33808,33808
2851,1452,572,1,37230,37230
2852,1452,25,2,6257,12514
2853,1453,44,1,21954,21954
2854,1454,973,1,33978,33978
2855,1455,513,2,42342,84684
2856,1456,397,2,2422,4844
2857,1456,775,1,10622,10622
2858,1457,784,1,17680,17680
2859,1457,297,2,12188,24376
2860,1457,505,1,29256,29256
2861,1458,205,1,1196,1196
2862,1459,236,2,20099,40198
2863,1460,358,1,8470,8470
2864,1461,903,1,18114,18114
2865,1461,377,2,4727,9454
2866,1461,522,1,6912,6912
2867,1462,550,1,25193,25193
2868,1463,763,2,48603,97206
2869,1463,638,2,9335,18670
2870,1463,289,2,49470,98940
2871,1464,855,1,45278,45278
2872,1465,263,2,43735,87470
2873,1465,343,2,20588,41176
2874,1465,201,2,34276,68552
2875,1466,667,2,21459,42918
2876,1467,30,2,30035,60070
2877,1467,457,1,38541,38541
2878,1468,116,1,30750,30750
2879,1469,824,1,40188,40188
2880,1469,110,1,9956,9956
2881,1470,754,1,36389,36389
2882,1470,766,2,23347,46694
2883,1470,306,2,34833,69666
2884,1471,56,1,4142,4142
2885,1471,664,2,38439,76878
2886,1472,524,1,29067,29067
2887,1473,13,1,15235,15235
2888,1473,222,2,22487,44974
2889,1474,512,2,2379,4758
2890,1475,336,1,40264,40264
2891,1475,469,2,37032,74064
2892,1475,401,2,25661,51322
2893,1476,612,1,37211,37211
2894,1476,293,1,37924,37924
2895,1476,815,1,17200,17200
2896,1477,874,1,45750,45750
2897,1478,52,2,12325,24650
2898,1478,878,1,28720,28720
2899,1478,12,2,38137,76274
2900,1479,391,1,39793,39793
2901,1479,747,1,5214,5214
2902,1480,377,1,4727,4727
2903,1481,196,2,7155,14310
2904,1481,995,1,42549,42549
2905,1481,434,2,16570,33140
2906,1482,670,2,8442,16884
2907,1482,23,1,17519,17519
2908,1483,310,1,8766,8766
2909,1484,468,1,46502,46502
2910,1484,953,1,1149,1149
2911,1485,763,1,48603,48603
2912,1485,976,2,35542,71084
2913,1485,699,1,10306,10306
2914,1486,116,1,30750,30750
2915,1487,241,2,42021,84042
2916,1487,467,2,15036,30072
2917,1487,891,1,34584,34584
2918,1488,577,1,6701,6701
2919,1488,492,1,21507,21507
2920,1488,65,1,5672,5672
2921,1489,695,1,38793,38793
2922,1489,387,1,32819,32819
2923,1490,443,2,19213,38426
2924,1490,851,2,16048,32096
2925,1491,997,1,32228,32228
2926,1492,919,1,32895,32895
2927,1492,46,2,47705,95410
2928,1492,673,2,24669,49338
2929,1493,491,2,26569,53138
2930,1493,208,1,31921,31921
2931,1493,822,2,32123,64246
2932,1494,241,2,42021,84042
2933,1495,666,1,14575,14575
2934,1496,856,2,19973,39946
2935,1496,878,1,28720,28720
2936,1496,446,1,36858,36858
2937,1497,373,2,12575,25150
2938,1497,91,2,18558,37116
2939,1498,558,2,40790,81580
2940,1498,168,2,12059,24118
2941,1499,565,2,16238,32476
2942,1499,554,2,35829,71658
2943,1499,150,2,35569,71138
2944,1500,595,2,16460,32920
2945,1501,479,2,42933,85866
2946,1501,356,1,13387,13387
2947,1502,770,2,344,688
2948,1502,911,2,34582,69164
2949,1502,507,2,8947,17894
2950,1503,617,2,1909,3818
2951,1504,341,2,43790,87580
2952,1505,478,1,36367,36367
2953,1505,462,1,48523,48523
2954,1505,772,2,9980,19960
2955,1506,941,1,41205,41205
2956,1506,881,2,38946,77892
2957,1506,641,1,29856,29856
2958,1507,143,1,24896,24896
2959,1507,836,2,41942,83884
2960,1507,812,1,49923,49923
2961,1508,902,1,12284,12284
2962,1508,115,1,36830,36830
2963,1509,5,1,46262,46262
2964,1509,261,1,24373,24373
2965,1509,957,2,8121,16242
2966,1510,120,2,41374,82748
2967,1510,334,2,47113,94226
2968,1511,673,1,24669,24669
2969,1511,840,2,3553,7106
2970,1511,403,2,45780,91560
2971,1512,770,2,344,688
2972,1512,109,1,6420,6420
2973,1512,232,1,15516,15516
2974,1513,1,1,16349,16349
2975,1513,915,2,16087,32174
2976,1513,813,1,12930,12930
2977,1514,712,2,37911,75822
2978,1515,774,2,6921,13842
2979,1516,846,1,20101,20101
2980,1516,215,1,30141,30141
2981,1517,17,1,48084,48084
2982,1518,124,1,27488,27488
2983,1518,213,1,32389,32389
2984,1519,260,2,29443,58886
2985,1520,433,2,3616,7232
2986,1521,413,2,21076,42152
2987,1521,11,2,5464,10928
2988,1521,715,2,36532,73064
2989,1522,214,2,22918,45836
2990,1522,312,2,28888,57776
2991,1523,630,2,21663,43326
2992,1523,608,1,29730,29730
2993,1523,43,2,46689,93378
2994,1524,360,2,14851,29702
2995,1524,32,2,13335,26670
2996,1525,771,1,22631,22631
2997,1525,552,2,48770,97540
2998,1526,602,2,24945,49890
2999,1526,636,2,20313,40626
3000,1526,902,1,12284,12284
3001,1527,40,2,34219,68438
3002,1527,986,1,10544,10544
3003,1528,259,1,18633,18633
3004,1528,557,1,14634,14634
3005,1529,742,1,11694,11694
3006,1530,389,2,12126,24252
3007,1530,768,1,32441,32441
3008,1531,481,2,35371,70742
3009,1531,36,2,48266,96532
3010,1531,331,1,48725,48725
3011,1532,421,1,11351,11351
3012,1532,98,1,45313,45313
3013,1532,11,2,5464,10928
3014,1533,515,1,43130,43130
3015,1534,282,2,15274,30548
3016,1534,714,1,24153,24153
3017,1535,600,2,20890,41780
3018,1535,121,1,47062,47062
3019,1536,301,1,5867,5867
3020,1536,875,1,25436,25436
3021,1537,616,2,30647,61294
3022,1537,340,1,39798,39798
3023,1538,159,1,1430,1430
3024,1538,992,1,42631,42631
3025,1538,858,2,12297,24594
3026,1539,256,2,35528,71056
3027,1539,6,1,38918,38918
3028,1540,45,1,44142,44142
3029,1540,310,1,8766,8766
3030,1541,887,2,27882,55764
3031,1541,700,1,33808,33808
3032,1542,456,1,43264,43264
3033,1542,828,1,19992,19992
3034,1542,718,1,14926,14926
3035,1543,136,1,31122,31122
3036,1544,509,2,26248,52496
3037,1544,376,1,25654,25654
3038,1545,538,2,44449,88898
3039,1545,920,1,2648,2648
3040,1545,711,2,11236,22472
3041,1546,35,2,4096,8192
3042,1546,286,2,28603,57206
3043,1547,67,1,17707,17707
3044,1548,899,2,20793,41586
3045,1548,972,2,32203,64406
3046,1549,520,1,18364,18364
3047,1549,942,1,11953,11953
3048,1550,25,1,6257,6257
3049,1551,585,1,23887,23887
3050,1552,202,2,29269,58538
3051,1552,457,2,38541,77082
3052,1552,676,2,39207,78414
3053,1553,995,1,42549,42549
3054,1554,424,1,14115,14115
3055,1554,119,1,17286,17286
3056,1554,574,1,19913,19913
3057,1555,308,1,14143,14143
3058,1556,719,2,30780,61560
3059,1556,401,1,25661,25661
3060,1556,12,1,38137,38137
3061,1557,538,2,44449,88898
3062,1558,544,1,42814,42814
3063,1558,10,2,48123,96246
3064,1558,311,1,36916,36916
3065,1559,821,1,22835,22835
3066,1559,219,2,33218,66436
3067,1560,491,1,26569,26569
3068,1560,220,1,34768,34768
3069,1561,567,1,25018,25018
3070,1561,649,1,24342,24342
3071,1562,131,1,8664,8664
3072,1562,879,1,49459,49459
3073,1562,523,2,46390,92780
3074,1563,75,1,18148,18148
3075,1563,580,2,36543,73086
3076,1563,169,2,18277,36554
3077,1564,848,2,42724,85448
3078,1565,62,2,33581,67162
3079,1565,771,1,22631,22631
3080,1566,800,1,13862,13862
3081,1566,405,1,44990,44990
3082,1567,744,2,6978,13956
3083,1567,954,2,15081,30162
3084,1567,383,1,35888,35888
3085,1568,930,2,30252,60504
3086,1568,131,1,8664,8664
3087,1568,491,1,26569,26569
3088,1569,534,1,37156,37156
3089,1569,295,2,45747,91494
3090,1569,510,1,5086,5086
3091,1570,68,1,21020,21020
3092,1570,576,1,45474,45474
3093,1571,41,2,4496,8992
3094,1571,379,2,36083,72166
3095,1571,285,2,31381,62762
3096,1572,827,2,18672,37344
3097,1572,940,2,46953,93906
3098,1572,350,2,10933,21866
3099,1573,524,2,29067,58134
3100,1573,500,1,49933,49933
3101,1574,346,2,14337,28674
3102,1574,94,2,2807,5614
3103,1575,530,1,3372,3372
3104,1575,632,2,25769,51538
3105,1575,647,2,30271,60542
3106,1576,896,1,47719,47719
3107,1576,296,2,46352,92704
3108,1577,929,1,13139,13139
3109,1577,246,2,33185,66370
3110,1578,197,2,32771,65542
3111,1578,846,2,20101,40202
3112,1579,271,2,34777,69554
3113,1579,613,1,991,991
3114,1580,912,2,22959,45918
3115,1580,806,1,10204,10204
3116,1580,143,2,24896,49792
3117,1581,556,1,41633,41633
3118,1581,567,2,25018,50036
3119,1581,329,1,19113,19113
3120,1582,742,2,11694,23388
3121,1583,253,2,42744,85488
3122,1583,211,1,22574,22574
3123,1583,613,2,991,1982
3124,1584,252,2,1940,3880
3125,1584,402,2,46439,92878
3126,1585,471,1,9899,9899
3127,1585,551,2,43200,86400
3128,1585,350,1,10933,10933
3129,1586,128,2,35572,71144
3130,1586,990,2,39402,78804
3131,1587,69,1,37196,37196
3132,1588,951,2,15871,31742
3133,1588,507,2,8947,17894
3134,1589,582,2,16451,32902
3135,1589,431,1,7258,7258
3136,1589,204,2,2191,4382
3137,1590,502,2,46422,92844
3138,1590,610,2,46282,92564
3139,1590,111,2,40360,80720
3140,1591,123,1,15455,15455
3141,1591,144,1,45560,45560
3142,1592,779,1,46306,46306
3143,1592,821,1,22835,22835
3144,1593,285,1,31381,31381
3145,1594,549,1,19645,19645
3146,1594,275,2,31690,63380
3147,1594,131,1,8664,8664
3148,1595,913,1,3876,3876
3149,1596,115,2,36830,73660
3150,1597,737,2,35422,70844
3151,1597,284,1,43888,43888
3152,1597,292,1,23245,23245
3153,1598,634,2,46567,93134
3154,1599,363,1,21185,21185
3155,1599,861,1,31137,31137
3156,1599,243,2,29189,58378
3157,1600,176,2,27574,55148
3158,1601,555,1,44092,44092
3159,1602,94,2,2807,5614
3160,1603,128,1,35572,35572
3161,1603,98,2,45313,90626
3162,1604,248,2,9524,19048
3163,1605,170,1,46005,46005
3164,1605,914,2,32795,65590
3165,1605,178,1,37565,37565
3166,1606,245,2,13459,26918
3167,1607,594,2,19944,39888
3168,1607,882,2,46903,93806
3169,1608,238,1,19690,19690
3170,1609,419,2,41919,83838
3171,1610,154,2,21600,43200
3172,1610,757,2,47051,94102
3173,1611,555,2,44092,88184
3174,1612,903,2,18114,36228
3175,1613,809,2,31418,62836
3176,1613,897,2,19700,39400
3177,1614,512,2,2379,4758
3178,1615,622,2,46881,93762
3179,1615,211,1,22574,22574
3180,1616,80,2,933,1866
3181,1616,616,1,30647,30647
3182,1616,858,2,12297,24594
3183,1617,224,2,2652,5304
3184,1618,415,1,38821,38821
3185,1618,281,2,42958,85916
3186,1619,389,2,12126,24252
3187,1620,703,1,28774,28774
3188,1621,715,1,36532,36532
3189,1621,67,2,17707,35414
3190,1621,464,2,20862,41724
3191,1622,391,2,39793,79586
3192,1622,21,2,43254,86508
3193,1623,457,1,38541,38541
3194,1623,932,2,43452,86904
3195,1623,435,2,12740,25480
3196,1624,235,2,38807,77614
3197,1624,276,2,46987,93974
3198,1625,162,1,49185,49185
3199,1625,173,1,7776,7776
3200,1626,391,2,39793,79586
3201,1627,779,1,46306,46306
3202,1628,725,1,41977,41977
3203,1629,631,1,44255,44255
3204,1630,82,2,28466,56932
3205,1630,538,2,44449,88898
3206,1631,301,1,5867,5867
3207,1632,286,1,28603,28603
3208,1632,892,1,10810,10810
3209,1633,320,1,33720,33720
3210,1633,171,1,37921,37921
3211,1634,636,1,20313,20313
3212,1635,671,1,28336,28336
3213,1635,802,2,43621,87242
3214,1635,804,2,29514,59028
3215,1636,917,1,5466,5466
3216,1636,172,1,22628,22628
3217,1637,618,1,5926,5926
3218,1638,792,1,22447,22447
3219,1639,837,1,32333,32333
3220,1639,802,1,43621,43621
3221,1640,567,2,25018,50036
3222,1640,780,1,12232,12232
3223,1641,547,1,3296,3296
3224,1642,806,1,10204,10204
3225,1643,876,2,4578,9156
3226,1643,176,1,27574,27574
3227,1644,517,2,49856,99712
3228,1644,917,1,5466,5466
3229,1644,59,1,19745,19745
3230,1645,481,1,35371,35371
3231,1646,248,2,9524,19048
3232,1647,802,1,43621,43621
3233,1647,286,2,28603,57206
3234,1647,474,1,18100,18100
3235,1648,113,1,16289,16289
3236,1648,731,1,26144,26144
3237,1648,255,1,20246,20246
3238,1649,140,2,30776,61552
3239,1649,1,2,16349,32698
3240,1650,819,2,10012,20024
3241,1650,502,2,46422,92844
3242,1650,694,2,45057,90114
3243,1651,966,2,23945,47890
3244,1651,533,2,15068,30136
3245,1651,363,2,21185,42370
3246,1652,516,2,26059,52118
3247,1653,825,1,45553,45553
3248,1654,76,2,13642,27284
3249,1655,119,2,17286,34572
3250,1655,619,2,22783,45566
3251,1656,307,1,39577,39577
3252,1656,383,2,35888,71776
3253,1657,204,1,2191,2191
3254,1657,769,1,39730,39730
3255,1658,794,1,21998,21998
3256,1658,654,2,40680,81360
3257,1659,810,1,5474,5474
3258,1659,777,2,43916,87832
3259,1659,768,2,32441,64882
3260,1660,146,1,35213,35213
3261,1661,926,2,41827,83654
3262,1662,499,2,30117,60234
3263,1662,409,2,2022,4044
3264,1663,904,2,11230,22460
3265,1663,210,1,49209,49209
3266,1664,983,1,5057,5057
3267,1664,53,1,29341,29341
3268,1665,945,2,1136,2272
3269,1665,104,1,26912,26912
3270,1665,303,2,28088,56176
3271,1666,932,2,43452,86904
3272,1666,396,1,15766,15766
3273,1667,302,2,3561,7122
3274,1667,364,1,2810,2810
3275,1667,841,2,42726,85452
3276,1668,361,2,3790,7580
3277,1669,318,1,26236,26236
3278,1670,104,1,26912,26912
3279,1671,729,1,34362,34362
3280,1671,576,1,45474,45474
3281,1671,277,1,40165,40165
3282,1672,534,2,37156,74312
3283,1672,381,2,2723,5446
3284,1672,25,2,6257,12514
3285,1673,472,2,22999,45998
3286,1673,356,2,13387,26774
3287,1673,637,2,9564,19128
3288,1674,821,1,22835,22835
3289,1675,777,2,43916,87832
3290,1675,500,1,49933,49933
3291,1676,799,1,41265,41265
3292,1676,562,1,34666,34666
3293,1676,747,2,5214,10428
3294,1677,677,2,828,1656
3295,1677,732,2,28807,57614
3296,1678,146,1,35213,35213
3297,1679,632,2,25769,51538
3298,1680,404,1,5153,5153
3299,1680,226,1,46430,46430
3300,1681,13,1,15235,15235
3301,1681,977,1,30395,30395
3302,1682,583,2,25203,50406
3303,1682,199,1,7897,7897
3304,1683,561,2,33213,66426
3305,1683,582,1,16451,16451
3306,1684,68,1,21020,21020
3307,1685,272,2,24026,48052
3308,1686,225,2,49240,98480
3309,1687,948,2,4365,8730
3310,1688,82,2,28466,56932
3311,1689,632,2,25769,51538
3312,1689,746,2,45276,90552
3313,1690,591,2,34451,68902
3314,1690,572,2,37230,74460
3315,1691,160,2,45636,91272
3316,1691,684,1,29292,29292
3317,1691,699,1,10306,10306
3318,1692,445,2,8732,17464
3319,1693,337,2,25689,51378
3320,1693,963,2,12350,24700
3321,1694,415,2,38821,77642
3322,1694,53,2,29341,58682
3323,1694,975,1,41555,41555
3324,1695,569,1,42564,42564
3325,1696,902,1,12284,12284
3326,1697,927,1,46312,46312
3327,1697,157,2,5910,11820
3328,1698,761,2,34996,69992
3329,1698,410,2,30931,61862
3330,1699,84,1,7036,7036
3331,1699,249,2,6218,12436
3332,1700,68,1,21020,21020
3333,1700,794,2,21998,43996
3334,1700,322,2,13228,26456
3335,1701,158,2,49987,99974
3336,1701,425,1,2284,2284
3337,1702,961,1,41284,41284
3338,1702,380,2,31661,63322
3339,1703,499,2,30117,60234
3340,1704,603,2,37252,74504
3341,1704,220,2,34768,69536
3342,1705,294,1,40511,40511
3343,1706,824,1,40188,40188
3344,1706,169,2,18277,36554
3345,1706,345,2,24012,48024
3346,1707,104,1,26912,26912
3347,1708,816,1,36761,36761
3348,1709,554,2,35829,71658
3349,1710,919,1,32895,32895
3350,1710,95,1,48045,48045
3351,1711,483,1,2755,2755
3352,1712,137,2,14994,29988
3353,1713,696,2,2910,5820
3354,1713,703,1,28774,28774
3355,1714,170,2,46005,92010
3356,1715,103,1,49329,49329
3357,1715,40,1,34219,34219
3358,1716,1,1,16349,16349
3359,1716,842,1,27137,27137
3360,1716,945,2,1136,2272
3361,1717,111,2,40360,80720
3362,1717,274,1,34473,34473
3363,1718,292,2,23245,46490
3364,1718,142,2,38224,76448
3365,1718,67,1,17707,17707
3366,1719,795,1,36614,36614
3367,1719,717,2,24732,49464
3368,1719,528,1,19993,19993
3369,1720,291,2,14242,28484
3370,1720,33,1,35057,35057
3371,1720,403,2,45780,91560
3372,1721,368,2,8285,16570
3373,1721,975,2,41555,83110
3374,1722,723,2,48302,96604
3375,1722,835,1,18255,18255
3376,1722,411,2,4608,9216
3377,1723,335,2,16536,33072
3378,1723,216,1,25398,25398
3379,1723,247,1,19642,19642
3380,1724,82,1,28466,28466
3381,1725,897,1,19700,19700
3382,1725,121,2,47062,94124
3383,1725,152,1,29843,29843
3384,1726,741,1,26268,26268
3385,1727,789,2,5130,10260
3386,1727,341,1,43790,43790
3387,1728,494,1,38472,38472
3388,1728,446,2,36858,73716
3389,1728,420,1,20145,20145
3390,1729,672,2,18258,36516
3391,1729,35,1,4096,4096
3392,1730,197,1,32771,32771
3393,1730,354,1,44753,44753
3394,1731,862,2,4967,9934
3395,1732,192,2,1659,3318
3396,1732,833,2,11686,23372
3397,1733,990,2,39402,78804
3398,1733,408,2,8253,16506
3399,1733,803,1,12416,12416
3400,1734,764,2,23552,47104
3401,1734,990,2,39402,78804
3402,1735,889,1,47405,47405
3403,1735,717,1,24732,24732
3404,1735,189,2,35688,71376
3405,1736,96,2,7878,15756
3406,1736,499,1,30117,30117
3407,1737,906,1,44759,44759
3408,1738,526,2,21199,42398
3409,1739,930,1,30252,30252
3410,1739,208,2,31921,63842
3411,1740,790,1,17413,17413
3412,1741,370,2,39407,78814
3413,1741,729,2,34362,68724
3414,1741,352,1,40315,40315
3415,1742,495,1,23863,23863
3416,1743,152,2,29843,59686
3417,1744,675,2,371,742
3418,1744,879,2,49459,98918
3419,1744,755,1,25401,25401
3420,1745,789,1,5130,5130
3421,1745,973,2,33978,67956
3422,1746,606,2,33022,66044
3423,1746,561,1,33213,33213
3424,1746,298,2,9597,19194
3425,1747,19,1,15310,15310
3426,1747,418,2,34306,68612
3427,1748,952,1,25698,25698
3428,1748,475,2,15981,31962
3429,1749,229,2,16303,32606
3430,1749,461,1,13662,13662
3431,1749,272,1,24026,24026
3432,1750,927,2,46312,92624
3433,1750,594,2,19944,39888
3434,1750,261,1,24373,24373
3435,1751,235,2,38807,77614
3436,1751,42,1,15380,15380
3437,1751,228,2,19526,39052
3438,1752,441,1,26727,26727
3439,1753,822,2,32123,64246
3440,1754,834,2,2467,4934
3441,1754,922,1,43199,43199
3442,1754,560,2,34995,69990
3443,1755,680,1,19911,19911
3444,1755,53,2,29341,58682
3445,1755,509,1,26248,26248
3446,1756,948,2,4365,8730
3447,1757,744,1,6978,6978
3448,1757,337,1,25689,25689
3449,1757,182,2,19387,38774
3450,1758,337,1,25689,25689
3451,1759,22,1,17659,17659
3452,1759,102,2,8641,17282
3453,1760,674,2,20321,40642
3454,1761,264,2,22156,44312
3455,1761,426,1,20098,20098
3456,1761,166,1,18420,18420
3457,1762,100,2,8467,16934
3458,1762,784,2,17680,35360
3459,1763,709,1,17532,17532
3460,1763,562,1,34666,34666
3461,1763,655,1,37660,37660
3462,1764,874,1,45750,45750
3463,1765,68,2,21020,42040
3464,1766,117,2,49796,99592
3465,1767,125,2,27548,55096
3466,1767,513,1,42342,42342
3467,1768,685,2,49612,99224
3468,1768,630,1,21663,21663
3469,1769,808,2,25669,51338
3470,1769,95,1,48045,48045
3471,1770,826,2,24708,49416
3472,1770,194,1,38660,38660
3473,1771,824,1,40188,40188
3474,1771,993,1,14769,14769
3475,1771,813,1,12930,12930
3476,1772,351,1,3163,3163
3477,1773,835,1,18255,18255
3478,1773,707,2,24670,49340
3479,1773,548,2,17390,34780
3480,1774,349,2,22370,44740
3481,1775,107,2,14305,28610
3482,1775,827,1,18672,18672
3483,1776,195,2,23103,46206
3484,1777,766,1,23347,23347
3485,1777,715,2,36532,73064
3486,1777,69,2,37196,74392
3487,1778,330,2,33531,67062
3488,1778,658,1,49458,49458
3489,1779,38,2,34881,69762
3490,1780,4,2,33418,66836
3491,1781,681,2,44676,89352
3492,1782,347,1,9315,9315
3493,1782,426,2,20098,40196
3494,1782,768,2,32441,64882
3495,1783,138,1,13365,13365
3496,1784,534,1,37156,37156
3497,1784,575,1,25803,25803
3498,1784,785,2,17120,34240
3499,1785,567,2,25018,50036
3500,1785,565,1,16238,16238
3501,1786,831,2,34068,68136
3502,1786,34,1,1576,1576
3503,1786,806,2,10204,20408
3504,1787,842,1,27137,27137
3505,1787,436,1,32986,32986
3506,1787,301,1,5867,5867
3507,1788,681,1,44676,44676
3508,1788,988,2,48097,96194
3509,1789,157,2,5910,11820
3510,1789,288,2,44209,88418
3511,1790,999,2,4874,9748
3512,1791,511,2,4478,8956
3513,1792,308,1,14143,14143
3514,1792,417,2,11090,22180
3515,1792,24,2,24023,48046
3516,1793,729,1,34362,34362
3517,1794,954,1,15081,15081
3518,1795,117,2,49796,99592
3519,1795,98,2,45313,90626
3520,1796,910,1,47733,47733
3521,1796,127,1,686,686
3522,1797,820,1,7222,7222
3523,1797,81,2,2661,5322
3524,1797,238,2,19690,39380
3525,1798,773,1,24213,24213
3526,1798,555,2,44092,88184
3527,1798,935,2,38216,76432
3528,1799,917,2,5466,10932
3529,1800,320,2,33720,67440
3530,1801,674,2,20321,40642
3531,1802,759,1,18023,18023
3532,1802,54,1,35727,35727
3533,1803,972,1,32203,32203
3534,1804,913,2,3876,7752
3535,1805,481,2,35371,70742
3536,1806,555,2,44092,88184
3537,1806,110,1,9956,9956
3538,1807,963,1,12350,12350
3539,1807,575,1,25803,25803
3540,1807,917,2,5466,10932
3541,1808,190,1,2912,2912
3542,1809,832,1,26736,26736
3543,1809,18,1,17991,17991
3544,1809,482,1,2681,2681
3545,1810,981,1,25826,25826
3546,1810,842,2,27137,54274
3547,1810,885,1,29418,29418
3548,1811,536,1,21944,21944
3549,1811,897,2,19700,39400
3550,1811,280,1,39977,39977
3551,1812,441,1,26727,26727
3552,1813,683,2,41461,82922
3553,1813,398,2,29394,58788
3554,1813,198,1,30107,30107
3555,1814,998,2,43257,86514
3556,1814,605,2,29034,58068
3557,1815,256,1,35528,35528
3558,1815,632,2,25769,51538
3559,1816,664,2,38439,76878
3560,1816,620,1,23126,23126
3561,1817,416,1,3931,3931
3562,1818,260,1,29443,29443
3563,1818,708,1,22255,22255
3564,1818,132,1,37287,37287
3565,1819,729,1,34362,34362
3566,1820,256,1,35528,35528
3567,1821,74,1,17632,17632
3568,1821,701,1,25906,25906
3569,1821,405,2,44990,89980
3570,1822,589,1,21561,21561
3571,1823,216,1,25398,25398
3572,1823,735,2,38619,77238
3573,1823,114,1,14641,14641
3574,1824,212,1,47882,47882
3575,1824,458,1,47563,47563
3576,1825,664,2,38439,76878
3577,1825,805,2,17562,35124
3578,1825,127,2,686,1372
3579,1826,676,2,39207,78414
3580,1826,532,2,24971,49942
3581,1827,207,1,47263,47263
3582,1827,879,1,49459,49459
3583,1827,651,2,2412,4824
3584,1828,193,1,31134,31134
3585,1828,891,2,34584,69168
3586,1829,972,2,32203,64406
3587,1829,281,1,42958,42958
3588,1830,4,2,33418,66836
3589,1830,444,1,36335,36335
3590,1831,801,1,7869,7869
3591,1832,470,1,44643,44643
3592,1832,537,2,35403,70806
3593,1832,297,1,12188,12188
3594,1833,145,2,39648,79296
3595,1833,291,1,14242,14242
3596,1834,788,2,31723,63446
3597,1834,15,1,24560,24560
3598,1835,466,1,12900,12900
3599,1835,357,2,31795,63590
3600,1835,311,1,36916,36916
3601,1836,885,2,29418,58836
3602,1836,283,2,27562,55124
3603,1836,860,2,17376,34752
3604,1837,492,1,21507,21507
3605,1838,927,1,46312,46312
3606,1838,137,1,14994,14994
3607,1839,498,1,14773,14773
3608,1839,394,1,33925,33925
3609,1839,225,2,49240,98480
3610,1840,380,1,31661,31661
3611,1840,535,2,9087,18174
3612,1840,261,2,24373,48746
3613,1841,414,1,34205,34205
3614,1841,21,1,43254,43254
3615,1841,65,2,5672,11344
3616,1842,830,1,26984,26984
3617,1842,251,2,25270,50540
3618,1843,4,1,33418,33418
3619,1843,153,2,44090,88180
3620,1843,982,2,47504,95008
3621,1844,350,1,10933,10933
3622,1844,2,1,48840,48840
3623,1844,493,1,15735,15735
3624,1845,314,2,27673,55346
3625,1845,739,2,45261,90522
3626,1845,783,2,11302,22604
3627,1846,205,2,1196,2392
3628,1846,644,1,46839,46839
3629,1846,412,2,27221,54442
3630,1847,640,1,32389,32389
3631,1847,201,2,34276,68552
3632,1848,879,2,49459,98918
3633,1849,483,1,2755,2755
3634,1849,778,2,48403,96806
3635,1850,234,1,36121,36121
3636,1850,442,1,37673,37673
3637,1851,579,1,18212,18212
3638,1852,421,1,11351,11351
3639,1853,479,2,42933,85866
3640,1854,757,2,47051,94102
3641,1854,75,1,18148,18148
3642,1854,106,1,21418,21418
3643,1855,220,1,34768,34768
3644,1855,224,1,2652,2652
3645,1855,380,2,31661,63322
3646,1856,941,2,41205,82410
3647,1857,288,2,44209,88418
3648,1858,96,2,7878,15756
3649,1859,627,1,13231,13231
3650,1860,825,2,45553,91106
3651,1861,550,1,25193,25193
3652,1861,765,1,21140,21140
3653,1861,645,2,37353,74706
3654,1862,284,1,43888,43888
3655,1862,555,2,44092,88184
3656,1862,172,1,22628,22628
3657,1863,909,1,17445,17445
3658,1863,339,1,36866,36866
3659,1864,597,2,26232,52464
3660,1864,235,1,38807,38807
3661,1864,948,2,4365,8730
3662,1865,358,2,8470,16940
3663,1865,958,1,36777,36777
3664,1865,366,1,14433,14433
3665,1866,100,1,8467,8467
3666,1866,643,2,43099,86198
3667,1866,586,1,12580,12580
3668,1867,843,1,8971,8971
3669,1868,756,1,34759,34759
3670,1869,184,1,41263,41263
3671,1869,201,1,34276,34276
3672,1869,848,1,42724,42724
3673,1870,472,2,22999,45998
3674,1870,63,1,4753,4753
3675,1871,138,1,13365,13365
3676,1871,33,2,35057,70114
3677,1871,121,2,47062,94124
3678,1872,443,1,19213,19213
3679,1872,158,1,49987,49987
3680,1872,705,2,46692,93384
3681,1873,8,2,22359,44718
3682,1873,176,1,27574,27574
3683,1874,180,2,16019,32038
3684,1874,701,1,25906,25906
3685,1874,864,1,3843,3843
3686,1875,217,1,49104,49104
3687,1876,426,1,20098,20098
3688,1877,235,1,38807,38807
3689,1877,717,2,24732,49464
3690,1878,533,2,15068,30136
3691,1878,731,2,26144,52288
3692,1878,569,1,42564,42564
3693,1879,546,1,21286,21286
3694,1879,677,2,828,1656
3695,1879,581,2,38695,77390
3696,1880,626,2,42274,84548
3697,1881,324,1,38276,38276
3698,1881,267,1,18471,18471
3699,1882,416,2,3931,7862
3700,1883,792,2,22447,44894
3701,1883,549,1,19645,19645
3702,1884,119,1,17286,17286
3703,1884,816,1,36761,36761
3704,1884,712,1,37911,37911
3705,1885,718,1,14926,14926
3706,1885,547,2,3296,6592
3707,1885,973,2,33978,67956
3708,1886,595,1,16460,16460
3709,1886,730,1,38361,38361
3710,1886,756,1,34759,34759
3711,1887,897,1,19700,19700
3712,1887,238,1,19690,19690
3713,1887,819,1,10012,10012
3714,1888,879,1,49459,49459
3715,1888,622,1,46881,46881
3716,1888,557,1,14634,14634
3717,1889,538,1,44449,44449
3718,1889,551,2,43200,86400
3719,1890,341,1,43790,43790
3720,1890,563,1,34801,34801
3721,1891,438,2,38530,77060
3722,1892,144,1,45560,45560
3723,1893,652,1,29074,29074
3724,1893,92,2,33684,67368
3725,1893,531,1,45933,45933
3726,1894,739,1,45261,45261
3727,1894,650,2,14622,29244
3728,1895,169,2,18277,36554
3729,1895,698,2,26663,53326
3730,1896,34,1,1576,1576
3731,1897,794,1,21998,21998
3732,1898,32,1,13335,13335
3733,1898,86,1,27320,27320
3734,1898,331,1,48725,48725
3735,1899,195,1,23103,23103
3736,1899,493,2,15735,31470
3737,1899,976,2,35542,71084
3738,1900,807,1,27431,27431
3739,1901,154,2,21600,43200
3740,1901,362,1,25607,25607
3741,1901,321,2,9979,19958
3742,1902,268,1,11735,11735
3743,1902,164,1,8207,8207
3744,1903,685,2,49612,99224
3745,1903,591,2,34451,68902
3746,1903,553,2,11392,22784
3747,1904,933,1,584,584
3748,1904,787,1,25119,25119
3749,1904,79,2,48877,97754
3750,1905,637,2,9564,19128
3751,1905,808,2,25669,51338
3752,1905,44,2,21954,43908
3753,1906,520,2,18364,36728
3754,1907,27,1,25309,25309
3755,1907,46,1,47705,47705
3756,1908,268,2,11735,23470
3757,1908,908,2,7701,15402
3758,1908,252,2,1940,3880
3759,1909,371,2,16155,32310
3760,1910,154,1,21600,21600
3761,1910,415,1,38821,38821
3762,1910,387,2,32819,65638
3763,1911,817,2,34358,68716
3764,1912,234,1,36121,36121
3765,1912,330,2,33531,67062
3766,1912,379,2,36083,72166
3767,1913,804,2,29514,59028
3768,1914,43,1,46689,46689
3769,1914,566,2,42891,85782
3770,1914,732,1,28807,28807
3771,1915,213,2,32389,64778
3772,1915,247,2,19642,39284
3773,1916,364,1,2810,2810
3774,1916,806,1,10204,10204
3775,1916,18,1,17991,17991
3776,1917,275,1,31690,31690
3777,1918,887,2,27882,55764
3778,1919,855,1,45278,45278
3779,1919,542,1,39910,39910
3780,1920,641,2,29856,59712
3781,1920,751,1,45075,45075
3782,1921,972,1,32203,32203
3783,1921,486,1,30972,30972
3784,1921,511,2,4478,8956
3785,1922,783,1,11302,11302
3786,1922,193,2,31134,62268
3787,1922,542,2,39910,79820
3788,1923,159,1,1430,1430
3789,1924,714,2,24153,48306
3790,1925,695,1,38793,38793
3791,1925,303,2,28088,56176
3792,1925,744,2,6978,13956
3793,1926,163,1,30036,30036
3794,1926,22,2,17659,35318
3795,1927,134,2,21753,43506
3796,1927,378,1,48481,48481
3797,1927,740,1,21782,21782
3798,1928,984,2,45249,90498
3799,1928,797,1,36322,36322
3800,1929,895,2,32681,65362
3801,1929,42,2,15380,30760
3802,1930,400,2,7734,15468
3803,1930,161,2,31315,62630
3804,1930,364,1,2810,2810
3805,1931,413,1,21076,21076
3806,1932,692,1,34921,34921
3807,1932,378,2,48481,96962
3808,1932,349,1,22370,22370
3809,1933,24,2,24023,48046
3810,1933,685,2,49612,99224
3811,1933,87,2,44203,88406
3812,1934,812,2,49923,99846
3813,1934,287,1,4230,4230
3814,1935,749,1,3098,3098
3815,1936,248,1,9524,9524
3816,1936,570,2,3088,6176
3817,1937,743,1,49326,49326
3818,1937,996,2,4714,9428
3819,1938,852,2,21244,42488
3820,1938,714,1,24153,24153
3821,1938,64,2,16435,32870
3822,1939,655,2,37660,75320
3823,1939,59,1,19745,19745
3824,1939,874,1,45750,45750
3825,1940,214,2,22918,45836
3826,1941,849,2,4483,8966
3827,1942,323,1,5238,5238
3828,1942,905,2,7096,14192
3829,1942,726,1,24959,24959
3830,1943,826,1,24708,24708
3831,1944,97,2,3208,6416
3832,1945,478,1,36367,36367
3833,1945,739,1,45261,45261
3834,1945,900,1,933,933
3835,1946,608,1,29730,29730
3836,1947,696,1,2910,2910
3837,1947,203,1,8886,8886
3838,1947,505,2,29256,58512
3839,1948,331,2,48725,97450
3840,1948,232,1,15516,15516
3841,1948,41,1,4496,4496
3842,1949,941,2,41205,82410
3843,1950,399,2,24348,48696
3844,1950,98,2,45313,90626
3845,1951,738,1,30665,30665
3846,1951,885,1,29418,29418
3847,1951,538,1,44449,44449
3848,1952,841,1,42726,42726
3849,1953,601,1,48460,48460
3850,1954,798,1,550,550
3851,1954,425,1,2284,2284
3852,1955,537,1,35403,35403
3853,1955,947,2,49464,98928
3854,1955,14,2,25211,50422
3855,1956,653,2,45463,90926
3856,1956,720,2,36547,73094
3857,1957,291,1,14242,14242
3858,1957,843,2,8971,17942
3859,1957,611,1,16568,16568
3860,1958,697,2,41494,82988
3861,1958,219,2,33218,66436
3862,1958,402,1,46439,46439
3863,1959,79,2,48877,97754
3864,1960,73,2,44069,88138
3865,1960,828,1,19992,19992
3866,1960,127,2,686,1372
3867,1961,237,2,15845,31690
3868,1962,489,1,49929,49929
3869,1962,352,1,40315,40315
3870,1962,859,2,14936,29872
3871,1963,175,1,20212,20212
3872,1964,622,1,46881,46881
3873,1965,246,2,33185,66370
3874,1966,344,2,44216,88432
3875,1966,346,1,14337,14337
3876,1967,262,1,18380,18380
3877,1968,764,2,23552,47104
3878,1968,878,1,28720,28720
3879,1968,749,2,3098,6196
3880,1969,44,1,21954,21954
3881,1969,850,2,17414,34828
3882,1969,376,1,25654,25654
3883,1970,959,2,17012,34024
3884,1970,405,2,44990,89980
3885,1971,48,1,43487,43487
3886,1971,532,1,24971,24971
3887,1971,711,1,11236,11236
3888,1972,800,1,13862,13862
3889,1972,867,1,41655,41655
3890,1973,896,1,47719,47719
3891,1974,907,2,23801,47602
3892,1974,209,2,9779,19558
3893,1974,370,1,39407,39407
3894,1975,396,1,15766,15766
3895,1976,467,1,15036,15036
3896,1976,75,1,18148,18148
3897,1976,329,1,19113,19113
3898,1977,261,2,24373,48746
3899,1978,54,2,35727,71454
3900,1978,838,1,36432,36432
3901,1979,586,2,12580,25160
3902,1979,112,2,38027,76054
3903,1980,782,1,49146,49146
3904,1980,575,1,25803,25803
3905,1981,852,1,21244,21244
3906,1981,271,1,34777,34777
3907,1981,298,1,9597,9597
3908,1982,918,1,6068,6068
3909,1982,568,2,919,1838
3910,1983,351,2,3163,6326
3911,1984,489,1,49929,49929
3912,1985,48,1,43487,43487
3913,1985,218,2,43030,86060
3914,1986,742,1,11694,11694
3915,1986,128,2,35572,71144
3916,1986,55,2,26934,53868
3917,1987,711,1,11236,11236
3918,1987,19,2,15310,30620
3919,1987,621,1,29951,29951
3920,1988,293,1,37924,37924
3921,1988,588,1,23494,23494
3922,1989,464,1,20862,20862
3923,1989,262,2,18380,36760
3924,1989,597,2,26232,52464
3925,1990,587,2,33883,67766
3926,1990,828,2,19992,39984
3927,1990,385,1,22053,22053
3928,1991,303,2,28088,56176
3929,1991,149,2,28840,57680
3930,1991,549,1,19645,19645
3931,1992,339,1,36866,36866
3932,1993,22,2,17659,35318
3933,1993,791,1,24906,24906
3934,1994,912,1,22959,22959
3935,1995,190,1,2912,2912
3936,1996,800,2,13862,27724
3937,1996,145,2,39648,79296
3938,1997,574,1,19913,19913
3939,1997,984,2,45249,90498
3940,1997,961,1,41284,41284
3941,1998,485,1,35905,35905
3942,1998,159,2,1430,2860
3943,1998,408,2,8253,16506
3944,1999,658,2,49458,98916
3945,2000,768,1,32441,32441
3946,2001,576,1,45474,45474
3947,2001,966,1,23945,23945
3948,2002,687,2,42545,85090
3949,2002,679,1,6154,6154
3950,2003,142,1,38224,38224
3951,2003,674,2,20321,40642
3952,2003,919,1,32895,32895
3953,2004,984,1,45249,45249
3954,2004,418,1,34306,34306
3955,2005,580,2,36543,73086
3956,2005,625,1,30581,30581
3957,2005,445,1,8732,8732
3958,2006,605,2,29034,58068
3959,2006,782,1,49146,49146
3960,2007,677,1,828,828
3961,2007,273,2,33319,66638
3962,2008,388,1,5714,5714
3963,2008,353,1,15974,15974
3964,2008,417,1,11090,11090
3965,2009,494,1,38472,38472
3966,2009,829,1,39947,39947
3967,2009,437,1,26071,26071
3968,2010,322,1,13228,13228
3969,2010,586,2,12580,25160
3970,2010,345,1,24012,24012
3971,2011,409,1,2022,2022
3972,2011,555,1,44092,44092
3973,2012,816,2,36761,73522
3974,2012,792,1,22447,22447
3975,2012,319,1,11318,11318
3976,2013,490,1,26874,26874
3977,2014,7,2,27996,55992
3978,2015,401,2,25661,51322
3979,2015,930,1,30252,30252
3980,2015,907,1,23801,23801
3981,2016,854,2,38509,77018
3982,2017,207,1,47263,47263
3983,2017,77,2,3629,7258
3984,2017,84,1,7036,7036
3985,2018,969,1,16279,16279
3986,2019,541,2,48893,97786
3987,2019,58,1,48174,48174
3988,2020,645,1,37353,37353
3989,2020,622,2,46881,93762
3990,2021,465,2,36100,72200
3991,2022,884,1,7385,7385
3992,2023,973,2,33978,67956
3993,2023,454,1,7483,7483
3994,2023,658,1,49458,49458
3995,2024,378,2,48481,96962
3996,2024,226,2,46430,92860
3997,2024,653,1,45463,45463
3998,2025,452,2,33704,67408
3999,2025,454,2,7483,14966
4000,2026,60,2,4294,8588
4001,2027,744,2,6978,13956
4002,2028,688,1,39622,39622
4003,2028,134,2,21753,43506
4004,2029,569,1,42564,42564
4005,2030,894,2,1135,2270
4006,2030,504,2,35470,70940
4007,2030,743,1,49326,49326
4008,2031,579,1,18212,18212
4009,2032,24,2,24023,48046
4010,2032,407,1,42092,42092
4011,2033,204,1,2191,2191
4012,2034,238,1,19690,19690
4013,2034,92,2,33684,67368
4014,2035,733,1,20944,20944
4015,2035,953,1,1149,1149
4016,2036,938,2,19578,39156
4017,2036,985,1,28983,28983
4018,2037,558,1,40790,40790
4019,2037,950,2,48763,97526
4020,2038,210,1,49209,49209
4021,2039,105,1,14074,14074
4022,2039,81,1,2661,2661
4023,2039,618,2,5926,11852
4024,2040,225,2,49240,98480
4025,2041,845,2,23153,46306
4026,2042,479,2,42933,85866
4027,2043,588,2,23494,46988
4028,2043,1000,1,21818,21818
4029,2043,354,1,44753,44753
4030,2044,459,1,37823,37823
4031,2045,559,2,35179,70358
4032,2045,304,1,18202,18202
4033,2045,315,1,21584,21584
4034,2046,331,2,48725,97450
4035,2046,49,2,30906,61812
4036,2046,145,1,39648,39648
4037,2047,442,2,37673,75346
4038,2048,55,2,26934,53868
4039,2048,243,1,29189,29189
4040,2049,257,2,44240,88480
4041,2049,852,2,21244,42488
4042,2049,105,1,14074,14074
4043,2050,927,2,46312,92624
4044,2051,810,1,5474,5474
4045,2051,512,1,2379,2379
4046,2051,684,1,29292,29292
4047,2052,854,1,38509,38509
4048,2053,95,1,48045,48045
4049,2053,900,1,933,933
4050,2053,504,1,35470,35470
4051,2054,532,2,24971,49942
4052,2054,953,1,1149,1149
4053,2055,560,2,34995,69990
4054,2055,349,2,22370,44740
4055,2055,753,1,2570,2570
4056,2056,888,1,39990,39990
4057,2056,847,1,7005,7005
4058,2057,869,1,10683,10683
4059,2058,698,1,26663,26663
4060,2058,327,2,3981,7962
4061,2058,419,1,41919,41919
4062,2059,769,1,39730,39730
4063,2059,461,2,13662,27324
4064,2059,983,2,5057,10114
4065,2060,698,1,26663,26663
4066,2060,950,2,48763,97526
4067,2061,717,2,24732,49464
4068,2061,63,2,4753,9506
4069,2062,922,2,43199,86398
4070,2063,799,1,41265,41265
4071,2063,827,2,18672,37344
4072,2063,151,1,17889,17889
4073,2064,554,1,35829,35829
4074,2064,148,1,7216,7216
4075,2065,230,2,12100,24200
4076,2066,691,1,7688,7688
4077,2066,164,2,8207,16414
4078,2067,895,1,32681,32681
4079,2067,676,2,39207,78414
4080,2067,375,2,1632,3264
4081,2068,704,2,3906,7812
4082,2069,584,1,7282,7282
4083,2069,154,1,21600,21600
4084,2070,585,1,23887,23887
4085,2071,582,2,16451,32902
4086,2071,408,1,8253,8253
4087,2072,605,2,29034,58068
4088,2072,548,1,17390,17390
4089,2072,792,2,22447,44894
4090,2073,624,1,36469,36469
4091,2073,555,1,44092,44092
4092,2073,296,1,46352,46352
4093,2074,872,2,48184,96368
4094,2075,975,1,41555,41555
4095,2076,862,2,4967,9934
4096,2076,556,2,41633,83266
4097,2076,444,1,36335,36335
4098,2077,904,2,11230,22460
4099,2077,621,1,29951,29951
4100,2078,87,2,44203,88406
4101,2078,291,2,14242,28484
4102,2078,356,1,13387,13387
4103,2079,671,2,28336,56672
4104,2079,452,1,33704,33704
4105,2079,94,1,2807,2807
4106,2080,412,2,27221,54442
4107,2080,459,1,37823,37823
4108,2080,400,1,7734,7734
4109,2081,957,2,8121,16242
4110,2082,390,1,5547,5547
4111,2082,799,1,41265,41265
4112,2083,643,2,43099,86198
4113,2083,680,2,19911,39822
4114,2083,997,2,32228,64456
4115,2084,555,2,44092,88184
4116,2084,154,2,21600,43200
4117,2085,866,1,47202,47202
4118,2085,158,2,49987,99974
4119,2085,858,1,12297,12297
4120,2086,768,2,32441,64882
4121,2086,40,1,34219,34219
4122,2087,659,1,8615,8615
4123,2087,191,2,1995,3990
4124,2088,713,2,3186,6372
4125,2089,680,2,19911,39822
4126,2090,391,2,39793,79586
4127,2090,746,2,45276,90552
4128,2091,40,1,34219,34219
4129,2091,32,1,13335,13335
4130,2091,690,2,42647,85294
4131,2092,181,2,475,950
4132,2092,798,2,550,1100
4133,2092,765,2,21140,42280
4134,2093,187,2,49383,98766
4135,2093,957,2,8121,16242
4136,2094,404,2,5153,10306
4137,2094,201,2,34276,68552
4138,2094,144,1,45560,45560
4139,2095,253,1,42744,42744
4140,2095,650,2,14622,29244
4141,2095,975,2,41555,83110
4142,2096,888,1,39990,39990
4143,2097,984,1,45249,45249
4144,2097,924,2,39618,79236
4145,2097,946,2,9824,19648
4146,2098,267,1,18471,18471
4147,2099,697,1,41494,41494
4148,2099,938,2,19578,39156
4149,2099,336,2,40264,80528
4150,2100,936,2,43391,86782
4151,2101,172,1,22628,22628
4152,2101,992,2,42631,85262
4153,2102,227,1,19925,19925
4154,2102,890,2,32919,65838
4155,2102,712,2,37911,75822
4156,2103,229,1,16303,16303
4157,2104,728,2,46938,93876
4158,2104,401,1,25661,25661
4159,2104,379,2,36083,72166
4160,2105,270,2,11719,23438
4161,2105,980,1,29864,29864
4162,2105,396,2,15766,31532
4163,2106,792,2,22447,44894
4164,2106,697,2,41494,82988
4165,2107,8,1,22359,22359
4166,2108,644,1,46839,46839
4167,2108,639,1,32194,32194
4168,2109,936,2,43391,86782
4169,2110,496,1,20406,20406
4170,2110,169,2,18277,36554
4171,2110,49,1,30906,30906
4172,2111,813,1,12930,12930
4173,2111,39,2,13482,26964
4174,2112,404,2,5153,10306
4175,2113,334,2,47113,94226
4176,2114,111,2,40360,80720
4177,2114,335,1,16536,16536
4178,2115,222,1,22487,22487
4179,2116,635,1,44347,44347
4180,2116,908,2,7701,15402
4181,2117,746,1,45276,45276
4182,2117,867,1,41655,41655
4183,2118,459,2,37823,75646
4184,2118,872,1,48184,48184
4185,2119,983,2,5057,10114
4186,2120,714,1,24153,24153
4187,2121,974,1,35244,35244
4188,2121,789,1,5130,5130
4189,2122,182,2,19387,38774
4190,2122,468,1,46502,46502
4191,2123,606,1,33022,33022
4192,2123,537,1,35403,35403
4193,2123,485,2,35905,71810
4194,2124,279,2,39450,78900
4195,2125,241,2,42021,84042
4196,2126,167,1,6888,6888
4197,2126,912,2,22959,45918
4198,2127,829,2,39947,79894
4199,2127,935,2,38216,76432
4200,2127,795,1,36614,36614
4201,2128,885,2,29418,58836
4202,2128,792,2,22447,44894
4203,2129,453,1,31422,31422
4204,2129,287,1,4230,4230
4205,2129,306,2,34833,69666
4206,2130,346,2,14337,28674
4207,2130,523,2,46390,92780
4208,2130,759,2,18023,36046
4209,2131,816,2,36761,73522
4210,2131,888,2,39990,79980
4211,2132,515,1,43130,43130
4212,2133,981,1,25826,25826
4213,2133,630,1,21663,21663
4214,2134,439,1,32733,32733
4215,2134,341,1,43790,43790
4216,2134,27,1,25309,25309
4217,2135,160,2,45636,91272
4218,2136,655,1,37660,37660
4219,2136,236,1,20099,20099
4220,2137,135,1,25146,25146
4221,2138,890,1,32919,32919
4222,2138,325,1,41405,41405
4223,2139,332,2,12636,25272
4224,2140,35,1,4096,4096
4225,2140,535,2,9087,18174
4226,2141,756,1,34759,34759
4227,2141,187,2,49383,98766
4228,2141,699,2,10306,20612
4229,2142,872,2,48184,96368
4230,2142,533,2,15068,30136
4231,2143,635,1,44347,44347
4232,2143,734,2,18122,36244
4233,2143,503,1,4347,4347
4234,2144,460,2,20858,41716
4235,2144,921,2,39897,79794
4236,2145,424,1,14115,14115
4237,2145,154,1,21600,21600
4238,2145,765,2,21140,42280
4239,2146,757,2,47051,94102
4240,2146,721,2,19409,38818
4241,2146,172,1,22628,22628
4242,2147,539,1,47768,47768
4243,2148,725,1,41977,41977
4244,2149,137,1,14994,14994
4245,2149,195,1,23103,23103
4246,2149,857,1,6696,6696
4247,2150,147,1,42737,42737
4248,2150,900,2,933,1866
4249,2150,862,1,4967,4967
4250,2151,387,1,32819,32819
4251,2152,533,1,15068,15068
4252,2153,269,1,23777,23777
4253,2153,502,1,46422,46422
4254,2154,567,1,25018,25018
4255,2154,475,1,15981,15981
4256,2154,354,2,44753,89506
4257,2155,532,1,24971,24971
4258,2155,724,2,27172,54344
4259,2156,806,1,10204,10204
4260,2157,492,2,21507,43014
4261,2157,476,2,42108,84216
4262,2158,997,2,32228,64456
4263,2158,372,2,40592,81184
4264,2158,576,1,45474,45474
4265,2159,159,1,1430,1430
4266,2159,884,2,7385,14770
4267,2160,634,1,46567,46567
4268,2161,837,2,32333,64666
4269,2161,795,2,36614,73228
4270,2161,876,1,4578,4578
4271,2162,105,1,14074,14074
4272,2162,402,2,46439,92878
4273,2162,55,1,26934,26934
4274,2163,481,2,35371,70742
4275,2163,180,1,16019,16019
4276,2163,65,1,5672,5672
4277,2164,807,1,27431,27431
4278,2164,735,1,38619,38619
4279,2165,334,1,47113,47113
4280,2166,159,1,1430,1430
4281,2167,422,1,41225,41225
4282,2167,903,2,18114,36228
4283,2167,176,2,27574,55148
4284,2168,875,2,25436,50872
4285,2168,600,1,20890,20890
4286,2168,78,1,532,532
4287,2169,919,1,32895,32895
4288,2170,669,1,3472,3472
4289,2170,373,1,12575,12575
4290,2171,570,2,3088,6176
4291,2171,963,2,12350,24700
4292,2172,126,2,38578,77156
4293,2172,501,2,49762,99524
4294,2173,166,2,18420,36840
4295,2174,254,1,27058,27058
4296,2174,965,2,23198,46396
4297,2175,887,2,27882,55764
4298,2175,260,1,29443,29443
4299,2176,915,2,16087,32174
4300,2177,845,2,23153,46306
4301,2177,869,1,10683,10683
4302,2177,882,1,46903,46903
4303,2178,179,1,41293,41293
4304,2178,451,1,48752,48752
4305,2178,72,2,35900,71800
4306,2179,683,2,41461,82922
4307,2180,933,1,584,584
4308,2180,510,1,5086,5086
4309,2180,737,2,35422,70844
4310,2181,917,1,5466,5466
4311,2181,838,1,36432,36432
4312,2181,335,1,16536,16536
4313,2182,29,1,22593,22593
4314,2183,813,2,12930,25860
4315,2184,747,1,5214,5214
4316,2184,810,1,5474,5474
4317,2185,39,1,13482,13482
4318,2186,780,2,12232,24464
4319,2186,568,2,919,1838
4320,2187,516,2,26059,52118
4321,2187,519,2,15351,30702
4322,2187,885,1,29418,29418
4323,2188,758,2,22846,45692
4324,2188,740,2,21782,43564
4325,2188,722,1,30703,30703
4326,2189,653,2,45463,90926
4327,2190,818,1,34546,34546
4328,2191,18,2,17991,35982
4329,2192,242,2,49817,99634
4330,2192,945,1,1136,1136
4331,2193,876,2,4578,9156
4332,2193,814,1,45069,45069
4333,2193,588,2,23494,46988
4334,2194,356,1,13387,13387
4335,2195,893,1,45402,45402
4336,2196,798,1,550,550
4337,2197,592,2,17923,35846
4338,2197,172,1,22628,22628
4339,2197,798,1,550,550
4340,2198,204,2,2191,4382
4341,2198,490,1,26874,26874
4342,2199,627,1,13231,13231
4343,2200,591,2,34451,68902
4344,2201,85,2,49417,98834
4345,2201,216,1,25398,25398
4346,2202,991,2,20268,40536
4347,2202,118,1,36205,36205
4348,2202,149,1,28840,28840
4349,2203,156,1,18405,18405
4350,2203,119,1,17286,17286
4351,2203,213,2,32389,64778
4352,2204,478,1,36367,36367
4353,2204,771,1,22631,22631
4354,2205,621,1,29951,29951
4355,2206,116,2,30750,61500
4356,2207,108,1,5857,5857
4357,2207,133,1,30557,30557
4358,2208,633,1,23367,23367
4359,2209,140,2,30776,61552
4360,2209,741,2,26268,52536
4361,2210,203,1,8886,8886
4362,2211,301,1,5867,5867
4363,2212,390,1,5547,5547
4364,2212,346,1,14337,14337
4365,2213,184,2,41263,82526
4366,2213,467,1,15036,15036
4367,2213,667,1,21459,21459
4368,2214,181,1,475,475
4369,2214,103,2,49329,98658
4370,2215,809,2,31418,62836
4371,2216,538,2,44449,88898
4372,2216,144,1,45560,45560
4373,2216,945,2,1136,2272
4374,2217,154,2,21600,43200
4375,2218,132,1,37287,37287
4376,2218,18,2,17991,35982
4377,2219,739,1,45261,45261
4378,2219,390,1,5547,5547
4379,2220,733,2,20944,41888
4380,2221,798,2,550,1100
4381,2222,795,1,36614,36614
4382,2223,993,2,14769,29538
4383,2224,146,2,35213,70426
4384,2225,435,2,12740,25480
4385,2226,335,2,16536,33072
4386,2226,553,2,11392,22784
4387,2226,376,1,25654,25654
4388,2227,867,1,41655,41655
4389,2228,965,1,23198,23198
4390,2228,77,1,3629,3629
4391,2229,494,1,38472,38472
4392,2230,127,1,686,686
4393,2230,371,2,16155,32310
4394,2231,571,2,18066,36132
4395,2232,62,1,33581,33581
4396,2232,171,2,37921,75842
4397,2233,739,2,45261,90522
4398,2233,988,2,48097,96194
4399,2233,88,1,7384,7384
4400,2234,234,1,36121,36121
4401,2234,134,2,21753,43506
4402,2235,666,1,14575,14575
4403,2235,968,2,22975,45950
4404,2235,923,2,14909,29818
4405,2236,976,1,35542,35542
4406,2236,885,1,29418,29418
4407,2237,719,2,30780,61560
4408,2238,256,1,35528,35528
4409,2239,18,2,17991,35982
4410,2240,980,2,29864,59728
4411,2240,509,2,26248,52496
4412,2241,915,2,16087,32174
4413,2241,806,1,10204,10204
4414,2242,454,2,7483,14966
4415,2242,605,2,29034,58068
4416,2243,436,1,32986,32986
4417,2243,864,1,3843,3843
4418,2244,492,1,21507,21507
4419,2244,862,1,4967,4967
4420,2245,473,1,13542,13542
4421,2245,445,1,8732,8732
4422,2246,569,1,42564,42564
4423,2247,817,1,34358,34358
4424,2248,213,1,32389,32389
4425,2249,812,1,49923,49923
4426,2249,423,1,5623,5623
4427,2249,568,2,919,1838
4428,2250,283,1,27562,27562
4429,2250,782,2,49146,98292
4430,2251,434,1,16570,16570
4431,2252,14,2,25211,50422
4432,2252,530,2,3372,6744
4433,2252,100,1,8467,8467
4434,2253,607,1,43466,43466
4435,2254,111,1,40360,40360
4436,2254,998,2,43257,86514
4437,2254,351,1,3163,3163
4438,2255,521,1,27775,27775
4439,2256,464,1,20862,20862
4440,2256,105,1,14074,14074
4441,2257,730,2,38361,76722
4442,2257,235,1,38807,38807
4443,2258,833,2,11686,23372
4444,2259,994,2,44273,88546
4445,2259,544,2,42814,85628
4446,2260,205,2,1196,2392
4447,2260,821,1,22835,22835
4448,2261,721,1,19409,19409
4449,2262,18,2,17991,35982
4450,2263,358,2,8470,16940
4451,2264,437,2,26071,52142
4452,2264,721,2,19409,38818
4453,2265,31,1,33571,33571
4454,2265,210,1,49209,49209
4455,2266,204,1,2191,2191
4456,2266,688,2,39622,79244
4457,2267,843,2,8971,17942
4458,2268,859,2,14936,29872
4459,2268,448,2,2850,5700
4460,2269,81,2,2661,5322
4461,2270,66,1,21033,21033
4462,2270,538,2,44449,88898
4463,2270,247,1,19642,19642
4464,2271,59,2,19745,39490
4465,2272,425,1,2284,2284
4466,2272,436,2,32986,65972
4467,2273,642,1,9247,9247
4468,2273,604,1,44976,44976
4469,2274,52,2,12325,24650
4470,2275,498,1,14773,14773
4471,2275,683,2,41461,82922
4472,2275,479,1,42933,42933
4473,2276,767,2,12636,25272
4474,2277,242,1,49817,49817
4475,2277,557,2,14634,29268
4476,2277,787,1,25119,25119
4477,2278,256,1,35528,35528
4478,2278,684,2,29292,58584
4479,2279,44,2,21954,43908
4480,2280,624,2,36469,72938
4481,2280,514,2,25039,50078
4482,2280,39,2,13482,26964
4483,2281,542,1,39910,39910
4484,2281,505,1,29256,29256
4485,2281,655,1,37660,37660
4486,2282,605,1,29034,29034
4487,2282,450,2,21793,43586
4488,2283,618,2,5926,11852
4489,2283,570,1,3088,3088
4490,2284,930,1,30252,30252
4491,2284,392,1,29603,29603
4492,2285,497,2,45538,91076
4493,2286,497,2,45538,91076
4494,2287,273,1,33319,33319
4495,2287,255,2,20246,40492
4496,2287,239,2,830,1660
4497,2288,216,2,25398,50796
4498,2289,583,2,25203,50406
4499,2289,934,1,38646,38646
4500,2289,117,1,49796,49796
4501,2290,843,1,8971,8971
4502,2290,933,2,584,1168
4503,2290,271,1,34777,34777
4504,2291,220,2,34768,69536
4505,2292,528,2,19993,39986
4506,2293,865,1,27116,27116
4507,2293,176,2,27574,55148
4508,2293,109,1,6420,6420
4509,2294,677,1,828,828
4510,2295,823,2,11585,23170
4511,2295,677,1,828,828
4512,2295,643,1,43099,43099
4513,2296,379,2,36083,72166
4514,2297,919,1,32895,32895
4515,2298,1000,2,21818,43636
4516,2299,749,2,3098,6196
4517,2300,521,1,27775,27775
4518,2300,32,2,13335,26670
4519,2300,835,2,18255,36510
4520,2301,548,1,17390,17390
4521,2301,142,1,38224,38224
4522,2302,970,2,25588,51176
4523,2302,902,1,12284,12284
4524,2303,451,2,48752,97504
4525,2303,996,2,4714,9428
4526,2303,520,1,18364,18364
4527,2304,177,1,29314,29314
4528,2304,64,2,16435,32870
4529,2304,832,1,26736,26736
4530,2305,486,2,30972,61944
4531,2305,328,1,30560,30560
4532,2306,863,1,44910,44910
4533,2307,577,2,6701,13402
4534,2307,88,2,7384,14768
4535,2308,783,1,11302,11302
4536,2309,524,2,29067,58134
4537,2310,837,1,32333,32333
4538,2310,605,2,29034,58068
4539,2310,277,1,40165,40165
4540,2311,744,2,6978,13956
4541,2311,771,2,22631,45262
4542,2312,651,1,2412,2412
4543,2312,52,2,12325,24650
4544,2312,274,1,34473,34473
4545,2313,121,1,47062,47062
4546,2313,265,2,4796,9592
4547,2313,927,1,46312,46312
4548,2314,438,2,38530,77060
4549,2314,46,1,47705,47705
4550,2315,500,2,49933,99866
4551,2316,916,1,14895,14895
4552,2316,828,2,19992,39984
4553,2316,708,2,22255,44510
4554,2317,110,2,9956,19912
4555,2317,798,2,550,1100
4556,2318,300,1,24551,24551
4557,2319,949,2,23806,47612
4558,2319,432,2,17829,35658
4559,2319,719,2,30780,61560
4560,2320,255,2,20246,40492
4561,2320,738,1,30665,30665
4562,2320,272,2,24026,48052
4563,2321,524,1,29067,29067
4564,2321,320,1,33720,33720
4565,2322,12,2,38137,76274
4566,2322,157,1,5910,5910
4567,2323,146,2,35213,70426
4568,2323,164,1,8207,8207
4569,2324,417,1,11090,11090
4570,2324,282,1,15274,15274
4571,2324,556,1,41633,41633
4572,2325,548,1,17390,17390
4573,2325,410,1,30931,30931
4574,2326,141,2,40096,80192
4575,2326,265,2,4796,9592
4576,2327,771,2,22631,45262
4577,2328,590,1,25714,25714
4578,2328,70,1,33453,33453
4579,2328,436,1,32986,32986
4580,2329,76,1,13642,13642
4581,2329,220,1,34768,34768
4582,2330,678,1,8962,8962
4583,2330,774,1,6921,6921
4584,2331,418,1,34306,34306
4585,2331,111,2,40360,80720
4586,2331,239,2,830,1660
4587,2332,350,1,10933,10933
4588,2333,45,2,44142,88284
4589,2334,570,1,3088,3088
4590,2334,524,2,29067,58134
4591,2335,799,1,41265,41265
4592,2335,850,1,17414,17414
4593,2336,929,2,13139,26278
4594,2336,980,2,29864,59728
4595,2337,149,1,28840,28840
4596,2337,269,1,23777,23777
4597,2338,326,1,31031,31031
4598,2338,666,1,14575,14575
4599,2339,297,2,12188,24376
4600,2339,281,2,42958,85916
4601,2339,29,1,22593,22593
4602,2340,774,2,6921,13842
4603,2340,759,1,18023,18023
4604,2341,130,1,25784,25784
4605,2341,717,1,24732,24732
4606,2341,265,2,4796,9592
4607,2342,854,1,38509,38509
4608,2342,565,1,16238,16238
4609,2343,82,2,28466,56932
4610,2343,454,2,7483,14966
4611,2344,869,1,10683,10683
4612,2344,108,2,5857,11714
4613,2344,807,1,27431,27431
4614,2345,642,2,9247,18494
4615,2345,386,2,26515,53030
4616,2346,680,1,19911,19911
4617,2346,552,2,48770,97540
4618,2346,633,2,23367,46734
4619,2347,953,2,1149,2298
4620,2347,519,2,15351,30702
4621,2348,914,2,32795,65590
4622,2348,888,2,39990,79980
4623,2348,93,2,7859,15718
4624,2349,823,1,11585,11585
4625,2349,676,1,39207,39207
4626,2350,629,1,38137,38137
4627,2351,614,1,49245,49245
4628,2351,696,2,2910,5820
4629,2351,185,2,35988,71976
4630,2352,714,2,24153,48306
4631,2353,46,1,47705,47705
4632,2353,360,2,14851,29702
4633,2353,117,1,49796,49796
4634,2354,700,1,33808,33808
4635,2354,746,1,45276,45276
4636,2355,551,2,43200,86400
4637,2355,771,1,22631,22631
4638,2355,790,2,17413,34826
4639,2356,255,1,20246,20246
4640,2356,421,1,11351,11351
4641,2357,594,2,19944,39888
4642,2357,267,1,18471,18471
4643,2357,336,2,40264,80528
4644,2358,8,1,22359,22359
4645,2358,51,2,12765,25530
4646,2359,306,2,34833,69666
4647,2360,49,2,30906,61812
4648,2361,385,2,22053,44106
4649,2361,699,2,10306,20612
4650,2362,510,1,5086,5086
4651,2362,421,2,11351,22702
4652,2363,269,1,23777,23777
4653,2363,166,2,18420,36840
4654,2364,434,2,16570,33140
4655,2364,886,2,31390,62780
4656,2365,349,1,22370,22370
4657,2365,551,2,43200,86400
4658,2366,787,1,25119,25119
4659,2366,327,1,3981,3981
4660,2367,825,2,45553,91106
4661,2367,624,1,36469,36469
4662,2367,30,1,30035,30035
4663,2368,265,2,4796,9592
4664,2368,819,2,10012,20024
4665,2369,875,1,25436,25436
4666,2370,345,2,24012,48024
4667,2370,718,1,14926,14926
4668,2371,407,2,42092,84184
4669,2372,623,1,7467,7467
4670,2372,356,1,13387,13387
4671,2372,235,2,38807,77614
4672,2373,877,1,47999,47999
4673,2374,180,1,16019,16019
4674,2375,186,2,4979,9958
4675,2375,987,2,36064,72128
4676,2376,711,2,11236,22472
4677,2376,673,2,24669,49338
4678,2377,138,2,13365,26730
4679,2377,783,1,11302,11302
4680,2378,29,1,22593,22593
4681,2378,107,1,14305,14305
4682,2379,727,1,15908,15908
4683,2379,103,2,49329,98658
4684,2380,835,2,18255,36510
4685,2380,980,1,29864,29864
4686,2380,258,1,27489,27489
4687,2381,16,2,45096,90192
4688,2381,111,2,40360,80720
4689,2381,486,2,30972,61944
4690,2382,131,1,8664,8664
4691,2382,201,1,34276,34276
4692,2382,896,2,47719,95438
4693,2383,954,1,15081,15081
4694,2383,805,2,17562,35124
4695,2384,139,2,8572,17144
4696,2384,736,2,29762,59524
4697,2385,654,2,40680,81360
4698,2386,151,1,17889,17889
4699,2387,55,1,26934,26934
4700,2388,258,2,27489,54978
4701,2388,235,2,38807,77614
4702,2388,754,1,36389,36389
4703,2389,355,2,25326,50652
4704,2389,714,1,24153,24153
4705,2390,568,1,919,919
4706,2390,359,2,29746,59492
4707,2391,971,1,34173,34173
4708,2391,527,2,20076,40152
4709,2392,127,1,686,686
4710,2393,333,2,10186,20372
4711,2393,900,2,933,1866
4712,2393,260,1,29443,29443
4713,2394,693,2,25651,51302
4714,2395,313,2,38032,76064
4715,2395,669,2,3472,6944
4716,2396,479,1,42933,42933
4717,2396,347,1,9315,9315
4718,2396,758,1,22846,22846
4719,2397,144,1,45560,45560
4720,2398,958,2,36777,73554
4721,2399,789,2,5130,10260
4722,2399,551,1,43200,43200
4723,2400,449,2,30249,60498
4724,2400,923,1,14909,14909
4725,2401,681,2,44676,89352
4726,2402,657,1,37834,37834
4727,2402,695,2,38793,77586
4728,2402,761,1,34996,34996
4729,2403,197,2,32771,65542
4730,2404,174,2,38115,76230
4731,2404,840,2,3553,7106
4732,2404,75,1,18148,18148
4733,2405,556,1,41633,41633
4734,2405,63,2,4753,9506
4735,2405,821,1,22835,22835
4736,2406,262,2,18380,36760
4737,2407,651,2,2412,4824
4738,2407,200,1,35859,35859
4739,2407,34,2,1576,3152
4740,2408,559,1,35179,35179
4741,2408,516,2,26059,52118
4742,2408,850,1,17414,17414
4743,2409,869,2,10683,21366
4744,2409,236,1,20099,20099
4745,2410,879,1,49459,49459
4746,2411,71,2,16309,32618
4747,2411,733,2,20944,41888
4748,2411,894,2,1135,2270
4749,2412,294,1,40511,40511
4750,2412,527,2,20076,40152
4751,2412,927,2,46312,92624
4752,2413,286,2,28603,57206
4753,2414,939,2,39787,79574
4754,2414,687,2,42545,85090
4755,2415,438,1,38530,38530
4756,2415,55,2,26934,53868
4757,2416,68,1,21020,21020
4758,2416,487,2,10949,21898
4759,2416,618,1,5926,5926
4760,2417,658,2,49458,98916
4761,2418,660,1,16523,16523
4762,2419,550,2,25193,50386
4763,2420,525,2,9483,18966
4764,2420,677,2,828,1656
4765,2420,262,1,18380,18380
4766,2421,614,2,49245,98490
4767,2421,63,2,4753,9506
4768,2421,314,1,27673,27673
4769,2422,108,2,5857,11714
4770,2422,281,1,42958,42958
4771,2423,386,1,26515,26515
4772,2423,239,1,830,830
4773,2424,613,2,991,1982
4774,2424,554,2,35829,71658
4775,2424,766,1,23347,23347
4776,2425,136,1,31122,31122
4777,2425,927,1,46312,46312
4778,2426,461,1,13662,13662
4779,2426,167,1,6888,6888
4780,2426,534,1,37156,37156
4781,2427,1000,1,21818,21818
4782,2428,676,1,39207,39207
4783,2428,563,2,34801,69602
4784,2428,512,1,2379,2379
4785,2429,216,1,25398,25398
4786,2429,177,1,29314,29314
4787,2429,530,1,3372,3372
4788,2430,125,1,27548,27548
4789,2431,16,1,45096,45096
4790,2432,180,1,16019,16019
4791,2433,65,2,5672,11344
4792,2434,445,1,8732,8732
4793,2434,389,1,12126,12126
4794,2435,521,2,27775,55550
4795,2436,396,1,15766,15766
4796,2436,125,2,27548,55096
4797,2436,12,1,38137,38137
4798,2437,393,1,18293,18293
4799,2437,816,2,36761,73522
4800,2438,940,1,46953,46953
4801,2439,297,1,12188,12188
4802,2439,951,1,15871,15871
4803,2439,327,1,3981,3981
4804,2440,283,1,27562,27562
4805,2440,432,1,17829,17829
4806,2441,317,2,28852,57704
4807,2441,419,1,41919,41919
4808,2442,4,1,33418,33418
4809,2443,792,2,22447,44894
4810,2443,18,1,17991,17991
4811,2443,469,1,37032,37032
4812,2444,837,2,32333,64666
4813,2444,836,2,41942,83884
4814,2445,603,1,37252,37252
4815,2445,389,2,12126,24252
4816,2445,449,1,30249,30249
4817,2446,48,2,43487,86974
4818,2446,447,2,33665,67330
4819,2446,444,2,36335,72670
4820,2447,76,1,13642,13642
4821,2448,403,2,45780,91560
4822,2448,939,1,39787,39787
4823,2448,380,1,31661,31661
4824,2449,861,1,31137,31137
4825,2449,914,2,32795,65590
4826,2449,966,1,23945,23945
4827,2450,555,1,44092,44092
4828,2450,332,2,12636,25272
4829,2451,838,2,36432,72864
4830,2451,945,2,1136,2272
4831,2451,939,1,39787,39787
4832,2452,630,1,21663,21663
4833,2452,16,2,45096,90192
4834,2452,377,2,4727,9454
4835,2453,208,1,31921,31921
4836,2453,302,2,3561,7122
4837,2453,568,2,919,1838
4838,2454,398,2,29394,58788
4839,2455,541,1,48893,48893
4840,2456,444,1,36335,36335
4841,2456,572,2,37230,74460
4842,2456,569,2,42564,85128
4843,2457,75,2,18148,36296
4844,2457,373,2,12575,25150
4845,2457,32,1,13335,13335
4846,2458,465,1,36100,36100
4847,2458,865,2,27116,54232
4848,2459,24,1,24023,24023
4849,2459,710,1,33774,33774
4850,2460,966,1,23945,23945
4851,2461,442,2,37673,75346
4852,2462,870,1,28723,28723
4853,2462,987,2,36064,72128
4854,2463,310,1,8766,8766
4855,2464,876,2,4578,9156
4856,2464,6,1,38918,38918
4857,2464,780,1,12232,12232
4858,2465,370,2,39407,78814
4859,2465,344,1,44216,44216
4860,2466,499,2,30117,60234
4861,2466,468,1,46502,46502
4862,2467,766,2,23347,46694
4863,2467,142,2,38224,76448
4864,2467,500,1,49933,49933
4865,2468,99,1,43831,43831
4866,2469,95,2,48045,96090
4867,2469,624,1,36469,36469
4868,2470,273,1,33319,33319
4869,2470,182,1,19387,19387
4870,2471,966,1,23945,23945
4871,2471,489,2,49929,99858
4872,2471,343,1,20588,20588
4873,2472,903,2,18114,36228
4874,2472,936,2,43391,86782
4875,2472,906,2,44759,89518
4876,2473,108,2,5857,11714
4877,2474,301,1,5867,5867
4878,2474,382,2,3046,6092
4879,2474,498,2,14773,29546
4880,2475,130,1,25784,25784
4881,2475,3,1,2382,2382
4882,2475,866,2,47202,94404
4883,2476,851,1,16048,16048
4884,2476,1,1,16349,16349
4885,2477,648,2,7719,15438
4886,2478,948,2,4365,8730
4887,2479,282,1,15274,15274
4888,2479,974,2,35244,70488
4889,2480,217,1,49104,49104
4890,2481,868,2,29925,59850
4891,2481,886,1,31390,31390
4892,2482,167,2,6888,13776
4893,2482,942,2,11953,23906
4894,2482,574,1,19913,19913
4895,2483,92,2,33684,67368
4896,2484,668,1,8858,8858
4897,2484,969,1,16279,16279
4898,2484,935,2,38216,76432
4899,2485,464,1,20862,20862
4900,2485,247,2,19642,39284
4901,2485,93,1,7859,7859
4902,2486,965,2,23198,46396
4903,2486,957,1,8121,8121
4904,2487,68,2,21020,42040
4905,2487,61,1,31546,31546
4906,2488,119,2,17286,34572
4907,2489,626,1,42274,42274
4908,2490,908,1,7701,7701
4909,2490,827,1,18672,18672
4910,2491,191,1,1995,1995
4911,2491,438,1,38530,38530
4912,2492,372,2,40592,81184
4913,2492,233,1,44002,44002
4914,2492,970,1,25588,25588
4915,2493,45,1,44142,44142
4916,2494,73,2,44069,88138
4917,2494,830,2,26984,53968
4918,2495,16,2,45096,90192
4919,2495,5,2,46262,92524
4920,2495,980,1,29864,29864
4921,2496,588,2,23494,46988
4922,2496,805,2,17562,35124
4923,2496,320,1,33720,33720
4924,2497,145,2,39648,79296
4925,2497,817,2,34358,68716
4926,2497,582,1,16451,16451
4927,2498,353,2,15974,31948
4928,2498,135,2,25146,50292
4929,2499,785,2,17120,34240
4930,2499,119,1,17286,17286
4931,2500,813,1,12930,12930
4932,2500,739,2,45261,90522
4933,2500,528,1,19993,19993
4934,2501,831,1,34068,34068
4935,2501,552,1,48770,48770
4936,2502,793,2,11113,22226
4937,2502,73,2,44069,88138
4938,2502,37,1,8714,8714
4939,2503,361,2,3790,7580
4940,2504,702,1,28971,28971
4941,2505,480,2,42629,85258
4942,2506,995,2,42549,85098
4943,2507,263,1,43735,43735
4944,2507,537,2,35403,70806
4945,2508,431,1,7258,7258
4946,2509,883,2,41137,82274
4947,2509,280,1,39977,39977
4948,2510,440,1,7344,7344
4949,2510,459,2,37823,75646
4950,2510,199,2,7897,15794
4951,2511,516,2,26059,52118
4952,2511,200,1,35859,35859
4953,2511,561,2,33213,66426
4954,2512,392,2,29603,59206
4955,2513,937,1,40211,40211
4956,2513,142,2,38224,76448
4957,2514,55,2,26934,53868
4958,2514,457,2,38541,77082
4959,2515,52,2,12325,24650
4960,2515,403,2,45780,91560
4961,2515,369,2,41116,82232
4962,2516,373,2,12575,25150
4963,2517,211,1,22574,22574
4964,2518,845,1,23153,23153
4965,2518,10,2,48123,96246
4966,2518,609,2,33501,67002
4967,2519,44,2,21954,43908
4968,2520,717,1,24732,24732
4969,2520,317,1,28852,28852
4970,2520,749,1,3098,3098
4971,2521,974,1,35244,35244
4972,2522,474,2,18100,36200
4973,2523,616,1,30647,30647
4974,2524,337,2,25689,51378
4975,2525,966,2,23945,47890
4976,2525,456,1,43264,43264
4977,2525,699,1,10306,10306
4978,2526,650,1,14622,14622
4979,2527,735,2,38619,77238
4980,2527,636,1,20313,20313
4981,2528,838,2,36432,72864
4982,2528,942,1,11953,11953
4983,2529,182,1,19387,19387
4984,2529,1,1,16349,16349
4985,2529,915,1,16087,16087
4986,2530,923,2,14909,29818
4987,2530,322,1,13228,13228
4988,2531,162,2,49185,98370
4989,2532,942,2,11953,23906
4990,2532,52,1,12325,12325
4991,2532,81,2,2661,5322
4992,2533,884,1,7385,7385
4993,2534,990,2,39402,78804
4994,2534,818,2,34546,69092
4995,2535,912,1,22959,22959
4996,2535,633,2,23367,46734
4997,2535,348,2,33571,67142
4998,2536,979,2,37980,75960
4999,2537,784,2,17680,35360
5000,2538,196,2,7155,14310
5001,2538,865,1,27116,27116
5002,2538,133,2,30557,61114
5003,2539,761,2,34996,69992
5004,2539,605,1,29034,29034
5005,2539,691,1,7688,7688
5006,2540,770,1,344,344
5007,2540,850,1,17414,17414
5008,2540,68,2,21020,42040
5009,2541,981,1,25826,25826
5010,2541,694,2,45057,90114
5011,2542,13,1,15235,15235
5012,2542,209,1,9779,9779
5013,2542,707,2,24670,49340
5014,2543,130,1,25784,25784
5015,2543,961,1,41284,41284
5016,2544,47,2,31296,62592
5017,2544,519,1,15351,15351
5018,2545,556,2,41633,83266
5019,2546,629,1,38137,38137
5020,2546,932,2,43452,86904
5021,2546,97,1,3208,3208
5022,2547,368,1,8285,8285
5023,2547,355,2,25326,50652
5024,2547,779,2,46306,92612
5025,2548,47,2,31296,62592
5026,2549,73,1,44069,44069
5027,2549,35,2,4096,8192
5028,2550,584,1,7282,7282
5029,2550,964,1,27558,27558
5030,2551,585,1,23887,23887
5031,2551,439,1,32733,32733
5032,2552,397,2,2422,4844
5033,2552,735,2,38619,77238
5034,2552,450,1,21793,21793
5035,2553,917,2,5466,10932
5036,2553,248,1,9524,9524
5037,2553,491,1,26569,26569
5038,2554,199,2,7897,15794
5039,2554,584,2,7282,14564
5040,2554,869,2,10683,21366
5041,2555,22,1,17659,17659
5042,2556,503,2,4347,8694
5043,2556,470,1,44643,44643
5044,2557,336,1,40264,40264
5045,2557,9,1,23826,23826
5046,2558,357,1,31795,31795
5047,2558,849,2,4483,8966
5048,2558,12,1,38137,38137
5049,2559,321,1,9979,9979
5050,2559,262,2,18380,36760
5051,2560,293,1,37924,37924
5052,2561,551,1,43200,43200
5053,2561,261,1,24373,24373
5054,2562,192,1,1659,1659
5055,2562,678,1,8962,8962
5056,2562,970,1,25588,25588
5057,2563,339,1,36866,36866
5058,2563,877,1,47999,47999
5059,2564,755,1,25401,25401
5060,2565,41,2,4496,8992
5061,2565,659,1,8615,8615
5062,2565,917,2,5466,10932
5063,2566,6,2,38918,77836
5064,2567,260,1,29443,29443
5065,2567,249,1,6218,6218
5066,2567,15,1,24560,24560
5067,2568,403,1,45780,45780
5068,2568,455,1,41539,41539
5069,2569,950,2,48763,97526
5070,2569,7,2,27996,55992
5071,2569,289,2,49470,98940
5072,2570,570,2,3088,6176
5073,2570,809,2,31418,62836
5074,2570,557,1,14634,14634
5075,2571,176,2,27574,55148
5076,2572,172,1,22628,22628
5077,2572,405,1,44990,44990
5078,2573,430,1,26430,26430
5079,2574,906,1,44759,44759
5080,2575,379,1,36083,36083
5081,2575,363,1,21185,21185
5082,2576,474,1,18100,18100
5083,2576,475,1,15981,15981
5084,2577,930,2,30252,60504
5085,2578,94,2,2807,5614
5086,2579,232,1,15516,15516
5087,2580,194,2,38660,77320
5088,2581,981,1,25826,25826
5089,2581,173,1,7776,7776
5090,2581,102,2,8641,17282
5091,2582,805,2,17562,35124
5092,2582,128,1,35572,35572
5093,2582,535,2,9087,18174
5094,2583,97,1,3208,3208
5095,2583,445,2,8732,17464
5096,2583,109,1,6420,6420
5097,2584,381,1,2723,2723
5098,2584,341,2,43790,87580
5099,2584,564,2,5478,10956
5100,2585,997,1,32228,32228
5101,2585,482,2,2681,5362
5102,2585,172,1,22628,22628
5103,2586,52,2,12325,24650
5104,2586,769,1,39730,39730
5105,2586,792,2,22447,44894
5106,2587,784,1,17680,17680
5107,2587,828,1,19992,19992
5108,2587,717,2,24732,49464
5109,2588,966,2,23945,47890
5110,2588,159,1,1430,1430
5111,2588,521,2,27775,55550
5112,2589,985,2,28983,57966
5113,2589,904,1,11230,11230
5114,2590,99,1,43831,43831
5115,2590,527,2,20076,40152
5116,2590,142,1,38224,38224
5117,2591,56,1,4142,4142
5118,2592,219,1,33218,33218
5119,2592,630,1,21663,21663
5120,2592,302,1,3561,3561
5121,2593,969,2,16279,32558
5122,2593,160,1,45636,45636
5123,2593,61,2,31546,63092
5124,2594,499,1,30117,30117
5125,2594,286,1,28603,28603
5126,2595,881,1,38946,38946
5127,2595,538,1,44449,44449
5128,2595,766,2,23347,46694
5129,2596,592,1,17923,17923
5130,2596,617,1,1909,1909
5131,2597,130,1,25784,25784
5132,2597,754,1,36389,36389
5133,2597,643,1,43099,43099
5134,2598,213,1,32389,32389
5135,2598,52,1,12325,12325
5136,2598,284,1,43888,43888
5137,2599,735,2,38619,77238
5138,2600,368,1,8285,8285
5139,2600,871,1,25421,25421
5140,2601,382,1,3046,3046
5141,2602,921,1,39897,39897
5142,2603,96,1,7878,7878
5143,2603,428,2,27538,55076
5144,2603,344,2,44216,88432
5145,2604,202,1,29269,29269
5146,2604,3,2,2382,4764
5147,2605,813,2,12930,25860
5148,2605,610,2,46282,92564
5149,2605,237,2,15845,31690
5150,2606,408,1,8253,8253
5151,2606,925,1,6685,6685
5152,2607,787,1,25119,25119
5153,2608,24,1,24023,24023
5154,2608,668,2,8858,17716
5155,2608,166,1,18420,18420
5156,2609,306,1,34833,34833
5157,2609,388,1,5714,5714
5158,2610,768,1,32441,32441
5159,2610,979,1,37980,37980
5160,2610,544,1,42814,42814
5161,2611,254,2,27058,54116
5162,2611,863,1,44910,44910
5163,2612,397,1,2422,2422
5164,2612,402,1,46439,46439
5165,2612,167,1,6888,6888
5166,2613,430,2,26430,52860
5167,2614,514,1,25039,25039
5168,2615,416,2,3931,7862
5169,2615,571,2,18066,36132
5170,2616,472,1,22999,22999
5171,2616,977,2,30395,60790
5172,2617,718,2,14926,29852
5173,2618,87,2,44203,88406
5174,2619,371,2,16155,32310
5175,2619,62,2,33581,67162
5176,2620,308,1,14143,14143
5177,2620,672,2,18258,36516
5178,2621,401,2,25661,51322
5179,2621,202,1,29269,29269
5180,2622,231,2,25370,50740
5181,2622,582,1,16451,16451
5182,2622,427,2,30023,60046
5183,2623,620,2,23126,46252
5184,2623,386,1,26515,26515
5185,2623,172,1,22628,22628
5186,2624,395,1,44739,44739
5187,2625,904,1,11230,11230
5188,2625,855,1,45278,45278
5189,2626,992,2,42631,85262
5190,2626,151,1,17889,17889
5191,2627,682,2,855,1710
5192,2627,141,2,40096,80192
5193,2628,690,1,42647,42647
5194,2628,155,1,17231,17231
5195,2629,753,1,2570,2570
5196,2629,505,2,29256,58512
5197,2629,972,1,32203,32203
5198,2630,246,1,33185,33185
5199,2630,742,2,11694,23388
5200,2630,319,2,11318,22636
5201,2631,206,2,7735,15470
5202,2632,909,1,17445,17445
5203,2633,989,2,9565,19130
5204,2633,986,1,10544,10544
5205,2633,289,2,49470,98940
5206,2634,59,1,19745,19745
5207,2634,374,1,34775,34775
5208,2634,545,1,33907,33907
5209,2635,973,1,33978,33978
5210,2635,208,1,31921,31921
5211,2636,81,2,2661,5322
5212,2637,542,1,39910,39910
5213,2637,512,2,2379,4758
5214,2637,416,2,3931,7862
5215,2638,885,2,29418,58836
5216,2638,479,2,42933,85866
5217,2639,339,2,36866,73732
5218,2639,816,2,36761,73522
5219,2640,730,2,38361,76722
5220,2640,917,2,5466,10932
5221,2640,738,1,30665,30665
5222,2641,991,2,20268,40536
5223,2641,246,2,33185,66370
5224,2642,484,2,7332,14664
5225,2642,878,2,28720,57440
5226,2642,278,2,41215,82430
5227,2643,442,1,37673,37673
5228,2644,130,1,25784,25784
5229,2644,81,2,2661,5322
5230,2645,379,1,36083,36083
5231,2645,23,2,17519,35038
5232,2646,940,1,46953,46953
5233,2646,963,2,12350,24700
5234,2646,314,1,27673,27673
5235,2647,611,2,16568,33136
5236,2647,147,2,42737,85474
5237,2648,391,2,39793,79586
5238,2648,407,1,42092,42092
5239,2648,310,1,8766,8766
5240,2649,14,2,25211,50422
5241,2650,140,2,30776,61552
5242,2650,246,1,33185,33185
5243,2651,186,1,4979,4979
5244,2651,395,2,44739,89478
5245,2652,684,2,29292,58584
5246,2653,558,1,40790,40790
5247,2653,598,1,29150,29150
5248,2653,201,2,34276,68552
5249,2654,309,2,8163,16326
5250,2655,219,1,33218,33218
5251,2655,736,2,29762,59524
5252,2656,423,2,5623,11246
5253,2656,226,1,46430,46430
5254,2656,674,1,20321,20321
5255,2657,926,1,41827,41827
5256,2657,19,2,15310,30620
5257,2657,31,2,33571,67142
5258,2658,146,1,35213,35213
5259,2659,378,2,48481,96962
5260,2660,939,2,39787,79574
5261,2661,161,2,31315,62630
5262,2661,215,2,30141,60282
5263,2662,918,2,6068,12136
5264,2662,181,2,475,950
5265,2662,444,2,36335,72670
5266,2663,667,2,21459,42918
5267,2663,912,1,22959,22959
5268,2663,696,1,2910,2910
5269,2664,199,1,7897,7897
5270,2664,659,1,8615,8615
5271,2665,542,2,39910,79820
5272,2665,421,1,11351,11351
5273,2665,816,1,36761,36761
5274,2666,474,1,18100,18100
5275,2666,464,2,20862,41724
5276,2667,699,2,10306,20612
5277,2667,332,1,12636,12636
5278,2668,480,1,42629,42629
5279,2669,286,1,28603,28603
5280,2670,848,2,42724,85448
5281,2670,48,1,43487,43487
5282,2670,948,2,4365,8730
5283,2671,65,2,5672,11344
5284,2671,26,2,10784,21568
5285,2671,950,1,48763,48763
5286,2672,26,1,10784,10784
5287,2673,877,1,47999,47999
5288,2673,699,1,10306,10306
5289,2674,317,1,28852,28852
5290,2675,475,1,15981,15981
5291,2675,679,1,6154,6154
5292,2676,28,2,1052,2104
5293,2676,619,1,22783,22783
5294,2677,709,1,17532,17532
5295,2677,811,2,34170,68340
5296,2677,127,1,686,686
5297,2678,169,1,18277,18277
5298,2678,931,1,3347,3347
5299,2679,203,2,8886,17772
5300,2680,355,1,25326,25326
5301,2680,360,2,14851,29702
5302,2680,727,1,15908,15908
5303,2681,28,1,1052,1052
5304,2681,616,2,30647,61294
5305,2681,661,1,41745,41745
5306,2682,131,2,8664,17328
5307,2682,737,2,35422,70844
5308,2683,700,1,33808,33808
5309,2683,219,1,33218,33218
5310,2683,932,1,43452,43452
5311,2684,656,2,35608,71216
5312,2685,717,1,24732,24732
5313,2686,618,1,5926,5926
5314,2686,623,2,7467,14934
5315,2686,179,2,41293,82586
5316,2687,708,1,22255,22255
5317,2687,711,2,11236,22472
5318,2688,133,1,30557,30557
5319,2689,438,2,38530,77060
5320,2689,90,1,14909,14909
5321,2690,407,1,42092,42092
5322,2690,94,2,2807,5614
5323,2691,524,1,29067,29067
5324,2692,622,1,46881,46881
5325,2692,510,1,5086,5086
5326,2693,391,1,39793,39793
5327,2694,15,2,24560,49120
5328,2695,160,2,45636,91272
5329,2696,363,1,21185,21185
5330,2697,695,1,38793,38793
5331,2697,574,1,19913,19913
5332,2697,648,2,7719,15438
5333,2698,813,2,12930,25860
5334,2698,863,2,44910,89820
5335,2698,646,2,18312,36624
5336,2699,490,2,26874,53748
5337,2699,206,2,7735,15470
5338,2700,135,1,25146,25146
5339,2700,149,1,28840,28840
5340,2701,157,1,5910,5910
5341,2701,146,1,35213,35213
5342,2701,976,1,35542,35542
5343,2702,300,2,24551,49102
5344,2702,260,1,29443,29443
5345,2702,158,1,49987,49987
5346,2703,752,2,12565,25130
5347,2704,59,1,19745,19745
5348,2704,387,2,32819,65638
5349,2705,381,1,2723,2723
5350,2706,249,2,6218,12436
5351,2706,854,1,38509,38509
5352,2707,876,1,4578,4578
5353,2708,57,2,17680,35360
5354,2708,279,2,39450,78900
5355,2708,407,1,42092,42092
5356,2709,7,2,27996,55992
5357,2710,323,2,5238,10476
5358,2710,235,1,38807,38807
5359,2710,878,2,28720,57440
5360,2711,14,1,25211,25211
5361,2712,794,2,21998,43996
5362,2713,411,1,4608,4608
5363,2714,804,2,29514,59028
5364,2714,294,1,40511,40511
5365,2714,680,2,19911,39822
5366,2715,375,2,1632,3264
5367,2715,396,2,15766,31532
5368,2715,65,2,5672,11344
5369,2716,371,2,16155,32310
5370,2717,583,1,25203,25203
5371,2717,75,1,18148,18148
5372,2718,89,2,13379,26758
5373,2718,439,1,32733,32733
5374,2719,580,2,36543,73086
5375,2720,439,1,32733,32733
5376,2720,279,1,39450,39450
5377,2721,739,1,45261,45261
5378,2721,385,2,22053,44106
5379,2721,607,2,43466,86932
5380,2722,509,1,26248,26248
5381,2722,367,1,28038,28038
5382,2722,825,2,45553,91106
5383,2723,831,1,34068,34068
5384,2724,260,1,29443,29443
5385,2725,1000,1,21818,21818
5386,2725,163,1,30036,30036
5387,2726,888,1,39990,39990
5388,2726,668,1,8858,8858
5389,2726,509,1,26248,26248
5390,2727,315,1,21584,21584
5391,2728,586,1,12580,12580
5392,2729,441,2,26727,53454
5393,2729,928,2,9504,19008
5394,2729,970,2,25588,51176
5395,2730,38,2,34881,69762
5396,2730,580,1,36543,36543
5397,2731,169,2,18277,36554
5398,2732,915,1,16087,16087
5399,2732,496,1,20406,20406
5400,2733,789,2,5130,10260
5401,2733,190,2,2912,5824
5402,2733,136,1,31122,31122
5403,2734,983,2,5057,10114
5404,2734,348,2,33571,67142
5405,2735,243,1,29189,29189
5406,2735,861,2,31137,62274
5407,2736,119,1,17286,17286
5408,2737,789,2,5130,10260
5409,2737,392,1,29603,29603
5410,2737,337,1,25689,25689
5411,2738,689,2,34231,68462
5412,2738,743,1,49326,49326
5413,2738,805,1,17562,17562
5414,2739,149,1,28840,28840
5415,2740,124,1,27488,27488
5416,2741,863,2,44910,89820
5417,2741,25,2,6257,12514
5418,2742,279,2,39450,78900
5419,2742,290,2,20776,41552
5420,2743,8,1,22359,22359
5421,2743,729,1,34362,34362
5422,2744,431,2,7258,14516
5423,2745,314,2,27673,55346
5424,2745,317,2,28852,57704
5425,2746,305,2,28474,56948
5426,2746,587,2,33883,67766
5427,2747,907,1,23801,23801
5428,2747,964,2,27558,55116
5429,2748,395,2,44739,89478
5430,2749,708,2,22255,44510
5431,2749,35,2,4096,8192
5432,2750,24,2,24023,48046
5433,2751,362,2,25607,51214
5434,2752,226,1,46430,46430
5435,2752,482,2,2681,5362
5436,2752,204,2,2191,4382
5437,2753,437,2,26071,52142
5438,2753,632,2,25769,51538
5439,2753,191,1,1995,1995
5440,2754,904,2,11230,22460
5441,2755,583,2,25203,50406
5442,2756,329,1,19113,19113
5443,2757,712,2,37911,75822
5444,2758,478,1,36367,36367
5445,2758,737,2,35422,70844
5446,2758,9,2,23826,47652
5447,2759,166,1,18420,18420
5448,2760,424,1,14115,14115
5449,2760,691,2,7688,15376
5450,2761,241,2,42021,84042
5451,2761,81,2,2661,5322
5452,2762,636,2,20313,40626
5453,2762,871,2,25421,50842
5454,2762,574,2,19913,39826
5455,2763,424,2,14115,28230
5456,2763,674,1,20321,20321
5457,2764,996,2,4714,9428
5458,2764,339,2,36866,73732
5459,2765,227,2,19925,39850
5460,2765,315,1,21584,21584
5461,2765,727,2,15908,31816
5462,2766,125,1,27548,27548
5463,2766,406,1,35831,35831
5464,2766,584,2,7282,14564
5465,2767,593,2,4446,8892
5466,2767,462,1,48523,48523
5467,2768,903,2,18114,36228
5468,2768,277,2,40165,80330
5469,2768,899,1,20793,20793
5470,2769,778,1,48403,48403
5471,2769,693,1,25651,25651
5472,2769,857,1,6696,6696
5473,2770,608,2,29730,59460
5474,2771,431,2,7258,14516
5475,2771,132,1,37287,37287
5476,2771,620,2,23126,46252
5477,2772,256,1,35528,35528
5478,2773,991,1,20268,20268
5479,2774,457,1,38541,38541
5480,2774,133,1,30557,30557
5481,2774,63,2,4753,9506
5482,2775,491,2,26569,53138
5483,2776,921,2,39897,79794
5484,2776,873,1,12789,12789
5485,2777,646,2,18312,36624
5486,2777,727,2,15908,31816
5487,2778,484,1,7332,7332
5488,2778,820,1,7222,7222
5489,2779,251,1,25270,25270
5490,2780,310,2,8766,17532
5491,2781,444,2,36335,72670
5492,2781,869,1,10683,10683
5493,2781,312,1,28888,28888
5494,2782,626,1,42274,42274
5495,2782,229,1,16303,16303
5496,2782,581,1,38695,38695
5497,2783,896,1,47719,47719
5498,2783,365,1,29699,29699
5499,2783,110,1,9956,9956
5500,2784,885,2,29418,58836
5501,2784,473,2,13542,27084
5502,2784,342,2,46075,92150
5503,2785,339,2,36866,73732
5504,2786,694,1,45057,45057
5505,2786,860,2,17376,34752
5506,2786,483,1,2755,2755
5507,2787,625,1,30581,30581
5508,2787,224,2,2652,5304
5509,2787,968,2,22975,45950
5510,2788,306,2,34833,69666
5511,2788,194,2,38660,77320
5512,2788,266,2,15569,31138
5513,2789,87,1,44203,44203
5514,2790,957,2,8121,16242
5515,2791,907,1,23801,23801
5516,2792,912,1,22959,22959
5517,2792,188,2,31016,62032
5518,2793,956,1,45038,45038
5519,2794,879,1,49459,49459
5520,2795,318,2,26236,52472
5521,2796,188,2,31016,62032
5522,2796,272,1,24026,24026
5523,2797,111,1,40360,40360
5524,2797,20,2,4637,9274
5525,2797,309,2,8163,16326
5526,2798,760,2,14653,29306
5527,2798,710,1,33774,33774
5528,2798,691,1,7688,7688
5529,2799,811,2,34170,68340
5530,2799,924,1,39618,39618
5531,2799,973,2,33978,67956
5532,2800,772,1,9980,9980
5533,2800,597,1,26232,26232
5534,2801,92,2,33684,67368
5535,2801,663,2,45828,91656
5536,2801,679,2,6154,12308
5537,2802,477,2,21946,43892
5538,2803,39,2,13482,26964
5539,2804,862,2,4967,9934
5540,2805,159,1,1430,1430
5541,2806,813,2,12930,25860
5542,2806,811,1,34170,34170
5543,2806,855,1,45278,45278
5544,2807,835,2,18255,36510
5545,2808,401,1,25661,25661
5546,2808,347,2,9315,18630
5547,2809,748,1,29360,29360
5548,2809,894,1,1135,1135
5549,2810,137,1,14994,14994
5550,2811,813,1,12930,12930
5551,2811,240,1,19056,19056
5552,2811,10,1,48123,48123
5553,2812,411,1,4608,4608
5554,2812,588,1,23494,23494
5555,2813,899,1,20793,20793
5556,2814,23,1,17519,17519
5557,2815,260,2,29443,58886
5558,2816,452,1,33704,33704
5559,2816,70,2,33453,66906
5560,2817,374,1,34775,34775
5561,2817,956,2,45038,90076
5562,2818,146,2,35213,70426
5563,2818,795,2,36614,73228
5564,2819,256,1,35528,35528
5565,2819,921,1,39897,39897
5566,2820,658,1,49458,49458
5567,2820,380,1,31661,31661
5568,2821,965,1,23198,23198
5569,2822,753,2,2570,5140
5570,2823,175,1,20212,20212
5571,2823,241,1,42021,42021
5572,2824,734,1,18122,18122
5573,2824,940,1,46953,46953
5574,2825,554,2,35829,71658
5575,2826,70,1,33453,33453
5576,2826,970,1,25588,25588
5577,2827,735,1,38619,38619
5578,2827,167,1,6888,6888
5579,2828,54,2,35727,71454
5580,2828,903,1,18114,18114
5581,2829,834,2,2467,4934
5582,2829,900,2,933,1866
5583,2830,905,1,7096,7096
5584,2830,560,2,34995,69990
5585,2830,474,2,18100,36200
5586,2831,845,2,23153,46306
5587,2831,267,1,18471,18471
5588,2832,806,1,10204,10204
5589,2832,853,2,17301,34602
5590,2832,616,1,30647,30647
5591,2833,369,1,41116,41116
5592,2833,656,2,35608,71216
5593,2834,808,2,25669,51338
5594,2835,152,1,29843,29843
5595,2835,348,1,33571,33571
5596,2835,518,1,47426,47426
5597,2836,614,2,49245,98490
5598,2836,42,2,15380,30760
5599,2837,777,2,43916,87832
5600,2837,547,2,3296,6592
5601,2838,743,1,49326,49326
5602,2838,758,2,22846,45692
5603,2838,151,1,17889,17889
5604,2839,193,1,31134,31134
5605,2839,463,1,37058,37058
5606,2839,588,1,23494,23494
5607,2840,87,1,44203,44203
5608,2841,123,2,15455,30910
5609,2842,43,2,46689,93378
5610,2842,242,2,49817,99634
5611,2842,714,1,24153,24153
5612,2843,939,1,39787,39787
5613,2843,913,2,3876,7752
5614,2843,1000,1,21818,21818
5615,2844,299,1,24954,24954
5616,2844,711,1,11236,11236
5617,2845,155,2,17231,34462
5618,2845,361,2,3790,7580
5619,2845,107,1,14305,14305
5620,2846,326,1,31031,31031
5621,2846,753,2,2570,5140
5622,2846,908,1,7701,7701
5623,2847,180,1,16019,16019
5624,2848,969,2,16279,32558
5625,2848,398,1,29394,29394
5626,2849,571,2,18066,36132
5627,2850,168,1,12059,12059
5628,2851,878,1,28720,28720
5629,2851,297,1,12188,12188
5630,2852,385,1,22053,22053
5631,2853,696,2,2910,5820
5632,2853,329,2,19113,38226
5633,2854,931,1,3347,3347
5634,2855,754,1,36389,36389
5635,2855,2,1,48840,48840
5636,2855,709,2,17532,35064
5637,2856,310,1,8766,8766
5638,2856,454,2,7483,14966
5639,2857,861,2,31137,62274
5640,2857,532,1,24971,24971
5641,2857,512,2,2379,4758
5642,2858,22,1,17659,17659
5643,2858,824,1,40188,40188
5644,2859,629,2,38137,76274
5645,2859,700,2,33808,67616
5646,2860,627,2,13231,26462
5647,2861,807,2,27431,54862
5648,2862,264,1,22156,22156
5649,2862,639,2,32194,64388
5650,2863,650,1,14622,14622
5651,2863,674,1,20321,20321
5652,2864,759,1,18023,18023
5653,2864,325,2,41405,82810
5654,2864,425,1,2284,2284
5655,2865,944,2,44022,88044
5656,2865,510,2,5086,10172
5657,2866,164,2,8207,16414
5658,2867,158,1,49987,49987
5659,2867,18,2,17991,35982
5660,2867,429,2,40058,80116
5661,2868,86,1,27320,27320
5662,2868,146,1,35213,35213
5663,2868,829,2,39947,79894
5664,2869,743,1,49326,49326
5665,2869,950,2,48763,97526
5666,2869,162,1,49185,49185
5667,2870,331,2,48725,97450
5668,2871,44,1,21954,21954
5669,2872,326,2,31031,62062
5670,2872,324,1,38276,38276
5671,2872,776,2,46645,93290
5672,2873,475,1,15981,15981
5673,2874,419,2,41919,83838
5674,2874,177,1,29314,29314
5675,2874,847,1,7005,7005
5676,2875,387,2,32819,65638
5677,2875,78,2,532,1064
5678,2876,527,2,20076,40152
5679,2876,28,1,1052,1052
5680,2876,662,1,5249,5249
5681,2877,742,1,11694,11694
5682,2878,671,1,28336,28336
5683,2879,280,1,39977,39977
5684,2880,877,1,47999,47999
5685,2880,161,1,31315,31315
5686,2880,66,1,21033,21033
5687,2881,973,1,33978,33978
5688,2882,382,2,3046,6092
5689,2883,679,1,6154,6154
5690,2883,934,2,38646,77292
5691,2883,905,1,7096,7096
5692,2884,557,2,14634,29268
5693,2884,428,2,27538,55076
5694,2885,916,1,14895,14895
5695,2885,9,1,23826,23826
5696,2886,335,1,16536,16536
5697,2886,269,2,23777,47554
5698,2886,570,2,3088,6176
5699,2887,769,1,39730,39730
5700,2887,137,1,14994,14994
5701,2888,182,2,19387,38774
5702,2888,584,2,7282,14564
5703,2889,538,2,44449,88898
5704,2889,492,2,21507,43014
5705,2889,251,2,25270,50540
5706,2890,412,2,27221,54442
5707,2890,289,2,49470,98940
5708,2890,969,1,16279,16279
5709,2891,446,1,36858,36858
5710,2891,742,2,11694,23388
5711,2891,133,1,30557,30557
5712,2892,626,1,42274,42274
5713,2893,953,1,1149,1149
5714,2893,447,1,33665,33665
5715,2893,829,1,39947,39947
5716,2894,188,1,31016,31016
5717,2895,707,1,24670,24670
5718,2895,66,2,21033,42066
5719,2896,627,2,13231,26462
5720,2897,223,1,35271,35271
5721,2897,815,2,17200,34400
5722,2897,996,2,4714,9428
5723,2898,940,1,46953,46953
5724,2898,902,1,12284,12284
5725,2898,582,2,16451,32902
5726,2899,458,2,47563,95126
5727,2899,158,2,49987,99974
5728,2899,846,1,20101,20101
5729,2900,165,1,45530,45530
5730,2900,527,1,20076,20076
5731,2900,716,1,27579,27579
5732,2901,225,2,49240,98480
5733,2902,420,1,20145,20145
5734,2902,22,1,17659,17659
5735,2903,6,2,38918,77836
5736,2904,766,1,23347,23347
5737,2905,345,2,24012,48024
5738,2905,199,1,7897,7897
5739,2905,558,1,40790,40790
5740,2906,330,1,33531,33531
5741,2907,830,2,26984,53968
5742,2907,184,1,41263,41263
5743,2908,921,1,39897,39897
5744,2908,241,2,42021,84042
5745,2908,564,1,5478,5478
5746,2909,863,1,44910,44910
5747,2909,830,1,26984,26984
5748,2910,462,2,48523,97046
5749,2911,715,2,36532,73064
5750,2911,443,2,19213,38426
5751,2911,168,1,12059,12059
5752,2912,182,1,19387,19387
5753,2913,625,1,30581,30581
5754,2913,915,1,16087,16087
5755,2913,395,2,44739,89478
5756,2914,922,1,43199,43199
5757,2914,765,2,21140,42280
5758,2915,117,2,49796,99592
5759,2915,905,1,7096,7096
5760,2915,647,2,30271,60542
5761,2916,108,2,5857,11714
5762,2916,254,2,27058,54116
5763,2917,1,1,16349,16349
5764,2918,159,1,1430,1430
5765,2919,922,1,43199,43199
5766,2920,624,1,36469,36469
5767,2920,157,2,5910,11820
5768,2920,102,1,8641,8641
5769,2921,755,1,25401,25401
5770,2921,615,2,37998,75996
5771,2922,726,1,24959,24959
5772,2922,961,2,41284,82568
5773,2923,505,1,29256,29256
5774,2923,395,1,44739,44739
5775,2924,774,2,6921,13842
5776,2924,645,1,37353,37353
5777,2925,651,1,2412,2412
5778,2926,833,1,11686,11686
5779,2926,273,1,33319,33319
5780,2926,254,2,27058,54116
5781,2927,456,1,43264,43264
5782,2927,980,2,29864,59728
5783,2927,420,1,20145,20145
5784,2928,994,2,44273,88546
5785,2928,608,1,29730,29730
5786,2929,710,2,33774,67548
5787,2929,307,1,39577,39577
5788,2929,359,1,29746,29746
5789,2930,842,2,27137,54274
5790,2930,750,2,28687,57374
5791,2930,155,2,17231,34462
5792,2931,977,2,30395,60790
5793,2931,842,1,27137,27137
5794,2931,409,2,2022,4044
5795,2932,850,2,17414,34828
5796,2932,97,2,3208,6416
5797,2932,142,1,38224,38224
5798,2933,632,1,25769,25769
5799,2933,520,2,18364,36728
5800,2934,229,2,16303,32606
5801,2934,617,2,1909,3818
5802,2935,652,2,29074,58148
5803,2935,10,2,48123,96246
5804,2935,783,1,11302,11302
5805,2936,883,2,41137,82274
5806,2936,623,2,7467,14934
5807,2936,24,2,24023,48046
5808,2937,784,2,17680,35360
5809,2938,605,1,29034,29034
5810,2938,312,2,28888,57776
5811,2939,634,1,46567,46567
5812,2939,406,1,35831,35831
5813,2939,497,2,45538,91076
5814,2940,703,2,28774,57548
5815,2940,697,2,41494,82988
5816,2941,361,2,3790,7580
5817,2941,703,2,28774,57548
5818,2941,633,2,23367,46734
5819,2942,977,1,30395,30395
5820,2943,822,2,32123,64246
5821,2943,517,1,49856,49856
5822,2943,868,2,29925,59850
5823,2944,249,2,6218,12436
5824,2944,296,2,46352,92704
5825,2945,409,1,2022,2022
5826,2946,300,1,24551,24551
5827,2946,796,2,15867,31734
5828,2947,324,1,38276,38276
5829,2947,11,2,5464,10928
5830,2948,335,1,16536,16536
5831,2949,856,1,19973,19973
5832,2950,409,1,2022,2022
5833,2951,41,2,4496,8992
5834,2951,407,2,42092,84184
5835,2952,617,1,1909,1909
5836,2952,924,1,39618,39618
5837,2952,63,2,4753,9506
5838,2953,854,1,38509,38509
5839,2953,259,1,18633,18633
5840,2953,368,1,8285,8285
5841,2954,899,1,20793,20793
5842,2954,553,1,11392,11392
5843,2954,587,2,33883,67766
5844,2955,313,1,38032,38032
5845,2955,683,2,41461,82922
5846,2956,854,1,38509,38509
5847,2956,876,2,4578,9156
5848,2957,887,1,27882,27882
5849,2957,243,1,29189,29189
5850,2958,808,1,25669,25669
5851,2958,380,1,31661,31661
5852,2959,218,1,43030,43030
5853,2960,354,2,44753,89506
5854,2960,738,1,30665,30665
5855,2960,400,2,7734,15468
5856,2961,209,2,9779,19558
5857,2961,18,2,17991,35982
5858,2961,934,2,38646,77292
5859,2962,572,2,37230,74460
5860,2963,197,2,32771,65542
5861,2963,846,2,20101,40202
5862,2963,449,2,30249,60498
5863,2964,54,2,35727,71454
5864,2964,515,1,43130,43130
5865,2964,780,1,12232,12232
5866,2965,484,1,7332,7332
5867,2965,166,1,18420,18420
5868,2965,425,1,2284,2284
5869,2966,769,2,39730,79460
5870,2966,209,1,9779,9779
5871,2966,438,1,38530,38530
5872,2967,278,2,41215,82430
5873,2968,973,2,33978,67956
5874,2968,993,1,14769,14769
5875,2969,610,2,46282,92564
5876,2969,961,2,41284,82568
5877,2969,45,2,44142,88284
5878,2970,352,2,40315,80630
5879,2970,978,2,3856,7712
5880,2970,433,1,3616,3616
5881,2971,963,2,12350,24700
5882,2971,40,1,34219,34219
5883,2972,120,2,41374,82748
5884,2973,626,2,42274,84548
5885,2973,612,2,37211,74422
5886,2974,323,2,5238,10476
5887,2975,189,1,35688,35688
5888,2976,624,1,36469,36469
5889,2977,242,2,49817,99634
5890,2977,221,2,43211,86422
5891,2978,265,2,4796,9592
5892,2979,492,2,21507,43014
5893,2979,923,2,14909,29818
5894,2980,296,2,46352,92704
5895,2980,702,2,28971,57942
5896,2980,805,1,17562,17562
5897,2981,448,1,2850,2850
5898,2981,335,1,16536,16536
5899,2981,175,1,20212,20212
5900,2982,7,1,27996,27996
5901,2982,501,1,49762,49762
5902,2983,342,2,46075,92150
5903,2983,747,1,5214,5214
5904,2984,171,1,37921,37921
5905,2985,759,1,18023,18023
5906,2986,131,1,8664,8664
5907,2986,675,1,371,371
5908,2987,952,2,25698,51396
5909,2988,946,1,9824,9824
5910,2989,994,1,44273,44273
5911,2989,475,2,15981,31962
5912,2989,507,2,8947,17894
5913,2990,658,1,49458,49458
5914,2990,559,2,35179,70358
5915,2990,750,2,28687,57374
5916,2991,692,2,34921,69842
5917,2991,329,1,19113,19113
5918,2991,568,1,919,919
5919,2992,685,2,49612,99224
5920,2992,313,1,38032,38032
5921,2992,175,2,20212,40424
5922,2993,416,1,3931,3931
5923,2994,336,1,40264,40264
5924,2994,501,2,49762,99524
5925,2994,378,1,48481,48481
5926,2995,345,1,24012,24012
5927,2996,873,2,12789,25578
5928,2996,653,2,45463,90926
5929,2996,49,1,30906,30906
5930,2997,459,2,37823,75646
5931,2997,466,2,12900,25800
5932,2998,236,2,20099,40198
5933,2998,784,1,17680,17680
5934,2999,791,2,24906,49812
5935,2999,145,2,39648,79296
5936,3000,750,2,28687,57374
5937,3000,762,1,6862,6862
5938,3000,874,2,45750,91500
