order_id,customer_id,order_date,status,total_amount
1,356,2026-03-01,Cancelled,3561
2,79,2026-03-08,Cancelled,55866
3,291,2025-10-29,Completed,67408
4,414,2026-02-02,Completed,22487
5,491,2026-01-03,Processing,106617
6,87,2026-04-21,Completed,137007
7,161,2026-04-03,Completed,25698
8,403,2025-09-01,Completed,16806
9,365,2025-07-24,Processing,17829
10,142,2025-07-14,Completed,14337
11,69,2025-07-14,Completed,80542
12,450,2026-03-10,Processing,20098
13,237,2026-05-21,Processing,94199
14,184,2026-03-11,Completed,101490
15,250,2025-07-24,Cancelled,28866
16,56,2025-10-24,Completed,90192
17,331,2026-04-20,Cancelled,93094
18,42,2026-05-27,Completed,40642
19,440,2026-01-09,Completed,168959
20,457,2025-06-12,Cancelled,107283
21,101,2025-07-04,Completed,94669
22,376,2025-12-25,Completed,98949
23,373,2026-04-18,Completed,4824
24,457,2026-06-05,Completed,193810
25,435,2025-10-06,Cancelled,51091
26,324,2025-10-23,Completed,200845
27,417,2026-02-15,Cancelled,44347
28,297,2026-03-30,Processing,80192
29,394,2025-12-19,Cancelled,112728
30,109,2026-01-18,Completed,49458
31,283,2025-09-01,Completed,19648
32,279,2025-11-03,Cancelled,106329
33,242,2025-12-26,Completed,109063
34,188,2025-11-27,Processing,49179
35,115,2025-08-03,Cancelled,96742
36,376,2026-05-23,Completed,93345
37,69,2026-04-14,Processing,30395
38,257,2025-12-11,Cancelled,14622
39,47,2025-11-25,Processing,14680
40,187,2026-01-18,Cancelled,43466
41,6,2025-08-04,Completed,18364
42,435,2026-02-10,Cancelled,141585
43,351,2026-04-01,Completed,59636
44,388,2026-02-24,Cancelled,76167
45,72,2026-01-17,Processing,127420
46,82,2025-10-03,Completed,50766
47,290,2026-06-09,Cancelled,72056
48,338,2025-07-27,Completed,89402
49,377,2026-06-11,Processing,105056
50,481,2026-02-25,Completed,127546
51,21,2025-12-04,Completed,110901
52,390,2026-04-11,Processing,1430
53,119,2025-12-10,Completed,50422
54,136,2026-02-24,Completed,86372
55,120,2025-10-27,Completed,198545
56,343,2026-06-06,Completed,44022
57,266,2025-10-11,Completed,49718
58,199,2026-04-11,Processing,88412
59,470,2025-08-28,Processing,168289
60,452,2026-03-07,Completed,82054
61,21,2026-04-04,Completed,115043
62,53,2026-02-23,Cancelled,28967
63,325,2025-07-01,Completed,17413
64,428,2026-04-24,Completed,142436
65,297,2025-08-16,Cancelled,126838
66,292,2025-12-07,Completed,142752
67,193,2025-11-02,Processing,178906
68,188,2026-06-07,Cancelled,75216
69,335,2026-02-08,Completed,83884
70,265,2026-04-18,Completed,8467
71,193,2026-06-09,Completed,173997
72,265,2025-12-29,Processing,12824
73,181,2025-10-13,Completed,82485
74,250,2026-02-15,Processing,47492
75,455,2026-06-09,Cancelled,31138
76,4,2026-03-16,Cancelled,47463
77,452,2025-11-02,Completed,5867
78,226,2025-12-22,Completed,123348
79,118,2025-09-23,Completed,20890
80,264,2026-02-21,Completed,79769
81,109,2025-08-22,Completed,33319
82,96,2026-04-21,Completed,104339
83,186,2025-11-03,Cancelled,41988
84,368,2025-07-29,Completed,121964
85,339,2026-03-14,Completed,66530
86,213,2026-01-10,Completed,55116
87,369,2026-04-02,Completed,97998
88,247,2026-04-19,Processing,66836
89,246,2026-02-26,Completed,96520
90,303,2025-11-26,Completed,124182
91,332,2025-08-10,Processing,92874
92,12,2025-08-01,Completed,81360
93,23,2026-02-21,Completed,48684
94,294,2025-09-26,Cancelled,29538
95,83,2025-08-04,Completed,168071
96,323,2025-08-30,Cancelled,89233
97,21,2026-03-12,Cancelled,97487
98,76,2026-03-08,Completed,5086
99,86,2025-06-15,Completed,77249
100,473,2026-03-04,Completed,24998
101,265,2026-01-08,Processing,49104
102,307,2026-02-15,Cancelled,89568
103,327,2026-06-08,Completed,31663
104,450,2025-08-05,Completed,120159
105,485,2026-05-25,Completed,34400
106,111,2025-11-15,Processing,13175
107,311,2026-04-16,Processing,146852
108,445,2026-05-16,Processing,15569
109,88,2025-07-17,Completed,88569
110,426,2026-06-03,Processing,80434
111,308,2025-08-16,Completed,41489
112,407,2025-07-01,Cancelled,29034
113,421,2026-06-05,Completed,63700
114,320,2026-02-04,Cancelled,79888
115,136,2026-01-15,Completed,97540
116,371,2026-06-01,Completed,99622
117,473,2026-01-27,Processing,71566
118,306,2025-11-06,Cancelled,21140
119,36,2025-06-24,Completed,174524
120,194,2025-09-08,Processing,104335
121,68,2025-12-07,Completed,48634
122,9,2026-02-18,Completed,127491
123,268,2026-05-27,Cancelled,57462
124,351,2026-02-05,Processing,128784
125,424,2025-10-27,Completed,133050
126,311,2026-02-20,Completed,70433
127,91,2026-03-30,Processing,90971
128,462,2026-02-08,Cancelled,52454
129,308,2026-03-23,Completed,81712
130,450,2026-04-24,Cancelled,60875
131,258,2026-02-05,Completed,95505
132,48,2025-09-20,Processing,87662
133,338,2026-02-06,Completed,64238
134,462,2025-10-24,Cancelled,97925
135,277,2025-07-25,Completed,4096
136,460,2025-07-12,Processing,84184
137,268,2025-12-08,Processing,79828
138,190,2026-02-11,Completed,103032
139,358,2025-12-15,Cancelled,22382
140,220,2025-06-20,Completed,15455
141,481,2026-01-07,Processing,55096
142,405,2026-01-07,Processing,66783
143,180,2025-09-20,Cancelled,34788
144,412,2026-03-11,Cancelled,124302
145,51,2026-03-29,Processing,117547
146,69,2025-08-17,Completed,94749
147,245,2025-12-06,Completed,9565
148,466,2026-02-02,Completed,41137
149,146,2025-11-17,Cancelled,85128
150,449,2026-01-07,Cancelled,43074
151,210,2025-07-18,Completed,97223
152,97,2025-07-05,Completed,30702
153,364,2026-05-10,Completed,120982
154,296,2026-03-30,Cancelled,85127
155,61,2025-08-18,Cancelled,68902
156,4,2026-04-05,Processing,42486
157,336,2025-06-19,Completed,80447
158,353,2026-01-01,Completed,65300
159,210,2025-12-25,Completed,163778
160,55,2026-04-05,Completed,33160
161,219,2025-12-07,Cancelled,157575
162,130,2025-12-18,Completed,83247
163,438,2026-01-12,Cancelled,163391
164,217,2026-02-28,Cancelled,154248
165,188,2026-03-28,Cancelled,73406
166,142,2025-07-27,Processing,103386
167,387,2026-03-14,Completed,41645
168,212,2026-05-31,Cancelled,132979
169,402,2026-05-06,Cancelled,42958
170,248,2025-08-17,Completed,32819
171,190,2026-01-17,Cancelled,47412
172,285,2025-08-16,Processing,165598
173,130,2026-01-01,Completed,102512
174,296,2026-03-31,Completed,62062
175,397,2025-07-27,Processing,89506
176,377,2025-07-29,Completed,95596
177,438,2025-08-26,Completed,138615
178,383,2025-08-10,Completed,161119
179,229,2026-01-03,Completed,179682
180,52,2026-04-19,Completed,101008
181,261,2025-06-24,Processing,197082
182,403,2026-06-05,Completed,14622
183,411,2025-12-14,Cancelled,29360
184,315,2025-10-23,Completed,46005
185,83,2025-12-28,Processing,13724
186,494,2025-11-13,Completed,104202
187,412,2026-05-23,Completed,45072
188,422,2025-06-12,Completed,25769
189,242,2025-09-30,Cancelled,106511
190,223,2026-05-24,Completed,76731
191,33,2025-12-19,Completed,49746
192,114,2026-03-25,Completed,28335
193,41,2026-02-08,Cancelled,9315
194,20,2025-11-21,Processing,181342
195,477,2026-01-09,Processing,29893
196,315,2026-02-21,Cancelled,85830
197,147,2025-12-20,Cancelled,88957
198,30,2026-06-07,Completed,144502
199,328,2025-10-18,Processing,41097
200,225,2025-12-25,Completed,34836
201,104,2025-08-27,Cancelled,97292
202,147,2025-07-18,Completed,86782
203,18,2026-04-08,Cancelled,91272
204,262,2025-09-06,Cancelled,5362
205,358,2025-08-19,Completed,113929
206,315,2025-09-29,Completed,185473
207,346,2026-04-12,Completed,42370
208,185,2026-05-28,Completed,8285
209,336,2026-01-18,Completed,46206
210,500,2025-08-30,Completed,29988
211,45,2025-10-21,Completed,46660
212,400,2025-07-29,Processing,89723
213,181,2026-01-25,Processing,13644
214,208,2025-07-09,Cancelled,57056
215,103,2025-09-13,Cancelled,25826
216,8,2025-10-29,Completed,25784
217,471,2026-05-08,Completed,67553
218,282,2025-11-05,Completed,38428
219,372,2025-07-12,Cancelled,79016
220,469,2025-09-13,Cancelled,23367
221,179,2025-11-14,Completed,130849
222,494,2026-02-21,Completed,181029
223,116,2025-12-25,Cancelled,92023
224,494,2025-07-07,Completed,27488
225,233,2026-03-07,Processing,77177
226,295,2026-06-11,Completed,41079
227,134,2026-02-22,Completed,11094
228,209,2025-08-21,Cancelled,101089
229,55,2025-10-26,Cancelled,57891
230,38,2026-02-07,Cancelled,126552
231,151,2026-04-08,Completed,114478
232,485,2026-01-19,Completed,49383
233,412,2025-11-12,Cancelled,71454
234,490,2025-08-07,Completed,75848
235,449,2026-06-10,Cancelled,97109
236,417,2025-11-17,Cancelled,37266
237,129,2025-06-21,Processing,49476
238,495,2026-01-18,Processing,178609
239,289,2025-07-10,Processing,140115
240,395,2025-07-27,Completed,39978
241,388,2025-07-22,Completed,17445
242,493,2025-12-29,Processing,37353
243,349,2025-07-06,Processing,48460
244,460,2026-02-01,Cancelled,61406
245,442,2025-10-22,Completed,7258
246,247,2025-10-12,Completed,80298
247,133,2025-09-20,Completed,8664
248,196,2026-04-26,Completed,79680
249,347,2025-09-02,Completed,95564
250,410,2025-06-15,Completed,47726
251,212,2025-10-28,Completed,102741
252,265,2026-06-01,Cancelled,63013
253,5,2025-10-28,Completed,44402
254,128,2025-07-20,Completed,241328
255,48,2026-05-16,Processing,35688
256,345,2025-08-15,Completed,12580
257,39,2026-03-05,Cancelled,202524
258,477,2025-10-02,Completed,36404
259,244,2026-04-08,Completed,73026
260,182,2025-12-08,Completed,37660
261,458,2025-12-22,Cancelled,112520
262,138,2026-02-23,Completed,87882
263,485,2026-04-24,Completed,147928
264,256,2025-12-30,Completed,116474
265,121,2026-01-20,Completed,123028
266,447,2026-05-06,Completed,43735
267,106,2025-08-13,Completed,187775
268,104,2026-05-24,Completed,76426
269,429,2025-11-01,Cancelled,103753
270,183,2025-10-16,Completed,98100
271,399,2026-03-10,Completed,79236
272,62,2026-06-01,Completed,4083
273,347,2025-12-23,Processing,44854
274,315,2026-01-15,Completed,57451
275,392,2026-04-18,Cancelled,54490
276,491,2025-12-03,Completed,110401
277,435,2025-07-28,Processing,25800
278,191,2025-06-15,Cancelled,11694
279,162,2025-12-16,Processing,110184
280,460,2025-08-07,Cancelled,16289
281,445,2025-07-28,Completed,143163
282,252,2025-10-28,Completed,23767
283,392,2026-03-08,Cancelled,25826
284,144,2025-07-01,Processing,82136
285,114,2026-03-04,Cancelled,103507
286,66,2026-06-03,Completed,66367
287,270,2026-02-25,Processing,29268
288,245,2025-09-11,Cancelled,50638
289,17,2026-01-20,Cancelled,58134
290,178,2026-02-25,Processing,48840
291,441,2025-08-18,Completed,88004
292,235,2026-06-07,Completed,61385
293,358,2026-03-31,Cancelled,86496
294,236,2025-12-12,Completed,12100
295,353,2025-09-20,Completed,77743
296,7,2025-11-15,Completed,59288
297,195,2026-05-22,Cancelled,146298
298,52,2026-04-30,Completed,32174
299,186,2026-04-05,Cancelled,181044
300,442,2025-10-01,Completed,117545
301,96,2026-04-21,Cancelled,156584
302,135,2026-05-24,Completed,61500
303,138,2025-11-07,Processing,93905
304,491,2025-10-04,Cancelled,59176
305,176,2025-07-14,Completed,86928
306,95,2025-07-11,Processing,32123
307,218,2026-03-06,Completed,149718
308,215,2026-05-23,Completed,117721
309,187,2025-08-11,Processing,45026
310,144,2025-07-03,Processing,21940
311,93,2026-03-11,Cancelled,86786
312,68,2025-12-31,Cancelled,108703
313,352,2025-12-09,Completed,34405
314,417,2026-04-28,Completed,42724
315,370,2026-05-30,Completed,21140
316,412,2025-11-14,Completed,10544
317,285,2025-12-15,Processing,140768
318,439,2026-03-06,Processing,30780
319,101,2025-12-04,Completed,93877
320,410,2025-12-17,Completed,42309
321,243,2026-06-12,Completed,50406
322,91,2026-05-03,Processing,17680
323,256,2026-02-22,Completed,104844
324,458,2025-11-07,Cancelled,57901
325,274,2026-01-23,Completed,60277
326,403,2026-05-11,Processing,90027
327,154,2026-03-12,Completed,151334
328,288,2026-02-28,Cancelled,96293
329,25,2026-02-24,Processing,112501
330,51,2026-03-13,Completed,146846
331,31,2025-09-09,Completed,8971
332,417,2026-03-09,Completed,195095
333,244,2026-05-26,Completed,23170
334,231,2026-04-09,Completed,88764
335,134,2026-04-30,Completed,12402
336,185,2025-12-22,Cancelled,49470
337,286,2026-01-20,Completed,94474
338,177,2026-01-20,Completed,139339
339,211,2026-05-31,Completed,7282
340,180,2026-02-13,Cancelled,77582
341,102,2026-04-30,Cancelled,76518
342,295,2025-12-20,Cancelled,82538
343,90,2025-09-02,Completed,63641
344,182,2025-07-09,Completed,49890
345,345,2026-04-15,Cancelled,114298
346,250,2025-12-17,Processing,36810
347,456,2026-05-26,Completed,23801
348,196,2025-11-13,Cancelled,150871
349,147,2025-10-28,Processing,85416
350,324,2025-10-26,Completed,112387
351,445,2025-07-23,Completed,47343
352,328,2026-05-12,Completed,77390
353,216,2025-09-11,Cancelled,45553
354,293,2025-12-26,Processing,34240
355,435,2026-03-19,Completed,111301
356,41,2025-07-25,Completed,64571
357,176,2025-09-29,Completed,8460
358,161,2025-09-27,Completed,121822
359,335,2025-08-28,Completed,115545
360,364,2026-03-09,Completed,9428
361,310,2026-01-06,Processing,25150
362,139,2025-08-30,Processing,99359
363,400,2025-10-01,Completed,113370
364,383,2026-05-19,Cancelled,20612
365,267,2026-02-02,Processing,46174
366,212,2026-04-10,Completed,116181
367,95,2025-06-24,Completed,67354
368,65,2025-11-28,Completed,58788
369,339,2026-01-24,Completed,69063
370,482,2025-12-07,Completed,35988
371,108,2025-10-20,Completed,97789
372,204,2026-01-23,Completed,118224
373,49,2025-10-10,Completed,73094
374,480,2025-10-19,Processing,57206
375,281,2025-06-13,Completed,35179
376,14,2026-05-03,Processing,106785
377,269,2025-08-19,Completed,122987
378,54,2025-10-19,Completed,69123
379,317,2025-07-19,Completed,71084
380,44,2025-12-09,Processing,21045
381,159,2025-07-13,Completed,32618
382,127,2025-12-17,Completed,83738
383,227,2025-08-07,Completed,114063
384,68,2025-07-27,Cancelled,10932
385,430,2025-12-07,Completed,82108
386,15,2025-08-07,Completed,16940
387,340,2026-02-07,Completed,50239
388,441,2025-09-02,Completed,110206
389,443,2025-11-03,Processing,95727
390,240,2025-09-29,Cancelled,106192
391,479,2025-11-15,Completed,65790
392,281,2025-08-17,Processing,4758
393,70,2026-04-05,Cancelled,99846
394,91,2025-07-21,Cancelled,80720
395,306,2025-11-19,Processing,29244
396,324,2026-04-15,Cancelled,27682
397,223,2025-08-10,Cancelled,94143
398,328,2025-10-19,Cancelled,31795
399,159,2025-11-17,Completed,4714
400,247,2025-10-21,Cancelled,27617
401,117,2026-04-26,Completed,141896
402,227,2025-08-23,Completed,81004
403,188,2025-08-20,Processing,149369
404,134,2025-06-26,Completed,74662
405,156,2025-11-03,Completed,140894
406,1,2026-03-11,Cancelled,65962
407,418,2026-05-07,Completed,14575
408,177,2025-08-09,Completed,96185
409,241,2025-08-23,Cancelled,111604
410,5,2025-12-04,Processing,31734
411,485,2026-02-10,Processing,184343
412,154,2025-09-17,Completed,41498
413,393,2025-11-13,Processing,39938
414,409,2025-12-30,Completed,106074
415,306,2026-03-31,Completed,46672
416,408,2026-02-28,Completed,126940
417,281,2025-10-08,Completed,10114
418,97,2026-03-18,Processing,6176
419,452,2026-04-30,Cancelled,51538
420,224,2025-12-12,Processing,45670
421,128,2026-05-16,Completed,47534
422,367,2026-04-16,Processing,179860
423,425,2025-11-01,Processing,8641
424,113,2025-07-22,Completed,137497
425,41,2025-07-21,Processing,17657
426,321,2025-06-19,Completed,84976
427,265,2025-08-07,Cancelled,94629
428,414,2025-12-12,Completed,82983
429,146,2026-03-19,Cancelled,79122
430,415,2025-09-06,Completed,107755
431,212,2026-02-15,Completed,43099
432,437,2025-10-15,Completed,121342
433,94,2026-06-04,Completed,70426
434,149,2026-03-08,Completed,41454
435,327,2025-11-17,Processing,59426
436,317,2025-09-25,Processing,4347
437,140,2025-12-06,Cancelled,43759
438,252,2026-03-17,Completed,119925
439,165,2025-09-10,Completed,34833
440,78,2025-08-06,Completed,39207
441,497,2025-12-16,Cancelled,43636
442,12,2025-09-11,Completed,58543
443,498,2026-03-19,Completed,62832
444,145,2026-04-24,Completed,88922
445,65,2026-06-10,Processing,39897
446,373,2025-09-10,Completed,40264
447,120,2026-04-08,Completed,27320
448,78,2025-08-23,Completed,81430
449,253,2026-02-25,Completed,82394
450,176,2026-04-04,Processing,151307
451,160,2026-02-23,Processing,17772
452,191,2025-12-12,Processing,71986
453,357,2025-08-17,Completed,60790
454,170,2026-06-10,Completed,91274
455,432,2026-01-14,Completed,99390
456,29,2026-01-30,Completed,77390
457,398,2025-09-03,Processing,18086
458,37,2025-07-30,Cancelled,34582
459,241,2025-06-26,Completed,196096
460,99,2026-06-09,Completed,36205
461,419,2026-05-18,Processing,18292
462,425,2025-11-15,Completed,18148
463,63,2026-01-23,Completed,75551
464,198,2025-07-15,Processing,131521
465,127,2025-06-30,Completed,50102
466,102,2025-11-08,Processing,80001
467,377,2025-10-02,Completed,82559
468,267,2026-01-29,Completed,42246
469,243,2025-09-04,Processing,64246
470,349,2025-10-13,Completed,102248
471,480,2025-12-04,Completed,20862
472,82,2025-12-15,Completed,86144
473,382,2026-02-02,Cancelled,16523
474,267,2025-10-01,Completed,71636
475,130,2025-09-18,Processing,135799
476,327,2025-09-22,Completed,125454
477,102,2025-10-18,Completed,102770
478,455,2025-11-12,Completed,6176
479,443,2025-10-07,Completed,62994
480,499,2025-06-29,Completed,54141
481,121,2025-06-26,Processing,12100
482,167,2025-07-01,Completed,24896
483,86,2026-03-11,Completed,128966
484,300,2025-08-28,Completed,18558
485,203,2025-12-01,Completed,163316
486,5,2026-05-10,Completed,14641
487,298,2025-07-18,Processing,76812
488,353,2025-08-18,Cancelled,68003
489,80,2026-05-25,Completed,51568
490,395,2025-10-23,Completed,19960
491,128,2025-10-01,Completed,223943
492,256,2025-07-17,Completed,89509
493,352,2025-06-17,Cancelled,69554
494,174,2025-12-30,Completed,112254
495,31,2026-04-23,Completed,9428
496,331,2025-10-11,Completed,43030
497,360,2026-03-10,Cancelled,186369
498,406,2025-10-22,Completed,22370
499,65,2026-03-24,Processing,162402
500,120,2025-12-22,Completed,110526
501,286,2025-10-26,Completed,94352
502,413,2026-02-04,Processing,94886
503,376,2025-08-27,Completed,57548
504,11,2025-10-30,Processing,108841
505,184,2026-05-02,Completed,96168
506,129,2025-07-29,Completed,34473
507,249,2026-03-10,Processing,103552
508,287,2025-07-26,Completed,118778
509,278,2026-01-12,Processing,120522
510,98,2026-05-11,Cancelled,179722
511,96,2026-02-06,Cancelled,87650
512,179,2025-08-20,Completed,51152
513,375,2026-02-24,Processing,67002
514,141,2026-05-16,Cancelled,46164
515,469,2025-07-09,Cancelled,82391
516,83,2025-12-29,Completed,51428
517,272,2025-10-15,Completed,21020
518,231,2026-03-04,Completed,53492
519,420,2026-06-09,Completed,146684
520,278,2025-08-24,Completed,27574
521,233,2026-03-02,Completed,136673
522,398,2025-06-28,Cancelled,5824
523,195,2025-08-21,Completed,110060
524,453,2025-12-30,Completed,149301
525,318,2025-09-12,Completed,82922
526,398,2026-04-29,Cancelled,55906
527,123,2026-04-20,Completed,20212
528,370,2026-05-09,Completed,64300
529,338,2026-06-03,Cancelled,78881
530,420,2026-05-05,Processing,44449
531,98,2025-11-23,Cancelled,21998
532,350,2026-03-01,Processing,57776
533,393,2026-05-11,Cancelled,13834
534,79,2025-07-06,Cancelled,159227
535,145,2025-11-12,Completed,139951
536,210,2026-05-18,Completed,53745
537,57,2025-12-13,Completed,140859
538,268,2025-06-20,Completed,77210
539,23,2026-01-17,Completed,48603
540,92,2026-02-21,Completed,46768
541,104,2025-07-29,Completed,176201
542,249,2025-06-28,Completed,192002
543,51,2026-01-05,Completed,60999
544,293,2026-03-29,Processing,60200
545,337,2026-02-20,Processing,14769
546,270,2026-03-10,Cancelled,106705
547,360,2025-11-04,Cancelled,143948
548,132,2026-02-17,Completed,110411
549,188,2026-04-26,Completed,66031
550,311,2026-06-02,Completed,99524
551,7,2025-08-11,Completed,53454
552,336,2026-03-13,Processing,131555
553,476,2025-10-30,Completed,32831
554,240,2026-03-24,Completed,171764
555,185,2025-11-05,Cancelled,168594
556,381,2025-09-19,Processing,53472
557,421,2025-08-18,Completed,42558
558,407,2025-08-09,Completed,59847
559,422,2025-08-30,Cancelled,148801
560,137,2026-02-22,Cancelled,30023
561,21,2026-04-29,Completed,90832
562,428,2026-03-28,Completed,127706
563,40,2025-11-25,Completed,105274
564,492,2026-02-26,Cancelled,87250
565,50,2025-12-21,Completed,38216
566,372,2025-10-01,Completed,32400
567,273,2025-08-31,Processing,32920
568,98,2026-02-26,Completed,40626
569,270,2025-12-31,Completed,13842
570,292,2025-08-13,Completed,21076
571,286,2025-06-28,Cancelled,86490
572,213,2025-09-07,Completed,35360
573,393,2025-06-26,Cancelled,169108
574,184,2025-08-05,Processing,75941
575,360,2026-05-01,Processing,77929
576,453,2026-05-17,Completed,98224
577,86,2025-09-18,Completed,78886
578,282,2026-03-28,Processing,16349
579,259,2026-02-02,Completed,54840
580,337,2025-09-11,Completed,30972
581,274,2026-04-09,Cancelled,128221
582,227,2025-12-24,Completed,42794
583,463,2025-06-12,Completed,85518
584,282,2025-10-17,Completed,55644
585,433,2026-01-19,Completed,55202
586,212,2025-10-25,Processing,126550
587,423,2025-07-12,Completed,76464
588,312,2026-02-25,Completed,28484
589,289,2025-12-30,Cancelled,79920
590,110,2026-03-03,Processing,32920
591,393,2025-11-08,Cancelled,83490
592,475,2026-01-21,Completed,60504
593,185,2025-10-08,Processing,85258
594,230,2025-07-02,Processing,126282
595,1,2026-04-06,Completed,40542
596,146,2026-04-09,Cancelled,18258
597,9,2025-08-31,Cancelled,107360
598,70,2026-05-31,Completed,142066
599,4,2025-08-15,Completed,79574
600,114,2026-06-02,Completed,25208
601,439,2025-12-25,Completed,73064
602,12,2026-06-05,Completed,124215
603,471,2026-03-23,Cancelled,12789
604,262,2026-03-24,Cancelled,43831
605,293,2025-07-20,Cancelled,22062
606,80,2026-03-11,Completed,24906
607,20,2025-10-29,Processing,43199
608,183,2026-02-06,Completed,106436
609,71,2026-04-26,Completed,143614
610,188,2026-01-30,Cancelled,126116
611,128,2025-12-30,Completed,76469
612,132,2026-04-06,Completed,63408
613,48,2025-08-31,Cancelled,14653
614,205,2025-09-18,Cancelled,42377
615,470,2026-01-10,Completed,48667
616,376,2026-04-03,Completed,16087
617,371,2026-03-14,Completed,79725
618,406,2025-08-07,Processing,20612
619,89,2025-09-04,Processing,17301
620,423,2026-03-04,Cancelled,189734
621,420,2025-10-24,Completed,43586
622,305,2026-05-08,Completed,147334
623,20,2025-07-16,Cancelled,94124
624,196,2025-08-17,Completed,58682
625,400,2025-08-18,Completed,24200
626,472,2026-04-23,Completed,34877
627,179,2025-08-20,Processing,85262
628,214,2025-12-08,Completed,17390
629,446,2026-03-05,Completed,153240
630,383,2026-02-04,Cancelled,153295
631,476,2025-06-19,Completed,18630
632,325,2025-08-10,Processing,28323
633,28,2025-08-16,Completed,66426
634,269,2025-11-03,Completed,56517
635,164,2026-01-20,Cancelled,144021
636,290,2025-07-07,Completed,46683
637,168,2025-07-08,Cancelled,41215
638,358,2025-09-09,Completed,17428
639,79,2026-05-10,Completed,139382
640,345,2026-06-02,Processing,17659
641,498,2025-07-18,Processing,11113
642,386,2025-12-21,Cancelled,97485
643,295,2026-03-04,Cancelled,82758
644,47,2026-04-03,Completed,146356
645,222,2026-01-18,Completed,58861
646,403,2025-10-28,Processing,6206
647,76,2025-06-19,Completed,37252
648,173,2026-04-10,Completed,5623
649,244,2026-03-18,Cancelled,32681
650,382,2026-02-02,Completed,48877
651,281,2025-06-28,Processing,21793
652,135,2025-09-10,Completed,101512
653,205,2025-07-12,Cancelled,121016
654,223,2025-08-03,Completed,136793
655,391,2026-01-27,Completed,99174
656,247,2025-06-16,Cancelled,69820
657,102,2026-05-31,Processing,110869
658,203,2026-05-28,Cancelled,50652
659,101,2025-07-20,Cancelled,94825
660,316,2026-03-08,Cancelled,4967
661,127,2025-10-13,Completed,39671
662,37,2026-02-25,Completed,91268
663,398,2025-08-25,Processing,55158
664,166,2025-12-04,Cancelled,118486
665,46,2026-01-04,Completed,80330
666,344,2025-11-21,Processing,133516
667,217,2025-08-10,Completed,85290
668,179,2025-10-11,Completed,12100
669,165,2025-08-07,Completed,110583
670,305,2025-07-02,Completed,199305
671,395,2026-02-20,Completed,36964
672,87,2026-01-27,Completed,48784
673,316,2025-07-27,Processing,97522
674,320,2026-04-09,Completed,195430
675,226,2025-07-19,Completed,90498
676,474,2025-09-28,Completed,73016
677,103,2025-12-16,Completed,88418
678,80,2026-04-14,Completed,71056
679,58,2025-08-02,Completed,113867
680,125,2026-05-11,Cancelled,133181
681,475,2025-06-20,Completed,43168
682,445,2025-11-15,Completed,142376
683,8,2025-08-04,Completed,48752
684,356,2026-02-06,Completed,148566
685,157,2025-09-02,Processing,59972
686,242,2026-04-29,Completed,96371
687,170,2025-10-30,Completed,81568
688,379,2026-05-01,Cancelled,52666
689,109,2026-04-09,Completed,31853
690,280,2025-07-23,Cancelled,126357
691,385,2025-08-13,Completed,83110
692,281,2025-07-22,Processing,134961
693,319,2025-07-19,Completed,139540
694,356,2026-05-27,Completed,79802
695,193,2025-10-20,Cancelled,98916
696,464,2026-01-23,Cancelled,107042
697,23,2025-07-25,Completed,78360
698,88,2026-05-15,Completed,36234
699,146,2026-05-14,Completed,9597
700,405,2026-05-05,Cancelled,111087
701,139,2026-01-19,Completed,5714
702,239,2025-08-16,Completed,68371
703,35,2025-12-23,Processing,91991
704,339,2026-01-17,Completed,181976
705,340,2026-02-15,Completed,13392
706,443,2025-08-05,Completed,25689
707,10,2026-02-11,Completed,46726
708,445,2025-09-30,Processing,170887
709,119,2026-04-07,Processing,114765
710,261,2025-10-17,Completed,107163
711,463,2025-07-20,Completed,71414
712,249,2026-05-13,Cancelled,111853
713,273,2026-02-09,Completed,83838
714,96,2026-05-19,Completed,73451
715,257,2026-04-04,Processing,37921
716,288,2026-02-27,Completed,41118
717,21,2025-07-09,Completed,34584
718,473,2025-06-12,Cancelled,30927
719,157,2026-05-19,Completed,39986
720,251,2025-08-05,Processing,51034
721,382,2026-02-07,Completed,56998
722,10,2025-10-07,Completed,94102
723,351,2025-11-01,Completed,85006
724,182,2026-03-03,Completed,96574
725,121,2026-03-26,Cancelled,101883
726,142,2025-12-04,Completed,147002
727,321,2025-07-06,Completed,28725
728,450,2026-01-09,Processing,56948
729,456,2026-05-29,Completed,175968
730,484,2025-09-21,Cancelled,37906
731,486,2025-07-15,Completed,2467
732,116,2026-06-11,Completed,81323
733,175,2025-08-17,Processing,115255
734,337,2025-10-30,Completed,51910
735,45,2025-10-06,Processing,94487
736,267,2025-11-14,Cancelled,82922
737,447,2026-02-20,Completed,43831
738,214,2025-11-10,Completed,66924
739,294,2026-03-29,Completed,99083
740,219,2025-10-12,Completed,118498
741,466,2026-04-01,Cancelled,103716
742,169,2026-02-06,Processing,107590
743,278,2025-09-10,Completed,31390
744,106,2025-11-12,Completed,127911
745,298,2025-12-10,Cancelled,48603
746,351,2025-12-24,Completed,102960
747,442,2025-12-23,Completed,113018
748,159,2026-04-08,Cancelled,111833
749,466,2025-10-30,Completed,33918
750,221,2026-01-10,Completed,96920
751,336,2025-11-13,Cancelled,42647
752,470,2026-01-09,Completed,23767
753,163,2026-02-20,Completed,72170
754,286,2026-03-12,Cancelled,8732
755,486,2026-02-24,Completed,79504
756,95,2025-09-06,Completed,80116
757,430,2025-06-13,Completed,124389
758,373,2026-06-10,Completed,125170
759,392,2025-06-18,Completed,257442
760,451,2026-01-02,Processing,142311
761,493,2026-05-28,Processing,77101
762,156,2026-05-15,Processing,101019
763,382,2025-07-03,Completed,40659
764,78,2025-10-17,Completed,71872
765,55,2026-04-18,Completed,68418
766,95,2026-04-25,Completed,90948
767,391,2026-04-07,Cancelled,131904
768,316,2025-09-27,Completed,67994
769,311,2025-08-03,Cancelled,105325
770,314,2026-04-20,Completed,185372
771,306,2026-06-02,Completed,96911
772,119,2026-05-12,Completed,23126
773,184,2025-09-08,Completed,106157
774,353,2026-04-10,Processing,75109
775,69,2025-07-02,Cancelled,29872
776,434,2025-08-01,Cancelled,103671
777,241,2026-05-30,Completed,68229
778,95,2026-02-24,Processing,47202
779,252,2025-10-28,Processing,61440
780,71,2025-06-21,Completed,14420
781,99,2026-05-31,Completed,39450
782,17,2025-10-26,Processing,27474
783,392,2026-02-23,Completed,48877
784,474,2026-02-09,Completed,100336
785,487,2025-07-08,Processing,106392
786,114,2026-04-14,Completed,42488
787,388,2026-04-26,Completed,51952
788,34,2025-06-23,Completed,108485
789,475,2025-10-23,Processing,100927
790,444,2025-07-10,Cancelled,40536
791,251,2025-07-10,Completed,99574
792,444,2026-01-06,Processing,95705
793,455,2026-04-05,Completed,47946
794,219,2025-08-05,Processing,95126
795,398,2025-08-17,Completed,89456
796,312,2026-03-11,Processing,26984
797,369,2026-03-12,Completed,25803
798,202,2026-02-22,Cancelled,62780
799,481,2025-09-29,Cancelled,165344
800,305,2025-11-09,Cancelled,58038
801,269,2025-10-13,Completed,93768
802,267,2026-03-24,Completed,67062
803,232,2026-02-21,Processing,31690
804,424,2025-09-24,Completed,224841
805,450,2025-08-08,Completed,52043
806,266,2026-04-30,Cancelled,32986
807,203,2025-06-23,Completed,55309
808,286,2026-03-13,Processing,105653
809,265,2025-12-13,Completed,47602
810,98,2025-06-15,Completed,49671
811,226,2026-04-12,Processing,208767
812,453,2026-02-15,Completed,73716
813,397,2026-04-28,Completed,78142
814,237,2025-12-31,Completed,154451
815,217,2026-04-11,Completed,88405
816,314,2026-05-14,Completed,75196
817,354,2025-12-12,Cancelled,62062
818,463,2026-02-26,Completed,43200
819,238,2025-11-14,Processing,77836
820,47,2025-08-08,Cancelled,55998
821,58,2026-06-03,Completed,9506
822,399,2025-12-19,Cancelled,135453
823,481,2026-06-04,Cancelled,30548
824,70,2025-07-27,Processing,50406
825,212,2025-08-28,Completed,87235
826,231,2026-01-24,Completed,51844
827,92,2025-08-31,Processing,68108
828,303,2025-08-18,Completed,101240
829,452,2026-03-12,Processing,7776
830,47,2026-01-02,Completed,22487
831,166,2026-04-16,Completed,115069
832,368,2026-04-06,Completed,6068
833,47,2025-11-30,Completed,58134
834,362,2025-10-04,Processing,104016
835,325,2026-02-01,Completed,226020
836,44,2026-04-10,Cancelled,98474
837,363,2025-08-11,Processing,32558
838,373,2026-04-02,Cancelled,153448
839,314,2026-02-03,Completed,172635
840,194,2025-08-22,Cancelled,55764
841,195,2025-07-21,Completed,119916
842,394,2025-07-10,Completed,25769
843,468,2026-01-18,Completed,54087
844,290,2026-04-17,Completed,87175
845,84,2025-06-22,Completed,107058
846,92,2025-09-23,Completed,179802
847,215,2025-12-27,Completed,6372
848,159,2025-07-05,Processing,69346
849,148,2026-01-16,Completed,37866
850,61,2026-03-15,Completed,36083
851,492,2025-10-03,Completed,46949
852,2,2025-12-30,Cancelled,86933
853,392,2026-01-31,Completed,139339
854,7,2025-06-23,Processing,98918
855,255,2025-09-18,Processing,28336
856,279,2026-06-04,Completed,58825
857,312,2026-01-04,Processing,135930
858,122,2026-01-04,Completed,68607
859,302,2026-03-28,Processing,58628
860,233,2025-06-28,Processing,27562
861,227,2025-10-05,Completed,162846
862,308,2026-05-23,Cancelled,98630
863,4,2025-06-15,Completed,41374
864,452,2025-10-20,Cancelled,29360
865,143,2025-09-23,Cancelled,31031
866,322,2025-11-04,Cancelled,25669
867,420,2025-08-22,Completed,81360
868,26,2026-03-14,Completed,48622
869,76,2026-03-04,Completed,152639
870,335,2026-06-03,Completed,24252
871,19,2026-02-24,Completed,28603
872,438,2025-07-17,Completed,82022
873,342,2025-11-08,Cancelled,56176
874,430,2026-03-10,Cancelled,263148
875,153,2025-07-18,Completed,99270
876,472,2026-04-03,Completed,67956
877,26,2025-08-05,Completed,43200
878,214,2026-01-12,Completed,41349
879,83,2025-10-29,Completed,127559
880,313,2026-01-12,Cancelled,48237
881,294,2026-04-19,Cancelled,3372
882,91,2025-09-26,Processing,176986
883,384,2025-08-06,Cancelled,70813
884,185,2025-11-28,Completed,72687
885,48,2026-05-01,Completed,44600
886,166,2025-07-16,Completed,62234
887,460,2026-03-01,Processing,43586
888,420,2026-05-01,Completed,164108
889,389,2026-04-03,Processing,124312
890,432,2026-02-06,Cancelled,49511
891,34,2026-03-20,Completed,69213
892,242,2025-08-09,Completed,9483
893,63,2026-05-30,Completed,44912
894,169,2025-12-17,Cancelled,39822
895,212,2026-03-05,Cancelled,44273
896,108,2026-02-05,Completed,84163
897,314,2026-05-18,Completed,117667
898,56,2025-10-14,Cancelled,59505
899,374,2026-03-26,Cancelled,2912
900,45,2025-10-14,Processing,2850
901,371,2025-10-21,Cancelled,158469
902,479,2026-04-21,Completed,15974
903,219,2025-11-16,Cancelled,14862
904,435,2026-05-03,Completed,125739
905,133,2026-03-22,Cancelled,2422
906,295,2025-10-31,Cancelled,122700
907,182,2025-08-27,Completed,46848
908,315,2026-01-21,Cancelled,80781
909,255,2025-07-09,Cancelled,96962
910,374,2025-08-06,Processing,42981
911,253,2026-01-27,Completed,5249
912,453,2025-12-11,Cancelled,2379
913,120,2026-04-02,Completed,98208
914,100,2025-08-03,Completed,49327
915,61,2026-04-26,Completed,80952
916,239,2025-12-29,Completed,165188
917,378,2026-06-01,Completed,8253
918,410,2026-03-25,Cancelled,98833
919,213,2025-07-13,Processing,69376
920,24,2025-07-16,Completed,43122
921,180,2025-10-04,Cancelled,116847
922,413,2026-05-19,Completed,42578
923,6,2025-08-10,Completed,69721
924,354,2025-09-22,Completed,25480
925,131,2025-10-22,Completed,122491
926,158,2025-07-14,Completed,111974
927,260,2025-08-16,Cancelled,58462
928,166,2026-03-21,Completed,75958
929,59,2025-09-14,Completed,63595
930,175,2025-12-02,Processing,157339
931,371,2025-09-13,Cancelled,38660
932,316,2026-04-28,Completed,92255
933,427,2026-02-05,Completed,44203
934,100,2025-08-02,Completed,14867
935,427,2025-07-27,Completed,120038
936,473,2026-01-06,Processing,96338
937,470,2025-06-26,Processing,37265
938,409,2026-04-22,Completed,108135
939,331,2025-11-05,Completed,77264
940,247,2026-04-21,Completed,116150
941,322,2026-05-13,Processing,47774
942,457,2025-07-29,Cancelled,64331
943,459,2025-10-24,Completed,95304
944,237,2026-04-17,Processing,67182
945,476,2026-05-26,Completed,156792
946,428,2025-10-26,Cancelled,50008
947,154,2026-02-16,Cancelled,110452
948,372,2025-12-14,Completed,103964
949,285,2025-09-16,Cancelled,25370
950,10,2026-04-28,Completed,102288
951,296,2026-02-16,Completed,188034
952,410,2026-01-25,Completed,105860
953,34,2026-02-02,Completed,36200
954,144,2026-03-10,Completed,21286
955,174,2025-09-09,Processing,68266
956,321,2026-04-08,Cancelled,208924
957,432,2025-06-14,Completed,81804
958,293,2026-04-20,Cancelled,32389
959,200,2025-09-26,Completed,101138
960,305,2025-08-08,Completed,102113
961,443,2025-11-05,Completed,83731
962,362,2025-07-08,Completed,29282
963,364,2025-11-01,Completed,31390
964,140,2025-11-28,Processing,98532
965,45,2025-07-16,Processing,98026
966,450,2025-11-29,Completed,155095
967,191,2026-02-02,Processing,101123
968,425,2026-05-07,Completed,61862
969,111,2025-11-29,Cancelled,42572
970,155,2025-07-13,Completed,76886
971,58,2026-03-06,Completed,130317
972,402,2026-05-13,Completed,100802
973,399,2026-05-15,Completed,10186
974,468,2026-03-20,Completed,50406
975,228,2025-08-24,Cancelled,117578
976,13,2025-10-10,Processing,74064
977,464,2025-10-06,Cancelled,160661
978,79,2026-06-11,Completed,5867
979,175,2025-12-06,Processing,95764
980,376,2026-02-24,Cancelled,76446
981,159,2025-12-03,Completed,64456
982,74,2025-09-21,Completed,101894
983,421,2025-06-26,Cancelled,32326
984,347,2025-08-08,Completed,113878
985,106,2025-12-01,Completed,87242
986,236,2026-02-01,Processing,25218
987,366,2025-10-07,Cancelled,101183
988,60,2025-06-23,Completed,22425
989,160,2026-01-17,Completed,133770
990,352,2025-10-29,Cancelled,14305
991,447,2026-05-20,Completed,64017
992,171,2025-10-22,Processing,35915
993,456,2025-11-16,Completed,34400
994,53,2025-12-02,Cancelled,34777
995,393,2025-07-01,Completed,71930
996,12,2026-04-25,Cancelled,166742
997,389,2026-05-26,Completed,215122
998,328,2026-02-17,Completed,78738
999,165,2025-09-18,Completed,24568
1000,99,2026-01-30,Completed,157236
1001,142,2025-07-12,Cancelled,101040
1002,164,2025-07-07,Processing,195949
1003,344,2025-11-07,Completed,81584
1004,140,2025-09-29,Completed,136580
1005,81,2026-02-27,Completed,113464
1006,59,2026-04-26,Completed,124318
1007,491,2025-12-21,Cancelled,79570
1008,287,2026-02-12,Cancelled,113369
1009,53,2025-09-14,Completed,54222
1010,278,2026-04-11,Completed,31381
1011,282,2025-07-15,Completed,77449
1012,139,2026-05-08,Completed,101747
1013,483,2025-10-15,Completed,73924
1014,294,2026-03-14,Completed,47563
1015,88,2025-08-11,Completed,43735
1016,160,2025-10-17,Cancelled,137389
1017,457,2025-11-12,Completed,30760
1018,277,2025-12-03,Processing,69184
1019,26,2026-02-19,Completed,106447
1020,15,2025-08-09,Processing,77450
1021,463,2026-02-21,Completed,103560
1022,55,2025-10-19,Processing,107544
1023,28,2026-02-20,Completed,98529
1024,219,2025-11-01,Processing,58989
1025,92,2025-06-15,Cancelled,70606
1026,457,2026-03-25,Cancelled,89056
1027,323,2026-01-16,Processing,115219
1028,316,2025-07-10,Completed,129192
1029,160,2026-02-11,Completed,10622
1030,419,2026-01-23,Completed,63954
1031,366,2025-10-08,Cancelled,41263
1032,41,2026-06-08,Processing,100423
1033,291,2026-05-21,Completed,44586
1034,48,2026-03-10,Processing,49146
1035,50,2026-03-08,Processing,43168
1036,159,2025-10-05,Processing,77054
1037,241,2025-08-06,Completed,124068
1038,486,2025-11-26,Completed,65542
1039,74,2025-08-04,Cancelled,12789
1040,133,2026-04-24,Completed,169164
1041,201,2025-07-23,Completed,90076
1042,359,2026-06-02,Completed,112240
1043,404,2025-11-07,Completed,55346
1044,233,2025-12-19,Processing,124302
1045,16,2025-06-13,Completed,59182
1046,244,2025-11-23,Completed,120622
1047,180,2026-04-12,Processing,187100
1048,237,2025-07-28,Completed,127602
1049,145,2025-11-23,Completed,67062
1050,310,2026-06-01,Cancelled,84343
1051,66,2025-07-17,Cancelled,148869
1052,53,2025-08-31,Processing,91060
1053,419,2026-06-05,Completed,156734
1054,167,2025-11-12,Cancelled,67805
1055,333,2025-12-28,Completed,133605
1056,406,2025-08-11,Completed,158566
1057,273,2025-10-28,Processing,7332
1058,206,2025-10-17,Cancelled,59468
1059,212,2026-05-26,Completed,87761
1060,318,2026-06-02,Completed,137756
1061,281,2026-01-09,Completed,158451
1062,499,2025-06-17,Processing,68106
1063,197,2026-04-05,Completed,157500
1064,175,2025-06-17,Completed,94496
1065,417,2026-05-06,Cancelled,116431
1066,221,2025-12-12,Processing,96370
1067,291,2026-04-25,Completed,124344
1068,279,2026-02-22,Completed,10114
1069,89,2026-02-04,Completed,113277
1070,379,2025-11-25,Cancelled,128532
1071,429,2025-11-09,Processing,104927
1072,59,2025-10-18,Cancelled,96062
1073,306,2025-12-27,Processing,98766
1074,167,2025-12-20,Cancelled,111648
1075,50,2026-03-19,Processing,33295
1076,91,2025-07-23,Completed,23826
1077,490,2025-08-15,Processing,94291
1078,36,2025-11-15,Cancelled,73567
1079,56,2025-08-15,Cancelled,87766
1080,395,2026-01-15,Processing,31891
1081,168,2025-12-27,Processing,71658
1082,331,2025-10-29,Completed,80528
1083,47,2026-04-17,Completed,20321
1084,419,2026-02-19,Completed,36916
1085,455,2025-11-19,Cancelled,42875
1086,463,2025-09-23,Completed,80192
1087,388,2026-01-25,Completed,90556
1088,339,2026-05-16,Completed,41539
1089,232,2026-04-21,Cancelled,120656
1090,150,2026-06-11,Processing,45148
1091,316,2026-04-02,Cancelled,61705
1092,229,2025-07-19,Completed,54976
1093,106,2026-02-04,Completed,134769
1094,154,2026-01-23,Cancelled,15718
1095,407,2025-11-09,Completed,73930
1096,471,2025-12-10,Processing,44718
1097,368,2026-03-14,Completed,88897
1098,46,2026-05-17,Cancelled,68751
1099,5,2025-07-18,Cancelled,153317
1100,262,2025-11-21,Processing,83110
1101,434,2026-01-10,Completed,91359
1102,437,2025-06-23,Completed,18212
1103,32,2025-09-26,Completed,24971
1104,462,2025-11-12,Cancelled,75822
1105,496,2025-09-01,Completed,4753
1106,1,2025-11-25,Cancelled,12969
1107,421,2025-10-29,Completed,41293
1108,57,2025-08-22,Completed,143527
1109,444,2025-11-30,Completed,67142
1110,121,2025-07-27,Processing,55346
1111,360,2026-06-01,Cancelled,83437
1112,202,2026-05-12,Completed,39798
1113,365,2025-11-10,Processing,53406
1114,208,2026-04-08,Processing,22784
1115,223,2026-02-24,Cancelled,104346
1116,109,2026-03-10,Completed,65501
1117,244,2025-06-14,Completed,61500
1118,97,2025-10-27,Cancelled,88195
1119,197,2025-09-01,Completed,203518
1120,431,2025-09-23,Processing,123299
1121,79,2026-04-29,Completed,41892
1122,447,2025-09-16,Completed,19993
1123,69,2026-04-14,Completed,25370
1124,37,2026-03-30,Completed,163450
1125,74,2025-11-10,Processing,44240
1126,337,2025-09-08,Processing,120429
1127,500,2026-05-07,Completed,16440
1128,44,2025-11-10,Completed,64255
1129,329,2025-06-17,Processing,42737
1130,441,2025-08-07,Processing,36840
1131,458,2025-10-27,Cancelled,101434
1132,477,2026-04-06,Processing,155946
1133,320,2026-04-08,Completed,72200
1134,233,2026-01-17,Cancelled,288834
1135,218,2025-10-12,Cancelled,36760
1136,420,2026-05-29,Processing,84613
1137,197,2026-06-10,Completed,197453
1138,116,2025-09-08,Completed,74767
1139,218,2026-06-03,Cancelled,9748
1140,4,2025-08-21,Cancelled,54976
1141,256,2026-02-02,Completed,65362
1142,365,2026-04-11,Cancelled,54527
1143,138,2026-04-01,Processing,31111
1144,475,2026-01-09,Cancelled,110745
1145,296,2025-07-29,Completed,169023
1146,18,2026-01-30,Completed,131911
1147,291,2026-06-04,Processing,77661
1148,361,2025-08-14,Completed,28603
1149,58,2026-05-08,Cancelled,51872
1150,247,2025-12-18,Completed,97838
1151,73,2025-11-19,Cancelled,54978
1152,440,2025-07-18,Completed,9824
1153,239,2026-04-01,Cancelled,13842
1154,41,2025-12-13,Cancelled,14432
1155,456,2026-01-29,Cancelled,11302
1156,46,2026-03-26,Completed,36822
1157,242,2026-04-16,Completed,81318
1158,351,2026-01-27,Cancelled,107207
1159,409,2025-09-15,Cancelled,89686
1160,160,2025-12-31,Cancelled,68462
1161,28,2026-05-25,Completed,129063
1162,274,2025-08-25,Completed,161420
1163,241,2025-07-16,Processing,89846
1164,263,2025-11-19,Processing,24568
1165,294,2026-01-28,Completed,98716
1166,216,2026-01-15,Completed,18494
1167,492,2025-06-22,Completed,57332
1168,149,2026-02-25,Completed,21944
1169,19,2026-05-14,Cancelled,57374
1170,384,2025-07-10,Completed,69168
1171,373,2025-10-29,Cancelled,90935
1172,134,2026-03-10,Completed,237898
1173,323,2025-07-29,Processing,48618
1174,297,2025-11-25,Completed,76625
1175,294,2026-01-29,Completed,122972
1176,337,2025-10-21,Completed,1909
1177,415,2025-09-07,Cancelled,36481
1178,14,2026-05-06,Completed,78814
1179,249,2025-09-28,Completed,126968
1180,65,2025-12-24,Cancelled,125668
1181,40,2025-09-09,Completed,104138
1182,130,2026-03-24,Completed,36624
1183,316,2026-03-26,Completed,49102
1184,141,2026-03-20,Completed,10428
1185,8,2026-02-08,Completed,115336
1186,310,2025-09-20,Completed,87776
1187,466,2026-05-20,Cancelled,20372
1188,379,2026-01-27,Completed,77577
1189,338,2026-01-31,Processing,56363
1190,190,2026-01-10,Completed,55328
1191,134,2025-07-19,Completed,107334
1192,249,2025-11-27,Completed,19736
1193,410,2026-01-16,Cancelled,48052
1194,442,2025-07-21,Completed,78090
1195,176,2025-09-23,Completed,5057
1196,496,2026-05-05,Completed,121744
1197,305,2025-07-15,Completed,119136
1198,429,2025-12-09,Processing,8100
1199,386,2025-10-22,Processing,107382
1200,395,2026-04-14,Processing,74010
1201,122,2025-11-02,Processing,83149
1202,372,2025-12-08,Completed,7483
1203,108,2025-06-20,Cancelled,34666
1204,376,2025-07-08,Completed,77214
1205,28,2026-05-29,Completed,48752
1206,387,2025-07-09,Completed,30470
1207,27,2026-02-18,Completed,48097
1208,238,2025-10-27,Processing,106248
1209,244,2025-10-04,Completed,21366
1210,244,2026-05-10,Cancelled,226130
1211,120,2026-04-03,Processing,107007
1212,350,2025-08-16,Processing,50262
1213,243,2025-06-15,Completed,81670
1214,75,2025-08-16,Cancelled,93906
1215,446,2026-01-05,Processing,43614
1216,7,2026-01-20,Completed,90109
1217,475,2025-06-23,Processing,98606
1218,196,2026-06-04,Completed,39826
1219,493,2026-06-10,Cancelled,74708
1220,350,2025-12-06,Completed,20612
1221,50,2026-01-22,Cancelled,7712
1222,327,2025-12-29,Completed,152769
1223,490,2025-08-08,Processing,76537
1224,313,2026-03-10,Completed,145846
1225,172,2026-05-17,Completed,14564
1226,137,2025-08-21,Completed,34240
1227,131,2025-06-22,Cancelled,42549
1228,201,2025-06-20,Processing,77196
1229,396,2025-12-16,Completed,61895
1230,376,2025-08-06,Cancelled,67142
1231,395,2026-04-25,Completed,162419
1232,267,2025-07-24,Completed,103739
1233,347,2025-08-30,Completed,149694
1234,161,2025-10-09,Cancelled,83954
1235,6,2025-08-31,Completed,18097
1236,426,2026-03-05,Completed,59472
1237,7,2026-05-21,Processing,37746
1238,51,2025-09-17,Cancelled,28986
1239,54,2025-12-05,Processing,101242
1240,180,2026-05-26,Completed,139530
1241,372,2025-10-17,Completed,34794
1242,129,2025-12-30,Completed,78652
1243,18,2025-09-27,Completed,153858
1244,318,2026-03-11,Completed,120453
1245,30,2025-12-10,Cancelled,9335
1246,337,2025-12-16,Completed,168601
1247,487,2025-11-05,Cancelled,8470
1248,327,2025-08-21,Completed,134388
1249,363,2025-08-14,Completed,50810
1250,45,2026-02-18,Cancelled,114168
1251,67,2026-05-02,Processing,1632
1252,337,2025-09-22,Cancelled,90498
1253,412,2025-11-02,Completed,90138
1254,459,2026-01-11,Completed,28038
1255,357,2026-03-19,Completed,37911
1256,130,2025-10-04,Completed,153077
1257,240,2026-03-29,Completed,84218
1258,328,2026-05-27,Processing,160063
1259,473,2025-12-07,Completed,35470
1260,394,2026-05-01,Processing,92418
1261,355,2025-11-14,Completed,37821
1262,132,2026-03-12,Completed,145756
1263,400,2026-04-06,Completed,156327
1264,142,2026-01-25,Completed,38714
1265,196,2026-01-20,Processing,127304
1266,171,2025-11-16,Completed,17282
1267,133,2026-01-05,Completed,32795
1268,92,2025-10-26,Processing,95663
1269,36,2026-01-29,Processing,81886
1270,476,2025-07-05,Completed,110032
1271,313,2025-08-12,Processing,7734
1272,92,2025-06-24,Processing,106203
1273,56,2025-12-16,Completed,35213
1274,277,2026-01-12,Processing,120046
1275,112,2025-09-27,Cancelled,174147
1276,330,2026-04-10,Completed,95581
1277,468,2026-02-03,Processing,81460
1278,367,2026-05-31,Completed,87164
1279,53,2025-10-18,Completed,60072
1280,38,2025-06-22,Completed,62032
1281,293,2025-08-16,Completed,62840
1282,398,2025-10-08,Processing,120008
1283,10,2026-03-28,Processing,103280
1284,77,2025-10-20,Completed,44990
1285,478,2025-07-08,Completed,85128
1286,341,2026-02-07,Processing,8664
1287,137,2025-10-26,Completed,64596
1288,359,2026-03-24,Completed,77018
1289,464,2025-07-26,Processing,27320
1290,295,2025-10-06,Completed,67330
1291,264,2025-06-15,Processing,136839
1292,245,2025-10-10,Processing,92218
1293,207,2025-11-29,Completed,25203
1294,277,2026-03-30,Completed,21866
1295,2,2026-05-06,Processing,59492
1296,489,2026-01-03,Processing,39618
1297,63,2025-10-31,Cancelled,17004
1298,275,2026-01-18,Completed,35688
1299,171,2025-12-21,Completed,85903
1300,206,2025-07-19,Completed,43586
1301,324,2025-09-21,Completed,167010
1302,188,2026-01-20,Cancelled,129718
1303,437,2026-05-01,Completed,76956
1304,42,2026-04-22,Processing,39793
1305,390,2025-07-09,Completed,9183
1306,332,2026-05-04,Completed,184150
1307,91,2025-11-13,Cancelled,76423
1308,21,2026-03-15,Processing,71048
1309,339,2025-10-06,Completed,79372
1310,154,2025-10-07,Processing,40511
1311,459,2025-08-23,Completed,44616
1312,323,2026-04-01,Completed,100084
1313,250,2025-12-11,Completed,105227
1314,454,2026-06-09,Processing,62274
1315,377,2025-11-13,Completed,46396
1316,72,2025-07-27,Completed,69268
1317,99,2025-08-13,Completed,129872
1318,369,2025-10-09,Cancelled,95081
1319,123,2025-10-30,Processing,45891
1320,200,2026-01-08,Completed,196380
1321,406,2025-09-24,Cancelled,59691
1322,330,2026-02-02,Completed,2681
1323,256,2026-04-21,Cancelled,52721
1324,495,2026-06-08,Processing,14337
1325,495,2026-05-11,Completed,77511
1326,19,2025-09-24,Completed,11236
1327,29,2026-04-16,Completed,75035
1328,404,2025-11-06,Completed,86619
1329,208,2026-05-05,Completed,82450
1330,109,2026-05-14,Cancelled,96750
1331,235,2025-06-26,Cancelled,87312
1332,77,2026-02-02,Cancelled,7384
1333,120,2025-07-07,Completed,23384
1334,19,2025-07-16,Completed,107218
1335,251,2026-04-01,Completed,6862
1336,242,2026-03-03,Cancelled,21584
1337,24,2025-09-20,Completed,151292
1338,360,2026-03-14,Completed,48133
1339,8,2025-11-05,Completed,59035
1340,324,2026-01-01,Completed,20098
1341,464,2025-10-04,Completed,134008
1342,421,2026-01-22,Completed,123566
1343,234,2025-11-02,Cancelled,6921
1344,88,2026-02-21,Cancelled,24568
1345,33,2025-11-25,Completed,62055
1346,59,2026-04-18,Processing,211000
1347,305,2026-05-31,Cancelled,88546
1348,113,2025-07-26,Completed,140966
1349,412,2025-10-26,Completed,19387
1350,219,2026-01-24,Completed,64353
1351,416,2025-06-22,Processing,136939
1352,167,2025-06-29,Completed,19128
1353,500,2025-06-15,Cancelled,69550
1354,280,2025-07-20,Completed,42398
1355,165,2025-10-08,Completed,129067
1356,392,2026-02-18,Completed,43825
1357,304,2025-11-18,Completed,99642
1358,172,2025-08-13,Completed,113285
1359,62,2025-08-20,Completed,51295
1360,73,2026-05-08,Processing,69157
1361,87,2025-10-25,Completed,76216
1362,284,2026-05-08,Completed,74478
1363,225,2026-06-09,Completed,92515
1364,474,2026-05-19,Cancelled,118416
1365,21,2026-04-25,Completed,175420
1366,52,2025-09-15,Cancelled,24708
1367,193,2026-03-26,Completed,3629
1368,9,2025-07-22,Processing,67694
1369,42,2026-05-24,Completed,48123
1370,4,2025-07-09,Completed,51225
1371,475,2025-10-10,Completed,87109
1372,362,2026-01-22,Cancelled,67297
1373,455,2026-04-05,Completed,119335
1374,214,2025-09-18,Processing,38619
1375,355,2025-08-13,Completed,78825
1376,106,2025-08-01,Completed,49918
1377,328,2025-11-27,Completed,127081
1378,268,2025-07-28,Processing,18364
1379,211,2026-04-23,Completed,475
1380,481,2026-03-14,Completed,8149
1381,313,2026-05-02,Completed,44430
1382,306,2026-05-31,Completed,89980
1383,368,2025-11-10,Processing,97813
1384,314,2025-11-22,Completed,67906
1385,322,2025-07-26,Completed,164988
1386,179,2025-12-22,Processing,16435
1387,3,2026-01-09,Cancelled,29344
1388,121,2026-02-09,Completed,15376
1389,61,2026-06-04,Cancelled,48603
1390,49,2025-10-07,Cancelled,91917
1391,186,2026-03-06,Cancelled,112040
1392,260,2025-09-02,Completed,174472
1393,238,2025-09-16,Completed,83598
1394,142,2025-09-28,Completed,128842
1395,100,2025-07-12,Completed,40020
1396,408,2026-01-02,Completed,32682
1397,351,2026-04-27,Processing,55546
1398,255,2026-02-08,Completed,26248
1399,82,2026-03-08,Completed,33292
1400,28,2025-08-26,Completed,122509
1401,146,2025-07-10,Completed,84415
1402,223,2026-06-02,Completed,10172
1403,172,2025-07-04,Cancelled,73832
1404,413,2025-06-16,Processing,46206
1405,23,2025-08-30,Completed,98437
1406,380,2026-04-07,Completed,117154
1407,474,2025-08-19,Cancelled,81772
1408,91,2025-07-20,Completed,60046
1409,403,2025-08-27,Completed,59728
1410,249,2026-01-14,Cancelled,97014
1411,60,2025-12-22,Completed,153338
1412,459,2026-04-22,Completed,80697
1413,370,2026-03-17,Processing,95126
1414,304,2025-10-04,Cancelled,115629
1415,167,2025-11-25,Processing,68400
1416,102,2025-08-07,Completed,75593
1417,118,2025-12-13,Completed,15588
1418,167,2026-05-12,Completed,99524
1419,51,2025-08-31,Completed,9979
1420,378,2025-10-23,Processing,109303
1421,446,2026-06-03,Completed,38646
1422,193,2026-04-25,Completed,102751
1423,38,2025-12-16,Processing,83327
1424,300,2026-03-24,Processing,16303
1425,28,2025-08-19,Processing,82551
1426,75,2025-09-21,Completed,120848
1427,476,2025-08-11,Cancelled,34681
1428,233,2025-10-02,Completed,101332
1429,199,2026-04-26,Completed,46422
1430,70,2026-02-04,Processing,105634
1431,369,2025-08-04,Completed,17716
1432,324,2026-04-28,Completed,96962
1433,500,2026-03-11,Completed,95126
1434,104,2025-09-08,Completed,179209
1435,66,2026-05-05,Completed,72896
1436,355,2025-08-19,Cancelled,48460
1437,31,2025-06-22,Completed,47855
1438,70,2026-02-09,Completed,135711
1439,437,2025-11-24,Processing,73153
1440,235,2025-09-17,Processing,47985
1441,88,2026-05-17,Completed,154270
1442,113,2025-07-12,Completed,139329
1443,310,2025-11-16,Completed,45560
1444,405,2025-08-06,Cancelled,21944
1445,464,2025-12-12,Completed,228558
1446,296,2025-12-14,Cancelled,11246
1447,438,2025-07-01,Completed,58512
1448,45,2025-09-19,Processing,107342
1449,439,2025-07-17,Cancelled,20858
1450,251,2026-02-04,Completed,98292
1451,303,2026-03-06,Processing,33185
1452,429,2025-11-13,Processing,83552
1453,143,2025-09-27,Completed,21954
1454,374,2025-11-06,Processing,33978
1455,377,2026-01-15,Completed,84684
1456,127,2025-12-22,Completed,15466
1457,223,2025-12-09,Cancelled,71312
1458,114,2025-11-17,Cancelled,1196
1459,485,2026-02-16,Completed,40198
1460,468,2026-02-03,Cancelled,8470
1461,460,2026-05-28,Completed,34480
1462,214,2025-08-31,Completed,25193
1463,21,2025-07-01,Processing,214816
1464,376,2025-06-25,Cancelled,45278
1465,18,2025-09-17,Processing,197198
1466,272,2025-07-06,Processing,42918
1467,246,2025-07-18,Completed,98611
1468,232,2025-09-02,Processing,30750
1469,124,2026-01-25,Completed,50144
1470,286,2026-02-28,Completed,152749
1471,355,2025-11-02,Processing,81020
1472,487,2025-07-19,Completed,29067
1473,68,2026-03-07,Completed,60209
1474,152,2026-04-29,Completed,4758
1475,332,2025-09-18,Completed,165650
1476,9,2025-08-26,Processing,92335
1477,343,2026-03-26,Completed,45750
1478,83,2025-10-17,Processing,129644
1479,440,2025-09-25,Cancelled,45007
1480,383,2026-01-16,Cancelled,4727
1481,13,2026-03-07,Processing,89999
1482,238,2025-07-16,Completed,34403
1483,448,2025-12-13,Processing,8766
1484,95,2026-02-23,Completed,47651
1485,321,2025-12-03,Processing,129993
1486,361,2025-10-01,Completed,30750
1487,441,2026-05-09,Completed,148698
1488,198,2025-09-07,Completed,33880
1489,272,2025-10-05,Completed,71612
1490,152,2025-07-07,Processing,70522
1491,386,2025-08-19,Completed,32228
1492,358,2026-05-07,Cancelled,177643
1493,278,2025-08-02,Cancelled,149305
1494,407,2025-06-16,Completed,84042
1495,404,2025-12-02,Completed,14575
1496,318,2025-10-12,Completed,105524
1497,377,2025-08-15,Completed,62266
1498,264,2025-09-16,Completed,105698
1499,455,2025-07-10,Completed,175272
1500,57,2026-02-15,Processing,32920
1501,188,2026-04-20,Processing,99253
1502,317,2026-01-15,Completed,87746
1503,188,2026-06-01,Completed,3818
1504,90,2026-01-11,Cancelled,87580
1505,361,2025-12-07,Completed,104850
1506,288,2025-09-10,Completed,148953
1507,71,2025-07-22,Completed,158703
1508,123,2026-04-07,Cancelled,49114
1509,59,2026-01-05,Processing,86877
1510,378,2026-06-09,Cancelled,176974
1511,447,2026-04-13,Completed,123335
1512,386,2025-12-21,Completed,22624
1513,165,2025-08-12,Completed,61453
1514,460,2025-08-04,Completed,75822
1515,258,2025-07-16,Processing,13842
1516,142,2025-10-01,Completed,50242
1517,33,2026-03-08,Completed,48084
1518,177,2025-11-24,Processing,59877
1519,249,2026-03-07,Cancelled,58886
1520,270,2026-06-09,Completed,7232
1521,241,2025-09-14,Cancelled,126144
1522,348,2025-12-07,Cancelled,103612
1523,461,2025-10-23,Completed,166434
1524,232,2025-06-16,Cancelled,56372
1525,189,2025-10-19,Completed,120171
1526,97,2026-02-26,Processing,102800
1527,45,2026-05-04,Completed,78982
1528,201,2026-03-22,Completed,33267
1529,148,2026-04-21,Completed,11694
1530,56,2026-05-08,Completed,56693
1531,142,2026-01-16,Completed,215999
1532,357,2025-07-23,Completed,67592
1533,255,2026-02-17,Completed,43130
1534,448,2026-03-05,Completed,54701
1535,267,2025-06-19,Completed,88842
1536,151,2026-06-05,Processing,31303
1537,497,2026-04-21,Cancelled,101092
1538,478,2026-02-08,Completed,68655
1539,243,2025-08-02,Completed,109974
1540,216,2025-12-11,Processing,52908
1541,378,2025-09-09,Completed,89572
1542,150,2026-03-10,Completed,78182
1543,33,2026-06-03,Completed,31122
1544,447,2025-10-21,Completed,78150
1545,428,2026-03-11,Cancelled,114018
1546,331,2025-08-21,Completed,65398
1547,211,2026-05-27,Cancelled,17707
1548,176,2026-01-31,Completed,105992
1549,249,2026-05-31,Cancelled,30317
1550,341,2026-04-29,Cancelled,6257
1551,432,2026-02-15,Cancelled,23887
1552,228,2026-05-07,Processing,214034
1553,156,2025-11-23,Cancelled,42549
1554,68,2026-05-28,Completed,51314
1555,88,2025-12-21,Completed,14143
1556,117,2025-09-17,Processing,125358
1557,191,2026-02-15,Completed,88898
1558,395,2026-05-03,Completed,175976
1559,76,2025-11-02,Completed,89271
1560,146,2025-11-11,Processing,61337
1561,490,2026-06-10,Completed,49360
1562,317,2025-10-03,Completed,150903
1563,365,2025-06-27,Cancelled,127788
1564,147,2025-12-19,Completed,85448
1565,499,2025-10-15,Completed,89793
1566,430,2026-01-22,Completed,58852
1567,83,2025-11-17,Completed,80006
1568,60,2025-11-25,Completed,95737
1569,163,2026-06-01,Cancelled,133736
1570,65,2026-03-28,Processing,66494
1571,134,2025-09-25,Completed,143920
1572,95,2026-06-01,Completed,153116
1573,288,2025-12-11,Completed,108067
1574,341,2026-02-17,Completed,34288
1575,177,2025-11-29,Completed,115452
1576,191,2025-08-05,Processing,140423
1577,277,2026-05-31,Completed,79509
1578,274,2026-01-26,Completed,105744
1579,63,2026-02-10,Completed,70545
1580,208,2025-10-01,Processing,105914
1581,394,2025-09-25,Completed,110782
1582,486,2026-03-31,Processing,23388
1583,476,2025-06-17,Completed,110044
1584,80,2025-06-26,Completed,96758
1585,497,2025-09-23,Cancelled,107232
1586,500,2026-01-15,Cancelled,149948
1587,170,2025-07-01,Completed,37196
1588,243,2025-10-01,Completed,49636
1589,497,2025-11-16,Cancelled,44542
1590,342,2026-02-08,Completed,266128
1591,410,2025-06-12,Cancelled,61015
1592,374,2025-09-12,Processing,69141
1593,174,2025-10-18,Completed,31381
1594,375,2025-09-23,Processing,91689
1595,461,2026-04-22,Completed,3876
1596,72,2026-02-10,Cancelled,73660
1597,60,2026-03-20,Completed,137977
1598,13,2025-08-07,Processing,93134
1599,317,2025-07-13,Completed,110700
1600,229,2025-09-19,Completed,55148
1601,48,2026-06-11,Completed,44092
1602,29,2025-08-23,Cancelled,5614
1603,329,2026-01-12,Completed,126198
1604,299,2025-07-11,Cancelled,19048
1605,114,2025-08-31,Completed,149160
1606,101,2025-12-02,Completed,26918
1607,43,2025-10-19,Cancelled,133694
1608,435,2026-04-05,Processing,19690
1609,347,2026-01-31,Completed,83838
1610,500,2025-11-13,Cancelled,137302
1611,202,2026-05-31,Completed,88184
1612,252,2025-07-17,Completed,36228
1613,309,2025-09-15,Cancelled,102236
1614,262,2025-09-30,Completed,4758
1615,466,2025-10-03,Completed,116336
1616,204,2026-01-04,Completed,57107
1617,367,2026-02-15,Processing,5304
1618,190,2025-10-08,Processing,124737
1619,191,2026-01-09,Completed,24252
1620,146,2026-02-17,Completed,28774
1621,180,2025-08-24,Completed,113670
1622,229,2025-07-31,Cancelled,166094
1623,45,2025-12-31,Completed,150925
1624,373,2025-09-30,Processing,171588
1625,380,2025-07-13,Processing,56961
1626,412,2026-01-05,Processing,79586
1627,148,2026-01-27,Completed,46306
1628,413,2025-12-28,Processing,41977
1629,374,2025-10-27,Processing,44255
1630,72,2026-04-28,Cancelled,145830
1631,307,2025-11-18,Completed,5867
1632,74,2025-08-01,Completed,39413
1633,156,2025-11-20,Processing,71641
1634,445,2025-10-04,Cancelled,20313
1635,172,2026-05-20,Completed,174606
1636,478,2026-02-27,Cancelled,28094
1637,388,2025-11-30,Processing,5926
1638,46,2025-11-15,Completed,22447
1639,210,2025-11-12,Completed,75954
1640,213,2025-11-09,Completed,62268
1641,285,2025-06-22,Processing,3296
1642,364,2026-01-02,Cancelled,10204
1643,387,2026-05-28,Completed,36730
1644,103,2025-11-13,Completed,124923
1645,427,2026-03-15,Processing,35371
1646,149,2026-01-23,Cancelled,19048
1647,252,2025-09-30,Completed,118927
1648,422,2025-09-08,Completed,62679
1649,428,2025-12-16,Cancelled,94250
1650,156,2025-07-28,Processing,202982
1651,287,2025-12-27,Processing,120396
1652,115,2026-01-05,Completed,52118
1653,406,2025-09-27,Completed,45553
1654,79,2026-03-15,Completed,27284
1655,154,2025-11-02,Processing,80138
1656,64,2025-11-06,Completed,111353
1657,214,2025-06-14,Completed,41921
1658,252,2026-04-03,Completed,103358
1659,15,2026-04-28,Completed,158188
1660,392,2025-11-27,Completed,35213
1661,253,2025-07-01,Completed,83654
1662,307,2025-07-02,Completed,64278
1663,298,2026-04-11,Processing,71669
1664,290,2026-02-04,Processing,34398
1665,445,2025-10-12,Completed,85360
1666,322,2025-07-17,Processing,102670
1667,499,2025-09-26,Completed,95384
1668,192,2025-12-05,Cancelled,7580
1669,376,2025-10-11,Cancelled,26236
1670,9,2025-07-04,Completed,26912
1671,84,2026-03-10,Cancelled,120001
1672,30,2026-02-13,Completed,92272
1673,164,2026-03-09,Processing,91900
1674,450,2025-07-01,Completed,22835
1675,183,2025-08-26,Completed,137765
1676,28,2025-08-03,Completed,86359
1677,185,2026-03-09,Processing,59270
1678,326,2025-12-10,Completed,35213
1679,25,2025-09-01,Completed,51538
1680,150,2026-02-14,Cancelled,51583
1681,328,2026-04-19,Completed,45630
1682,264,2025-09-30,Completed,58303
1683,393,2025-10-03,Completed,82877
1684,392,2026-06-09,Completed,21020
1685,307,2025-06-14,Completed,48052
1686,279,2025-12-06,Completed,98480
1687,447,2026-02-18,Completed,8730
1688,424,2025-07-23,Completed,56932
1689,139,2025-06-12,Completed,142090
1690,50,2026-01-18,Cancelled,143362
1691,297,2025-07-26,Completed,130870
1692,422,2025-07-17,Completed,17464
1693,7,2025-08-25,Completed,76078
1694,266,2025-12-02,Completed,177879
1695,191,2026-04-12,Processing,42564
1696,211,2025-11-21,Completed,12284
1697,472,2025-07-02,Completed,58132
1698,53,2025-07-26,Completed,131854
1699,80,2025-11-07,Cancelled,19472
1700,114,2026-06-06,Completed,91472
1701,408,2026-04-08,Cancelled,102258
1702,315,2026-04-16,Cancelled,104606
1703,434,2025-12-29,Cancelled,60234
1704,365,2026-04-08,Cancelled,144040
1705,360,2026-02-16,Completed,40511
1706,214,2026-04-22,Processing,124766
1707,470,2026-01-23,Completed,26912
1708,60,2025-11-17,Completed,36761
1709,473,2026-01-30,Completed,71658
1710,246,2025-08-18,Completed,80940
1711,160,2026-04-07,Completed,2755
1712,72,2026-02-07,Processing,29988
1713,456,2025-08-13,Cancelled,34594
1714,268,2026-03-10,Completed,92010
1715,89,2025-12-29,Completed,83548
1716,15,2025-12-03,Completed,45758
1717,114,2025-09-26,Completed,115193
1718,439,2026-02-11,Completed,140645
1719,353,2026-05-29,Completed,106071
1720,158,2025-12-09,Completed,155101
1721,108,2026-02-11,Completed,99680
1722,41,2025-11-02,Processing,124075
1723,354,2026-02-22,Completed,78112
1724,40,2025-07-21,Completed,28466
1725,397,2025-11-11,Processing,143667
1726,388,2025-11-14,Processing,26268
1727,22,2025-06-22,Completed,54050
1728,56,2025-11-26,Completed,132333
1729,407,2026-01-04,Cancelled,40612
1730,304,2025-06-16,Completed,77524
1731,241,2025-09-30,Completed,9934
1732,466,2026-02-03,Completed,26690
1733,23,2026-05-04,Completed,107726
1734,155,2026-01-24,Completed,125908
1735,387,2025-06-27,Completed,143513
1736,401,2026-05-09,Completed,45873
1737,472,2026-05-30,Cancelled,44759
1738,106,2025-11-30,Cancelled,42398
1739,462,2026-03-03,Completed,94094
1740,95,2025-09-21,Completed,17413
1741,15,2026-06-06,Completed,187853
1742,75,2025-10-20,Completed,23863
1743,486,2026-04-21,Cancelled,59686
1744,179,2025-12-13,Completed,125061
1745,83,2025-10-17,Cancelled,73086
1746,400,2026-02-25,Cancelled,118451
1747,124,2025-11-01,Cancelled,83922
1748,292,2025-07-04,Completed,57660
1749,51,2026-02-07,Cancelled,70294
1750,391,2025-10-18,Completed,156885
1751,271,2026-03-02,Completed,132046
1752,367,2025-10-14,Completed,26727
1753,494,2026-02-28,Completed,64246
1754,88,2026-03-26,Cancelled,118123
1755,3,2025-09-21,Completed,104841
1756,474,2026-03-18,Completed,8730
1757,472,2025-09-30,Cancelled,71441
1758,436,2025-11-03,Processing,25689
1759,188,2026-05-13,Cancelled,34941
1760,95,2026-02-03,Processing,40642
1761,345,2025-10-27,Completed,82830
1762,93,2025-12-01,Completed,52294
1763,195,2026-02-08,Processing,89858
1764,110,2026-01-08,Cancelled,45750
1765,117,2026-05-17,Processing,42040
1766,58,2026-03-22,Completed,99592
1767,64,2025-12-21,Processing,97438
1768,57,2025-07-29,Cancelled,120887
1769,70,2025-10-08,Processing,99383
1770,391,2026-05-27,Completed,88076
1771,361,2025-10-17,Completed,67887
1772,286,2026-01-23,Completed,3163
1773,43,2025-11-06,Completed,102375
1774,253,2025-06-28,Completed,44740
1775,198,2026-04-19,Completed,47282
1776,234,2025-08-09,Cancelled,46206
1777,377,2025-07-17,Completed,170803
1778,352,2025-07-20,Processing,116520
1779,116,2026-05-19,Cancelled,69762
1780,209,2025-12-03,Completed,66836
1781,438,2026-03-17,Processing,89352
1782,97,2026-06-06,Completed,114393
1783,459,2026-04-03,Processing,13365
1784,481,2026-03-07,Completed,97199
1785,92,2025-09-06,Completed,66274
1786,346,2026-05-07,Processing,90120
1787,345,2025-08-14,Completed,65990
1788,203,2026-05-04,Processing,140870
1789,268,2026-03-15,Completed,100238
1790,62,2025-11-12,Completed,9748
1791,203,2025-07-05,Processing,8956
1792,356,2026-01-21,Cancelled,84369
1793,53,2025-07-23,Completed,34362
1794,34,2026-04-17,Completed,15081
1795,500,2025-07-08,Completed,190218
1796,174,2026-03-18,Completed,48419
1797,305,2026-01-19,Processing,51924
1798,63,2026-04-15,Completed,188829
1799,430,2026-05-16,Processing,10932
1800,372,2025-10-07,Processing,67440
1801,143,2026-02-22,Cancelled,40642
1802,304,2025-10-28,Completed,53750
1803,388,2026-06-08,Processing,32203
1804,183,2026-01-08,Processing,7752
1805,342,2025-08-24,Cancelled,70742
1806,487,2025-09-12,Processing,98140
1807,249,2025-11-19,Cancelled,49085
1808,143,2025-09-24,Completed,2912
1809,394,2025-08-24,Processing,47408
1810,56,2025-08-10,Completed,109518
1811,129,2026-04-05,Processing,101321
1812,255,2026-04-03,Completed,26727
1813,322,2025-08-21,Completed,171817
1814,16,2026-01-11,Completed,144582
1815,378,2026-01-28,Completed,87066
1816,426,2026-02-11,Completed,100004
1817,256,2025-08-25,Completed,3931
1818,498,2026-04-04,Completed,88985
1819,196,2026-05-04,Cancelled,34362
1820,348,2025-10-21,Completed,35528
1821,79,2025-11-08,Completed,133518
1822,319,2025-12-29,Cancelled,21561
1823,50,2025-07-08,Completed,117277
1824,339,2025-08-18,Cancelled,95445
1825,393,2026-03-06,Processing,113374
1826,406,2026-05-11,Processing,128356
1827,104,2026-02-02,Completed,101546
1828,339,2025-12-10,Processing,100302
1829,252,2026-04-12,Cancelled,107364
1830,134,2026-01-06,Cancelled,103171
1831,176,2025-12-02,Cancelled,7869
1832,280,2025-10-18,Completed,127637
1833,488,2026-01-24,Completed,93538
1834,221,2026-01-02,Completed,88006
1835,197,2025-08-01,Processing,113406
1836,162,2025-07-06,Processing,148712
1837,227,2025-11-15,Processing,21507
1838,19,2025-10-27,Completed,61306
1839,91,2025-07-07,Cancelled,147178
1840,338,2025-07-10,Completed,98581
1841,453,2026-03-25,Completed,88803
1842,252,2025-09-29,Processing,77524
1843,69,2025-07-25,Completed,216606
1844,367,2025-09-04,Processing,75508
1845,250,2026-01-18,Completed,168472
1846,292,2025-10-11,Processing,103673
1847,338,2025-09-01,Cancelled,100941
1848,351,2026-05-22,Cancelled,98918
1849,293,2026-05-15,Processing,99561
1850,244,2025-09-12,Cancelled,73794
1851,438,2026-02-24,Completed,18212
1852,260,2025-07-06,Completed,11351
1853,201,2026-04-26,Completed,85866
1854,254,2026-06-01,Cancelled,133668
1855,498,2025-07-09,Processing,100742
1856,316,2026-01-08,Completed,82410
1857,393,2026-04-20,Completed,88418
1858,165,2026-05-19,Completed,15756
1859,15,2025-12-12,Cancelled,13231
1860,24,2025-11-05,Completed,91106
1861,429,2025-07-02,Completed,121039
1862,179,2026-02-22,Cancelled,154700
1863,14,2025-07-22,Completed,54311
1864,195,2025-12-01,Completed,100001
1865,220,2026-05-13,Completed,68150
1866,183,2025-09-16,Processing,107245
1867,180,2025-06-22,Completed,8971
1868,339,2025-10-13,Completed,34759
1869,127,2025-09-15,Completed,118263
1870,332,2025-10-12,Completed,50751
1871,304,2026-03-18,Completed,177603
1872,467,2025-08-01,Completed,162584
1873,445,2025-12-29,Completed,72292
1874,59,2026-03-07,Completed,61787
1875,87,2026-05-16,Completed,49104
1876,276,2026-02-09,Completed,20098
1877,20,2026-04-29,Processing,88271
1878,337,2025-09-06,Processing,124988
1879,291,2025-07-08,Cancelled,100332
1880,462,2026-05-24,Processing,84548
1881,137,2026-05-08,Completed,56747
1882,357,2026-02-24,Processing,7862
1883,302,2026-03-19,Completed,64539
1884,163,2025-06-24,Processing,91958
1885,293,2026-06-06,Processing,89474
1886,166,2026-05-25,Cancelled,89580
1887,51,2026-01-16,Processing,49402
1888,52,2026-01-22,Completed,110974
1889,173,2025-07-11,Processing,130849
1890,258,2025-12-30,Completed,78591
1891,86,2026-05-24,Cancelled,77060
1892,154,2025-09-19,Completed,45560
1893,497,2025-06-27,Processing,142375
1894,104,2025-06-25,Processing,74505
1895,326,2025-12-14,Completed,89880
1896,431,2026-02-05,Cancelled,1576
1897,110,2025-11-16,Completed,21998
1898,136,2025-10-01,Completed,89380
1899,153,2026-04-19,Cancelled,125657
1900,206,2026-06-02,Completed,27431
1901,320,2025-06-19,Completed,88765
1902,368,2025-07-02,Cancelled,19942
1903,49,2026-03-22,Cancelled,190910
1904,173,2026-04-04,Completed,123457
1905,35,2025-12-24,Cancelled,114374
1906,411,2026-04-22,Cancelled,36728
1907,244,2026-02-16,Processing,73014
1908,108,2026-03-09,Completed,42752
1909,408,2025-12-31,Completed,32310
1910,334,2025-07-01,Completed,126059
1911,259,2026-03-19,Completed,68716
1912,222,2026-02-21,Cancelled,175349
1913,161,2025-11-16,Completed,59028
1914,213,2025-11-15,Processing,161278
1915,129,2025-08-01,Cancelled,104062
1916,264,2025-11-19,Processing,31005
1917,344,2026-05-06,Cancelled,31690
1918,93,2026-06-06,Completed,55764
1919,322,2025-10-24,Cancelled,85188
1920,442,2025-08-21,Completed,104787
1921,296,2025-11-18,Processing,72131
1922,110,2025-07-03,Processing,153390
1923,138,2025-09-04,Cancelled,1430
1924,415,2026-01-13,Cancelled,48306
1925,437,2025-09-03,Processing,108925
1926,479,2026-03-12,Cancelled,65354
1927,373,2026-05-03,Completed,113769
1928,268,2026-03-29,Completed,126820
1929,187,2026-01-05,Processing,96122
1930,76,2026-06-09,Completed,80908
1931,78,2025-06-17,Completed,21076
1932,433,2026-03-02,Processing,154253
1933,211,2026-04-05,Completed,235676
1934,441,2025-07-10,Completed,104076
1935,325,2025-07-28,Completed,3098
1936,434,2025-08-17,Processing,15700
1937,137,2025-06-28,Completed,58754
1938,331,2025-10-17,Completed,99511
1939,132,2026-02-06,Cancelled,140815
1940,121,2025-09-09,Processing,45836
1941,123,2025-09-27,Completed,8966
1942,77,2026-01-19,Completed,44389
1943,15,2025-12-04,Completed,24708
1944,409,2025-07-26,Completed,6416
1945,238,2025-07-10,Processing,82561
1946,287,2025-09-11,Processing,29730
1947,217,2025-12-27,Completed,70308
1948,104,2025-12-10,Completed,117462
1949,140,2026-03-08,Completed,82410
1950,15,2025-10-20,Completed,139322
1951,405,2026-05-12,Completed,104532
1952,338,2025-08-31,Cancelled,42726
1953,91,2026-02-28,Completed,48460
1954,494,2026-05-22,Processing,2834
1955,401,2026-03-24,Completed,184753
1956,29,2025-09-27,Completed,164020
1957,161,2026-02-06,Cancelled,48752
1958,153,2025-12-21,Completed,195863
1959,462,2025-09-17,Processing,97754
1960,460,2026-02-22,Completed,109502
1961,344,2025-12-13,Completed,31690
1962,204,2025-07-01,Completed,120116
1963,121,2026-05-07,Completed,20212
1964,293,2026-02-25,Cancelled,46881
1965,478,2026-01-25,Completed,66370
1966,268,2025-09-22,Cancelled,102769
1967,487,2025-08-25,Cancelled,18380
1968,129,2025-08-01,Processing,82020
1969,453,2026-06-04,Completed,82436
1970,122,2025-09-04,Cancelled,124004
1971,63,2026-03-10,Completed,79694
1972,169,2025-08-28,Cancelled,55517
1973,378,2025-10-26,Processing,47719
1974,413,2026-04-06,Completed,106567
1975,479,2025-08-02,Processing,15766
1976,112,2026-06-04,Completed,52297
1977,55,2026-02-22,Completed,48746
1978,110,2026-02-04,Completed,107886
1979,226,2025-11-25,Processing,101214
1980,131,2025-07-23,Cancelled,74949
1981,29,2025-12-11,Processing,65618
1982,274,2025-06-24,Completed,7906
1983,359,2025-09-21,Completed,6326
1984,163,2025-10-30,Cancelled,49929
1985,217,2026-04-10,Processing,129547
1986,350,2025-07-12,Completed,136706
1987,494,2025-09-22,Completed,71807
1988,451,2026-01-21,Completed,61418
1989,186,2025-12-10,Processing,110086
1990,367,2026-04-23,Completed,129803
1991,421,2025-10-30,Completed,133501
1992,11,2025-06-28,Cancelled,36866
1993,18,2025-08-26,Completed,60224
1994,354,2025-08-18,Completed,22959
1995,130,2025-11-16,Cancelled,2912
1996,197,2025-07-01,Completed,107020
1997,328,2025-10-01,Completed,151695
1998,463,2025-12-27,Completed,55271
1999,274,2025-10-17,Completed,98916
2000,440,2025-06-21,Processing,32441
2001,199,2026-01-20,Completed,69419
2002,466,2026-05-04,Processing,91244
2003,475,2026-05-15,Completed,111761
2004,155,2026-05-10,Completed,79555
2005,480,2026-04-04,Completed,112399
2006,153,2026-01-14,Completed,107214
2007,441,2026-03-16,Completed,67466
2008,469,2025-10-14,Processing,32778
2009,324,2026-04-11,Completed,104490
2010,451,2025-11-17,Processing,62400
2011,405,2025-11-15,Completed,46114
2012,141,2026-03-05,Completed,107287
2013,422,2026-03-08,Processing,26874
2014,242,2025-07-02,Processing,55992
2015,475,2025-07-21,Completed,105375
2016,368,2025-11-01,Processing,77018
2017,449,2026-03-02,Completed,61557
2018,423,2026-02-15,Completed,16279
2019,358,2026-04-22,Completed,145960
2020,260,2026-05-21,Completed,131115
2021,181,2025-11-28,Processing,72200
2022,309,2026-01-07,Cancelled,7385
2023,378,2026-01-05,Completed,124897
2024,233,2025-12-18,Completed,235285
2025,391,2025-08-10,Completed,82374
2026,329,2025-10-29,Completed,8588
2027,323,2026-03-11,Processing,13956
2028,406,2026-05-16,Completed,83128
2029,2,2025-07-30,Processing,42564
2030,103,2025-06-17,Completed,122536
2031,161,2026-03-31,Cancelled,18212
2032,43,2026-05-26,Completed,90138
2033,81,2025-07-13,Completed,2191
2034,265,2025-09-11,Completed,87058
2035,434,2025-12-27,Cancelled,22093
2036,352,2025-10-13,Processing,68139
2037,406,2025-11-03,Completed,138316
2038,232,2026-01-23,Processing,49209
2039,448,2025-10-22,Completed,28587
2040,134,2026-02-08,Completed,98480
2041,352,2026-03-25,Cancelled,46306
2042,424,2026-04-04,Completed,85866
2043,410,2026-01-20,Completed,113559
2044,102,2025-07-27,Completed,37823
2045,213,2026-01-06,Completed,110144
2046,94,2025-10-07,Processing,198910
2047,449,2025-09-16,Processing,75346
2048,484,2025-08-16,Cancelled,83057
2049,115,2025-11-28,Completed,145042
2050,486,2025-11-20,Completed,92624
2051,473,2025-11-29,Cancelled,37145
2052,332,2026-05-31,Cancelled,38509
2053,321,2025-12-04,Completed,84448
2054,465,2026-04-17,Completed,51091
2055,499,2025-08-30,Processing,117300
2056,102,2025-07-03,Completed,46995
2057,360,2026-05-21,Completed,10683
2058,26,2025-09-21,Processing,76544
2059,317,2026-01-21,Processing,77168
2060,308,2025-10-04,Completed,124189
2061,77,2025-07-05,Completed,58970
2062,491,2025-08-16,Completed,86398
2063,88,2026-03-19,Cancelled,96498
2064,61,2025-09-21,Completed,43045
2065,368,2026-04-26,Cancelled,24200
2066,223,2025-07-28,Processing,24102
2067,424,2026-01-28,Processing,114359
2068,61,2025-08-04,Completed,7812
2069,366,2026-01-24,Completed,28882
2070,98,2025-06-30,Completed,23887
2071,148,2025-07-23,Processing,41155
2072,196,2025-06-26,Completed,120352
2073,221,2026-02-17,Completed,126913
2074,308,2026-04-22,Completed,96368
2075,422,2026-01-10,Completed,41555
2076,373,2025-06-27,Completed,129535
2077,215,2026-03-01,Completed,52411
2078,210,2025-07-04,Completed,130277
2079,15,2026-02-28,Completed,93183
2080,500,2025-09-14,Completed,99999
2081,121,2025-09-14,Cancelled,16242
2082,231,2026-02-15,Completed,46812
2083,190,2026-04-21,Cancelled,190476
2084,351,2025-10-19,Processing,131384
2085,44,2026-03-01,Completed,159473
2086,241,2026-01-17,Completed,99101
2087,447,2025-10-18,Completed,12605
2088,499,2025-07-10,Processing,6372
2089,352,2025-11-21,Completed,39822
2090,366,2025-12-16,Processing,170138
2091,363,2025-09-06,Processing,132848
2092,377,2025-10-09,Cancelled,44330
2093,132,2025-10-25,Completed,115008
2094,49,2026-04-09,Cancelled,124418
2095,31,2025-11-11,Completed,155098
2096,171,2026-02-01,Completed,39990
2097,242,2026-04-28,Completed,144133
2098,311,2025-08-03,Cancelled,18471
2099,364,2025-10-09,Completed,161178
2100,3,2026-03-27,Completed,86782
2101,259,2025-10-12,Cancelled,107890
2102,196,2025-11-08,Completed,161585
2103,203,2026-02-05,Completed,16303
2104,68,2025-12-01,Cancelled,191703
2105,22,2026-06-03,Cancelled,84834
2106,92,2026-01-25,Completed,127882
2107,87,2025-08-09,Cancelled,22359
2108,253,2025-06-28,Completed,79033
2109,450,2026-05-18,Processing,86782
2110,68,2026-05-11,Completed,87866
2111,163,2025-06-21,Cancelled,39894
2112,222,2026-01-20,Completed,10306
2113,134,2026-04-03,Completed,94226
2114,161,2025-12-15,Completed,97256
2115,66,2026-03-24,Processing,22487
2116,447,2025-12-14,Completed,59749
2117,383,2026-01-10,Completed,86931
2118,475,2025-10-15,Processing,123830
2119,145,2025-08-29,Completed,10114
2120,314,2026-04-12,Completed,24153
2121,265,2025-06-23,Completed,40374
2122,224,2026-03-04,Completed,85276
2123,162,2025-10-29,Processing,140235
2124,392,2026-06-12,Completed,78900
2125,285,2025-07-10,Processing,84042
2126,28,2025-07-10,Completed,52806
2127,77,2026-05-20,Completed,192940
2128,118,2025-09-02,Completed,103730
2129,19,2025-12-13,Processing,105318
2130,134,2026-01-08,Completed,157500
2131,362,2025-12-29,Processing,153502
2132,224,2025-11-12,Completed,43130
2133,459,2026-03-07,Processing,47489
2134,21,2026-04-18,Processing,101832
2135,183,2025-12-22,Cancelled,91272
2136,249,2025-06-30,Processing,57759
2137,253,2025-12-01,Completed,25146
2138,434,2025-12-20,Completed,74324
2139,64,2025-11-20,Completed,25272
2140,48,2025-09-18,Completed,22270
2141,445,2026-04-13,Completed,154137
2142,93,2025-09-27,Completed,126504
2143,384,2025-09-09,Cancelled,84938
2144,422,2025-09-08,Completed,121510
2145,289,2026-03-19,Cancelled,77995
2146,109,2025-10-22,Cancelled,155548
2147,498,2025-11-25,Completed,47768
2148,270,2026-03-12,Cancelled,41977
2149,93,2025-07-24,Processing,44793
2150,472,2025-09-08,Completed,49570
2151,127,2026-03-07,Processing,32819
2152,347,2026-04-30,Completed,15068
2153,455,2025-10-22,Completed,70199
2154,14,2025-10-18,Completed,130505
2155,349,2025-12-14,Completed,79315
2156,202,2026-05-12,Completed,10204
2157,303,2026-02-06,Completed,127230
2158,429,2026-01-19,Completed,191114
2159,79,2025-11-23,Completed,16200
2160,42,2025-11-12,Processing,46567
2161,426,2026-01-06,Processing,142472
2162,233,2026-04-10,Completed,133886
2163,305,2025-07-27,Completed,92433
2164,169,2025-12-25,Completed,66050
2165,336,2026-03-23,Cancelled,47113
2166,487,2025-11-08,Processing,1430
2167,167,2026-01-12,Cancelled,132601
2168,67,2025-08-01,Completed,72294
2169,442,2025-09-15,Completed,32895
2170,411,2025-09-24,Completed,16047
2171,166,2025-10-04,Completed,30876
2172,381,2025-07-11,Completed,176680
2173,281,2025-11-13,Cancelled,36840
2174,196,2026-06-06,Completed,73454
2175,205,2026-01-08,Completed,85207
2176,92,2026-01-29,Completed,32174
2177,495,2026-03-21,Processing,103892
2178,46,2026-05-07,Completed,161845
2179,437,2026-04-28,Completed,82922
2180,84,2025-06-17,Processing,76514
2181,400,2025-07-26,Processing,58434
2182,146,2025-09-16,Completed,22593
2183,62,2025-12-31,Completed,25860
2184,252,2026-05-18,Processing,10688
2185,377,2026-03-10,Completed,13482
2186,463,2025-07-28,Cancelled,26302
2187,68,2025-06-24,Completed,112238
2188,341,2025-11-16,Completed,119959
2189,427,2026-02-19,Completed,90926
2190,263,2026-06-09,Completed,34546
2191,251,2025-07-30,Processing,35982
2192,454,2026-04-25,Processing,100770
2193,244,2026-05-14,Completed,101213
2194,289,2026-05-08,Cancelled,13387
2195,217,2025-10-19,Completed,45402
2196,388,2025-11-06,Processing,550
2197,416,2026-01-01,Completed,59024
2198,315,2026-02-27,Completed,31256
2199,223,2025-07-25,Processing,13231
2200,48,2026-05-06,Completed,68902
2201,263,2026-05-06,Completed,124232
2202,499,2026-01-14,Processing,105581
2203,347,2026-01-23,Completed,100469
2204,332,2026-06-10,Completed,58998
2205,477,2025-06-28,Processing,29951
2206,270,2026-03-09,Cancelled,61500
2207,43,2025-10-19,Completed,36414
2208,240,2025-11-23,Processing,23367
2209,41,2025-11-08,Processing,114088
2210,154,2025-11-23,Completed,8886
2211,66,2026-04-13,Completed,5867
2212,431,2025-09-25,Completed,19884
2213,268,2025-12-03,Processing,119021
2214,152,2025-07-31,Cancelled,99133
2215,25,2025-08-18,Cancelled,62836
2216,40,2026-03-19,Completed,136730
2217,263,2026-05-13,Completed,43200
2218,262,2026-05-20,Processing,73269
2219,212,2025-07-12,Completed,50808
2220,238,2026-05-05,Cancelled,41888
2221,417,2026-01-15,Completed,1100
2222,182,2025-10-25,Completed,36614
2223,300,2026-02-04,Completed,29538
2224,394,2025-10-28,Cancelled,70426
2225,9,2025-11-19,Completed,25480
2226,380,2025-12-15,Processing,81510
2227,92,2026-01-13,Completed,41655
2228,432,2026-05-23,Processing,26827
2229,24,2025-07-17,Completed,38472
2230,214,2025-09-28,Completed,32996
2231,161,2025-10-14,Cancelled,36132
2232,371,2026-01-04,Processing,109423
2233,388,2026-05-06,Processing,194100
2234,320,2026-01-10,Completed,79627
2235,175,2026-04-16,Completed,90343
2236,109,2025-11-15,Completed,64960
2237,41,2025-10-08,Cancelled,61560
2238,133,2025-10-06,Completed,35528
2239,223,2025-08-16,Cancelled,35982
2240,10,2025-08-03,Completed,112224
2241,203,2026-04-05,Completed,42378
2242,7,2026-03-07,Completed,73034
2243,336,2026-06-09,Processing,36829
2244,236,2025-08-28,Processing,26474
2245,445,2025-12-19,Cancelled,22274
2246,372,2026-01-08,Processing,42564
2247,156,2026-01-23,Cancelled,34358
2248,417,2025-07-18,Cancelled,32389
2249,185,2025-09-24,Processing,57384
2250,412,2025-07-25,Completed,125854
2251,45,2025-09-20,Completed,16570
2252,70,2025-11-19,Completed,65633
2253,98,2026-05-02,Completed,43466
2254,418,2025-09-25,Completed,130037
2255,357,2026-05-13,Completed,27775
2256,440,2026-06-08,Completed,34936
2257,108,2026-03-14,Processing,115529
2258,333,2026-05-16,Completed,23372
2259,333,2026-02-10,Completed,174174
2260,224,2025-08-02,Cancelled,25227
2261,98,2025-08-26,Completed,19409
2262,155,2026-04-14,Processing,35982
2263,76,2026-03-15,Processing,16940
2264,217,2025-06-22,Completed,90960
2265,60,2026-05-08,Completed,82780
2266,463,2026-05-29,Completed,81435
2267,379,2025-12-26,Processing,17942
2268,494,2026-03-31,Processing,35572
2269,242,2025-06-14,Completed,5322
2270,441,2026-04-12,Processing,129573
2271,300,2025-06-21,Completed,39490
2272,104,2025-08-25,Completed,68256
2273,292,2026-05-22,Processing,54223
2274,27,2026-01-07,Completed,24650
2275,5,2026-03-06,Completed,140628
2276,323,2025-12-19,Processing,25272
2277,213,2026-04-12,Processing,104204
2278,378,2025-09-27,Cancelled,94112
2279,306,2025-07-22,Cancelled,43908
2280,149,2026-02-25,Completed,149980
2281,250,2026-04-17,Processing,106826
2282,249,2025-11-21,Cancelled,72620
2283,303,2025-11-17,Cancelled,14940
2284,479,2025-09-16,Processing,59855
2285,119,2026-04-24,Completed,91076
2286,271,2026-06-10,Completed,91076
2287,217,2026-03-06,Cancelled,75471
2288,162,2025-07-24,Cancelled,50796
2289,33,2025-10-19,Completed,138848
2290,458,2025-07-10,Processing,44916
2291,456,2026-03-29,Processing,69536
2292,60,2026-03-05,Processing,39986
2293,319,2025-10-09,Completed,88684
2294,230,2025-12-14,Processing,828
2295,11,2025-09-21,Completed,67097
2296,148,2026-01-28,Completed,72166
2297,241,2025-12-16,Completed,32895
2298,225,2026-03-23,Completed,43636
2299,260,2026-02-25,Completed,6196
2300,301,2025-10-05,Completed,90955
2301,472,2026-05-16,Cancelled,55614
2302,437,2025-11-17,Processing,63460
2303,68,2026-05-19,Completed,125296
2304,371,2026-03-29,Processing,88920
2305,492,2025-10-06,Processing,92504
2306,427,2026-04-15,Completed,44910
2307,408,2026-02-08,Processing,28170
2308,410,2026-04-29,Completed,11302
2309,319,2025-06-25,Completed,58134
2310,145,2026-01-30,Completed,130566
2311,342,2025-06-14,Processing,59218
2312,67,2025-08-01,Completed,61535
2313,103,2025-10-27,Completed,102966
2314,311,2026-05-23,Processing,124765
2315,52,2026-02-13,Processing,99866
2316,483,2025-09-17,Processing,99389
2317,156,2025-08-06,Completed,21012
2318,108,2026-04-05,Cancelled,24551
2319,25,2026-03-07,Completed,144830
2320,184,2025-09-23,Completed,119209
2321,183,2025-08-23,Completed,62787
2322,90,2026-04-28,Cancelled,82184
2323,17,2026-05-26,Completed,78633
2324,173,2026-04-21,Processing,67997
2325,59,2026-03-13,Cancelled,48321
2326,117,2025-06-13,Completed,89784
2327,288,2025-07-06,Completed,45262
2328,250,2026-01-02,Completed,92153
2329,175,2025-08-27,Completed,48410
2330,394,2025-08-16,Completed,15883
2331,395,2025-11-12,Cancelled,116686
2332,137,2025-09-16,Completed,10933
2333,437,2025-10-29,Cancelled,88284
2334,310,2026-01-11,Completed,61222
2335,362,2026-01-31,Completed,58679
2336,475,2025-12-06,Processing,86006
2337,410,2026-02-07,Processing,52617
2338,493,2025-08-16,Completed,45606
2339,500,2025-09-29,Completed,132885
2340,401,2025-09-04,Cancelled,31865
2341,313,2025-09-26,Completed,60108
2342,422,2025-12-06,Cancelled,54747
2343,22,2026-03-30,Cancelled,71898
2344,54,2025-11-02,Completed,49828
2345,323,2025-10-20,Completed,71524
2346,446,2025-12-05,Completed,164185
2347,467,2025-07-17,Completed,33000
2348,81,2025-07-23,Completed,161288
2349,363,2026-04-30,Processing,50792
2350,391,2026-03-15,Cancelled,38137
2351,256,2025-09-25,Completed,127041
2352,79,2026-06-01,Completed,48306
2353,172,2025-10-09,Completed,127203
2354,63,2026-02-09,Completed,79084
2355,225,2025-07-24,Processing,143857
2356,394,2025-11-29,Completed,31597
2357,126,2025-10-06,Processing,138887
2358,175,2025-07-23,Completed,47889
2359,259,2026-02-22,Completed,69666
2360,44,2026-02-24,Completed,61812
2361,191,2026-03-22,Processing,64718
2362,185,2025-12-06,Completed,27788
2363,78,2026-04-02,Cancelled,60617
2364,216,2025-12-08,Completed,95920
2365,71,2025-11-09,Processing,108770
2366,212,2025-09-05,Processing,29100
2367,460,2025-09-26,Processing,157610
2368,488,2025-12-14,Cancelled,29616
2369,407,2026-05-03,Completed,25436
2370,484,2026-03-25,Completed,62950
2371,227,2025-07-04,Completed,84184
2372,395,2026-03-21,Completed,98468
2373,368,2025-09-15,Cancelled,47999
2374,484,2025-10-06,Completed,16019
2375,44,2025-11-02,Completed,82086
2376,162,2025-11-20,Processing,71810
2377,396,2025-11-04,Completed,38032
2378,223,2026-05-11,Completed,36898
2379,202,2025-09-18,Completed,114566
2380,339,2026-03-05,Completed,93863
2381,463,2025-10-14,Cancelled,232856
2382,30,2026-04-07,Cancelled,138378
2383,499,2025-10-02,Completed,50205
2384,215,2025-11-08,Processing,76668
2385,454,2026-01-07,Cancelled,81360
2386,448,2025-08-11,Completed,17889
2387,370,2025-08-26,Completed,26934
2388,466,2026-01-26,Completed,168981
2389,5,2026-05-24,Completed,74805
2390,461,2026-01-22,Cancelled,60411
2391,313,2025-10-10,Completed,74325
2392,359,2026-01-19,Processing,686
2393,229,2025-06-19,Completed,51681
2394,455,2026-03-03,Cancelled,51302
2395,320,2026-04-01,Cancelled,83008
2396,334,2025-07-15,Processing,75094
2397,358,2026-02-24,Completed,45560
2398,455,2026-05-11,Processing,73554
2399,398,2026-03-19,Completed,53460
2400,452,2025-12-31,Completed,75407
2401,44,2026-02-06,Completed,89352
2402,276,2025-12-18,Completed,150416
2403,200,2025-10-22,Completed,65542
2404,267,2025-08-23,Cancelled,101484
2405,146,2025-08-08,Completed,73974
2406,48,2025-12-25,Cancelled,36760
2407,283,2026-04-22,Completed,43835
2408,267,2025-09-03,Completed,104711
2409,388,2026-04-01,Completed,41465
2410,12,2026-05-11,Completed,49459
2411,456,2025-10-11,Cancelled,76776
2412,304,2025-08-29,Completed,173287
2413,124,2026-03-07,Completed,57206
2414,372,2026-05-22,Processing,164664
2415,259,2025-06-25,Completed,92398
2416,375,2025-06-19,Completed,48844
2417,431,2026-05-22,Completed,98916
2418,133,2025-07-19,Cancelled,16523
2419,182,2025-11-04,Completed,50386
2420,25,2025-12-06,Completed,39002
2421,230,2025-08-08,Completed,135669
2422,294,2025-09-30,Completed,54672
2423,233,2025-09-04,Completed,27345
2424,121,2026-03-21,Cancelled,96987
2425,290,2025-09-10,Cancelled,77434
2426,433,2025-09-19,Cancelled,57706
2427,120,2025-07-27,Completed,21818
2428,154,2026-03-25,Completed,111188
2429,342,2026-02-06,Cancelled,58084
2430,345,2025-07-30,Completed,27548
2431,366,2026-03-10,Processing,45096
2432,267,2025-09-18,Completed,16019
2433,54,2025-07-13,Completed,11344
2434,265,2025-07-09,Cancelled,20858
2435,99,2026-03-03,Completed,55550
2436,233,2026-03-18,Completed,108999
2437,76,2025-11-11,Processing,91815
2438,425,2025-06-17,Processing,46953
2439,42,2026-04-11,Completed,32040
2440,32,2026-01-19,Processing,45391
2441,455,2025-08-06,Completed,99623
2442,244,2026-03-08,Completed,33418
2443,229,2026-03-29,Completed,99917
2444,190,2025-08-22,Cancelled,148550
2445,207,2026-01-19,Cancelled,91753
2446,287,2025-10-04,Cancelled,226974
2447,399,2025-10-08,Processing,13642
2448,447,2025-12-16,Completed,163008
2449,300,2025-06-20,Processing,120672
2450,326,2025-09-20,Processing,69364
2451,226,2025-08-25,Processing,114923
2452,375,2025-09-16,Processing,121309
2453,422,2026-02-07,Completed,40881
2454,74,2025-12-01,Cancelled,58788
2455,66,2025-09-26,Processing,48893
2456,365,2025-07-16,Processing,195923
2457,67,2026-05-31,Cancelled,74781
2458,442,2026-01-03,Cancelled,90332
2459,61,2025-12-05,Completed,57797
2460,234,2026-05-10,Processing,23945
2461,17,2025-12-24,Completed,75346
2462,484,2025-09-09,Cancelled,100851
2463,190,2025-06-18,Completed,8766
2464,309,2025-12-10,Processing,60306
2465,57,2025-11-03,Completed,123030
2466,190,2025-10-26,Cancelled,106736
2467,149,2025-12-29,Completed,173075
2468,268,2025-07-21,Completed,43831
2469,61,2025-09-02,Completed,132559
2470,157,2026-06-03,Completed,52706
2471,156,2025-11-04,Completed,144391
2472,249,2025-09-04,Completed,212528
2473,406,2025-10-25,Completed,11714
2474,73,2026-01-04,Cancelled,41505
2475,216,2026-02-02,Completed,122570
2476,480,2025-10-11,Completed,32397
2477,456,2026-04-04,Completed,15438
2478,111,2026-06-04,Completed,8730
2479,420,2025-07-16,Processing,85762
2480,2,2025-08-12,Completed,49104
2481,281,2026-04-24,Completed,91240
2482,35,2025-12-08,Completed,57595
2483,214,2025-09-11,Processing,67368
2484,294,2025-08-02,Completed,101569
2485,290,2026-01-23,Processing,68005
2486,461,2025-12-02,Completed,54517
2487,401,2026-03-03,Processing,73586
2488,244,2026-01-05,Cancelled,34572
2489,68,2025-09-05,Completed,42274
2490,259,2026-03-19,Processing,26373
2491,390,2025-09-12,Processing,40525
2492,342,2025-10-03,Processing,150774
2493,77,2025-10-13,Completed,44142
2494,46,2025-08-06,Cancelled,142106
2495,341,2025-10-07,Cancelled,212580
2496,210,2026-01-04,Processing,115832
2497,120,2025-11-07,Processing,164463
2498,174,2025-06-14,Cancelled,82240
2499,24,2026-02-19,Processing,51526
2500,377,2026-03-15,Completed,123445
2501,331,2026-03-29,Completed,82838
2502,444,2025-12-28,Completed,119078
2503,363,2025-10-04,Completed,7580
2504,293,2026-02-05,Completed,28971
2505,288,2025-10-07,Completed,85258
2506,330,2026-02-26,Cancelled,85098
2507,44,2025-12-17,Completed,114541
2508,490,2026-04-22,Cancelled,7258
2509,278,2026-06-10,Cancelled,122251
2510,388,2025-07-11,Completed,98784
2511,491,2025-07-20,Cancelled,154403
2512,268,2026-02-22,Completed,59206
2513,385,2025-10-27,Processing,116659
2514,258,2026-03-16,Completed,130950
2515,62,2025-08-10,Cancelled,198442
2516,93,2026-03-12,Completed,25150
2517,141,2025-08-11,Completed,22574
2518,126,2025-11-19,Cancelled,186401
2519,228,2026-06-02,Completed,43908
2520,414,2025-06-26,Cancelled,56682
2521,311,2025-11-14,Completed,35244
2522,206,2025-08-13,Cancelled,36200
2523,24,2026-04-01,Processing,30647
2524,442,2025-12-07,Completed,51378
2525,175,2026-03-13,Processing,101460
2526,93,2025-12-29,Processing,14622
2527,13,2025-11-05,Cancelled,97551
2528,163,2025-09-28,Processing,84817
2529,132,2025-11-18,Completed,51823
2530,59,2025-09-27,Completed,43046
2531,278,2026-05-15,Completed,98370
2532,147,2026-02-14,Completed,41553
2533,94,2025-12-20,Completed,7385
2534,394,2026-01-23,Completed,147896
2535,79,2025-10-26,Completed,136835
2536,488,2026-02-04,Processing,75960
2537,348,2025-08-02,Completed,35360
2538,31,2025-12-20,Cancelled,102540
2539,493,2025-08-25,Completed,106714
2540,93,2026-01-22,Completed,59798
2541,366,2026-02-28,Completed,115940
2542,153,2025-12-19,Processing,74354
2543,51,2025-09-11,Completed,67068
2544,73,2025-11-28,Processing,77943
2545,458,2026-05-20,Completed,83266
2546,133,2026-05-17,Processing,128249
2547,483,2026-03-02,Completed,151549
2548,27,2026-04-19,Completed,62592
2549,123,2025-07-31,Cancelled,52261
2550,301,2025-12-20,Completed,34840
2551,253,2026-04-11,Cancelled,56620
2552,386,2025-06-15,Cancelled,103875
2553,198,2025-11-11,Completed,47025
2554,138,2025-08-06,Completed,51724
2555,163,2025-07-06,Processing,17659
2556,284,2026-06-04,Processing,53337
2557,34,2025-10-04,Processing,64090
2558,15,2025-08-19,Processing,78898
2559,325,2026-02-21,Completed,46739
2560,468,2025-12-25,Completed,37924
2561,138,2025-10-11,Cancelled,67573
2562,494,2025-07-04,Cancelled,36209
2563,346,2025-11-30,Completed,84865
2564,127,2025-08-08,Cancelled,25401
2565,334,2025-10-18,Completed,28539
2566,156,2026-01-02,Cancelled,77836
2567,209,2025-09-02,Processing,60221
2568,43,2026-01-28,Cancelled,87319
2569,105,2026-05-17,Completed,252458
2570,192,2025-09-20,Cancelled,83646
2571,87,2026-04-08,Completed,55148
2572,276,2026-04-25,Processing,67618
2573,493,2026-01-11,Cancelled,26430
2574,232,2025-10-01,Completed,44759
2575,1,2026-01-26,Processing,57268
2576,493,2025-11-06,Cancelled,34081
2577,149,2025-09-13,Completed,60504
2578,1,2025-12-27,Completed,5614
2579,478,2026-02-08,Processing,15516
2580,140,2025-07-10,Cancelled,77320
2581,129,2025-08-06,Processing,50884
2582,180,2026-03-06,Completed,88870
2583,300,2025-09-22,Cancelled,27092
2584,145,2025-09-16,Completed,101259
2585,83,2025-07-19,Cancelled,60218
2586,289,2026-03-30,Completed,109274
2587,154,2026-01-12,Completed,87136
2588,203,2026-03-19,Completed,104870
2589,426,2025-10-10,Completed,69196
2590,372,2026-03-21,Cancelled,122207
2591,144,2026-01-14,Processing,4142
2592,108,2025-09-21,Cancelled,58442
2593,259,2026-04-03,Completed,141286
2594,453,2026-04-26,Completed,58720
2595,326,2026-02-11,Completed,130089
2596,386,2025-12-02,Processing,19832
2597,140,2025-08-12,Completed,105272
2598,340,2026-03-25,Completed,88602
2599,175,2026-06-09,Completed,77238
2600,236,2025-07-15,Cancelled,33706
2601,169,2026-04-02,Completed,3046
2602,468,2025-08-04,Completed,39897
2603,331,2025-08-11,Completed,151386
2604,312,2026-04-28,Processing,34033
2605,3,2025-10-08,Completed,150114
2606,345,2026-05-05,Completed,14938
2607,212,2025-07-01,Cancelled,25119
2608,459,2025-12-16,Processing,60159
2609,391,2025-11-19,Processing,40547
2610,276,2026-02-10,Completed,113235
2611,404,2025-10-09,Completed,99026
2612,276,2025-12-12,Completed,55749
2613,457,2025-07-24,Processing,52860
2614,345,2026-01-03,Completed,25039
2615,181,2025-10-28,Processing,43994
2616,424,2025-10-31,Cancelled,83789
2617,184,2025-12-02,Processing,29852
2618,91,2025-10-04,Completed,88406
2619,64,2025-12-20,Processing,99472
2620,190,2025-12-23,Completed,50659
2621,228,2026-05-01,Completed,80591
2622,114,2026-04-16,Completed,127237
2623,389,2026-05-27,Completed,95395
2624,349,2026-05-24,Completed,44739
2625,99,2026-04-13,Completed,56508
2626,418,2026-02-27,Cancelled,103151
2627,321,2026-04-15,Completed,81902
2628,414,2026-01-03,Completed,59878
2629,120,2025-12-08,Processing,93285
2630,496,2026-03-27,Completed,79209
2631,19,2026-02-17,Completed,15470
2632,253,2026-01-02,Cancelled,17445
2633,108,2025-11-18,Completed,128614
2634,101,2025-10-17,Processing,88427
2635,57,2025-06-21,Completed,65899
2636,292,2025-10-23,Cancelled,5322
2637,253,2025-11-29,Completed,52530
2638,283,2026-02-12,Completed,144702
2639,338,2026-03-05,Cancelled,147254
2640,345,2025-08-29,Cancelled,118319
2641,290,2026-01-02,Completed,106906
2642,34,2026-06-12,Cancelled,154534
2643,66,2026-05-21,Completed,37673
2644,66,2025-10-29,Completed,31106
2645,478,2025-08-16,Cancelled,71121
2646,439,2026-03-12,Completed,99326
2647,452,2025-06-15,Cancelled,118610
2648,374,2025-11-20,Completed,130444
2649,99,2025-12-21,Completed,50422
2650,497,2025-06-14,Cancelled,94737
2651,315,2025-10-03,Completed,94457
2652,349,2025-07-16,Cancelled,58584
2653,453,2025-10-25,Processing,138492
2654,2,2025-09-12,Processing,16326
2655,329,2026-05-15,Completed,92742
2656,438,2026-01-20,Completed,77997
2657,222,2025-06-24,Processing,139589
2658,141,2025-09-20,Completed,35213
2659,349,2025-12-04,Cancelled,96962
2660,239,2025-06-28,Processing,79574
2661,186,2026-02-21,Cancelled,122912
2662,389,2025-09-12,Completed,85756
2663,453,2026-01-26,Completed,68787
2664,25,2026-06-02,Completed,16512
2665,471,2026-04-09,Processing,127932
2666,273,2026-04-23,Processing,59824
2667,162,2026-05-17,Completed,33248
2668,201,2026-06-11,Completed,42629
2669,172,2026-01-29,Completed,28603
2670,451,2025-12-08,Cancelled,137665
2671,414,2025-12-02,Completed,81675
2672,378,2026-04-28,Completed,10784
2673,354,2026-03-13,Processing,58305
2674,491,2026-04-03,Completed,28852
2675,470,2025-06-25,Completed,22135
2676,101,2025-06-22,Completed,24887
2677,169,2026-05-05,Completed,86558
2678,33,2025-08-07,Completed,21624
2679,15,2026-03-08,Processing,17772
2680,222,2026-04-26,Completed,70936
2681,304,2025-07-30,Completed,104091
2682,431,2025-11-12,Completed,88172
2683,127,2026-04-17,Completed,110478
2684,243,2025-07-02,Completed,71216
2685,491,2026-01-31,Completed,24732
2686,427,2025-07-04,Completed,103446
2687,421,2025-07-17,Completed,44727
2688,267,2025-12-28,Completed,30557
2689,484,2026-06-06,Completed,91969
2690,398,2025-08-22,Cancelled,47706
2691,318,2026-01-22,Processing,29067
2692,392,2025-06-18,Completed,51967
2693,321,2026-04-14,Processing,39793
2694,297,2026-04-18,Completed,49120
2695,44,2025-10-05,Completed,91272
2696,470,2026-02-26,Completed,21185
2697,194,2026-05-09,Completed,74144
2698,456,2026-01-12,Completed,152304
2699,401,2026-05-23,Completed,69218
2700,32,2025-12-17,Processing,53986
2701,29,2026-05-22,Completed,76665
2702,313,2025-11-06,Processing,128532
2703,34,2026-04-14,Completed,25130
2704,347,2026-02-12,Completed,85383
2705,287,2025-07-05,Completed,2723
2706,151,2026-04-09,Processing,50945
2707,206,2025-12-12,Completed,4578
2708,317,2026-03-05,Processing,156352
2709,120,2025-07-12,Cancelled,55992
2710,404,2025-11-21,Cancelled,106723
2711,6,2025-09-20,Processing,25211
2712,197,2025-08-23,Processing,43996
2713,408,2025-12-14,Processing,4608
2714,451,2025-08-14,Cancelled,139361
2715,318,2026-03-12,Completed,46140
2716,174,2026-04-14,Completed,32310
2717,233,2025-06-13,Cancelled,43351
2718,169,2025-09-20,Cancelled,59491
2719,99,2025-10-18,Completed,73086
2720,53,2025-10-14,Completed,72183
2721,305,2026-01-05,Completed,176299
2722,304,2026-02-21,Completed,145392
2723,464,2026-01-05,Cancelled,34068
2724,65,2025-11-28,Cancelled,29443
2725,132,2025-07-24,Completed,51854
2726,216,2025-07-15,Processing,75096
2727,372,2026-03-06,Cancelled,21584
2728,228,2025-08-18,Completed,12580
2729,125,2026-01-14,Completed,123638
2730,409,2026-05-31,Completed,106305
2731,31,2026-03-19,Completed,36554
2732,160,2026-03-27,Cancelled,36493
2733,224,2025-08-30,Cancelled,47206
2734,492,2025-10-27,Completed,77256
2735,160,2025-07-11,Cancelled,91463
2736,454,2026-03-04,Cancelled,17286
2737,398,2025-09-10,Completed,65552
2738,76,2026-04-14,Processing,135350
2739,159,2026-02-02,Cancelled,28840
2740,176,2026-05-07,Completed,27488
2741,189,2025-08-20,Completed,102334
2742,266,2026-03-15,Cancelled,120452
2743,337,2025-07-30,Completed,56721
2744,30,2025-07-01,Completed,14516
2745,260,2026-02-25,Cancelled,113050
2746,440,2025-08-16,Completed,124714
2747,217,2025-08-02,Completed,78917
2748,101,2025-10-05,Completed,89478
2749,328,2025-09-02,Completed,52702
2750,403,2025-08-19,Completed,48046
2751,175,2026-05-01,Completed,51214
2752,342,2025-08-15,Processing,56174
2753,356,2025-09-27,Processing,105675
2754,308,2026-02-22,Completed,22460
2755,437,2025-09-16,Cancelled,50406
2756,290,2025-12-08,Completed,19113
2757,316,2026-01-09,Completed,75822
2758,215,2025-10-17,Completed,154863
2759,84,2026-02-01,Completed,18420
2760,233,2025-11-23,Completed,29491
2761,254,2026-01-28,Completed,89364
2762,472,2026-04-12,Completed,131294
2763,328,2025-06-25,Completed,48551
2764,355,2026-04-13,Completed,83160
2765,239,2025-10-31,Cancelled,93250
2766,110,2025-12-25,Completed,77943
2767,247,2025-08-28,Completed,57415
2768,414,2026-02-24,Processing,137351
2769,106,2025-10-16,Processing,80750
2770,95,2026-04-04,Completed,59460
2771,186,2026-03-30,Completed,98055
2772,38,2025-08-26,Completed,35528
2773,16,2026-02-23,Cancelled,20268
2774,59,2025-12-13,Completed,78604
2775,149,2026-04-11,Processing,53138
2776,100,2026-03-29,Cancelled,92583
2777,468,2025-07-15,Completed,68440
2778,23,2026-03-22,Completed,14554
2779,102,2025-09-14,Completed,25270
2780,146,2025-11-30,Completed,17532
2781,113,2025-06-23,Completed,112241
2782,369,2025-07-24,Completed,97272
2783,174,2026-02-07,Cancelled,87374
2784,126,2025-08-19,Completed,178070
2785,101,2025-08-02,Completed,73732
2786,91,2026-01-12,Completed,82564
2787,467,2025-10-26,Completed,81835
2788,11,2025-10-28,Completed,178124
2789,195,2026-01-13,Completed,44203
2790,174,2025-06-24,Completed,16242
2791,157,2026-02-23,Processing,23801
2792,123,2026-01-28,Completed,84991
2793,415,2026-04-26,Completed,45038
2794,339,2025-06-14,Completed,49459
2795,482,2025-11-13,Cancelled,52472
2796,410,2025-10-12,Cancelled,86058
2797,452,2026-02-04,Processing,65960
2798,450,2025-07-18,Completed,70768
2799,61,2026-05-12,Completed,175914
2800,452,2025-10-02,Completed,36212
2801,407,2025-11-29,Completed,171332
2802,99,2025-08-19,Cancelled,43892
2803,194,2025-06-19,Completed,26964
2804,163,2026-04-04,Cancelled,9934
2805,220,2025-11-26,Completed,1430
2806,472,2026-01-08,Completed,105308
2807,391,2025-11-18,Cancelled,36510
2808,301,2025-11-05,Completed,44291
2809,438,2026-04-13,Cancelled,30495
2810,151,2025-09-12,Completed,14994
2811,168,2025-10-26,Completed,80109
2812,28,2025-10-13,Completed,28102
2813,447,2026-02-15,Completed,20793
2814,436,2025-09-29,Cancelled,17519
2815,496,2026-06-02,Cancelled,58886
2816,454,2026-04-29,Processing,100610
2817,108,2026-03-18,Completed,124851
2818,402,2026-05-07,Processing,143654
2819,405,2025-12-14,Cancelled,75425
2820,34,2025-11-13,Completed,81119
2821,261,2026-03-22,Processing,23198
2822,385,2026-05-27,Cancelled,5140
2823,192,2025-11-05,Processing,62233
2824,266,2025-06-22,Processing,65075
2825,92,2025-12-16,Completed,71658
2826,365,2026-05-15,Completed,59041
2827,270,2026-05-02,Processing,45507
2828,367,2026-05-31,Processing,89568
2829,243,2026-05-23,Completed,6800
2830,298,2025-08-23,Processing,113286
2831,327,2026-06-02,Cancelled,64777
2832,333,2026-03-14,Completed,75453
2833,107,2025-07-29,Completed,112332
2834,459,2025-10-11,Completed,51338
2835,232,2026-05-29,Completed,110840
2836,203,2026-06-02,Completed,129250
2837,157,2025-10-03,Processing,94424
2838,456,2026-03-19,Processing,112907
2839,293,2026-04-01,Completed,91686
2840,479,2025-11-26,Completed,44203
2841,131,2025-08-11,Cancelled,30910
2842,44,2025-06-12,Completed,217165
2843,385,2025-08-04,Completed,69357
2844,152,2026-05-01,Processing,36190
2845,266,2025-09-30,Completed,56347
2846,118,2025-07-11,Cancelled,43872
2847,22,2025-09-06,Processing,16019
2848,263,2025-08-25,Cancelled,61952
2849,173,2025-07-15,Processing,36132
2850,231,2025-09-09,Processing,12059
2851,222,2026-02-17,Processing,40908
2852,189,2026-04-17,Processing,22053
2853,163,2025-10-26,Completed,44046
2854,196,2025-12-03,Completed,3347
2855,92,2025-10-16,Processing,120293
2856,120,2025-12-01,Completed,23732
2857,331,2026-02-18,Completed,92003
2858,184,2026-02-22,Completed,57847
2859,151,2026-05-12,Cancelled,143890
2860,263,2026-02-11,Cancelled,26462
2861,330,2026-04-12,Completed,54862
2862,403,2026-02-25,Completed,86544
2863,475,2026-03-18,Completed,34943
2864,51,2025-07-17,Completed,103117
2865,37,2025-07-29,Completed,98216
2866,20,2026-03-18,Cancelled,16414
2867,103,2025-07-30,Completed,166085
2868,101,2026-03-22,Completed,142427
2869,129,2026-05-06,Completed,196037
2870,382,2026-04-08,Completed,97450
2871,98,2026-03-06,Cancelled,21954
2872,71,2025-11-14,Cancelled,193628
2873,468,2025-11-03,Completed,15981
2874,5,2025-07-08,Completed,120157
2875,145,2025-12-07,Completed,66702
2876,401,2026-03-09,Processing,46453
2877,485,2026-01-12,Processing,11694
2878,421,2025-09-01,Cancelled,28336
2879,388,2026-01-20,Completed,39977
2880,242,2026-03-20,Cancelled,100347
2881,390,2025-10-25,Completed,33978
2882,444,2025-10-14,Processing,6092
2883,117,2026-04-09,Completed,90542
2884,371,2026-01-21,Completed,84344
2885,243,2026-03-14,Completed,38721
2886,265,2026-05-12,Cancelled,70266
2887,403,2026-02-03,Cancelled,54724
2888,388,2025-08-01,Processing,53338
2889,370,2025-08-19,Processing,182452
2890,175,2025-08-28,Completed,169661
2891,161,2025-11-18,Completed,90803
2892,220,2025-10-14,Processing,42274
2893,108,2026-02-06,Processing,74761
2894,231,2025-11-14,Cancelled,31016
2895,16,2025-09-24,Completed,66736
2896,72,2025-10-31,Cancelled,26462
2897,448,2026-04-08,Completed,79099
2898,157,2025-06-24,Completed,92139
2899,256,2026-05-28,Completed,215201
2900,174,2025-11-13,Completed,93185
2901,215,2025-08-10,Processing,98480
2902,352,2026-02-16,Processing,37804
2903,391,2026-04-13,Cancelled,77836
2904,154,2025-11-29,Completed,23347
2905,301,2025-07-12,Completed,96711
2906,291,2026-02-18,Completed,33531
2907,473,2025-07-19,Completed,95231
2908,79,2026-04-23,Completed,129417
2909,291,2026-04-02,Cancelled,71894
2910,468,2025-06-16,Cancelled,97046
2911,294,2025-10-06,Processing,123549
2912,196,2026-01-08,Completed,19387
2913,486,2025-10-30,Processing,136146
2914,33,2025-11-25,Cancelled,85479
2915,198,2025-12-06,Completed,167230
2916,244,2026-05-29,Completed,65830
2917,169,2025-11-06,Cancelled,16349
2918,493,2026-03-21,Processing,1430
2919,328,2025-09-30,Completed,43199
2920,48,2025-09-14,Completed,56930
2921,54,2026-01-30,Cancelled,101397
2922,91,2026-01-18,Completed,107527
2923,424,2026-04-01,Cancelled,73995
2924,251,2025-11-23,Completed,51195
2925,96,2025-10-26,Completed,2412
2926,36,2025-12-02,Processing,99121
2927,146,2025-10-12,Completed,123137
2928,120,2025-12-24,Completed,118276
2929,338,2025-10-23,Cancelled,136871
2930,36,2026-03-26,Processing,146110
2931,30,2026-06-05,Completed,91971
2932,266,2025-12-23,Completed,79468
2933,88,2025-10-30,Completed,62497
2934,441,2026-02-13,Processing,36424
2935,201,2025-08-06,Completed,165696
2936,57,2025-10-13,Completed,145254
2937,275,2026-05-19,Processing,35360
2938,245,2026-01-13,Completed,86810
2939,200,2025-08-23,Completed,173474
2940,67,2026-04-05,Completed,140536
2941,159,2026-03-05,Processing,111862
2942,419,2025-11-25,Processing,30395
2943,82,2025-06-29,Cancelled,173952
2944,295,2025-09-23,Completed,105140
2945,301,2025-07-26,Completed,2022
2946,258,2025-12-08,Processing,56285
2947,142,2025-10-24,Completed,49204
2948,4,2026-05-03,Completed,16536
2949,229,2026-02-18,Completed,19973
2950,423,2025-09-12,Processing,2022
2951,310,2025-10-13,Completed,93176
2952,270,2025-09-28,Completed,51033
2953,467,2026-04-07,Cancelled,65427
2954,451,2025-12-27,Processing,99951
2955,236,2025-08-16,Processing,120954
2956,295,2025-10-20,Completed,47665
2957,378,2025-06-18,Completed,57071
2958,148,2025-10-08,Processing,57330
2959,178,2026-01-30,Completed,43030
2960,201,2026-01-16,Cancelled,135639
2961,422,2025-10-20,Completed,132832
2962,213,2025-06-25,Completed,74460
2963,92,2026-03-09,Cancelled,166242
2964,376,2025-09-10,Processing,126816
2965,235,2025-07-12,Processing,28036
2966,467,2025-07-16,Completed,127769
2967,358,2026-03-05,Cancelled,82430
2968,49,2026-01-29,Processing,82725
2969,358,2025-11-16,Completed,263416
2970,123,2025-09-20,Completed,91958
2971,141,2026-06-02,Cancelled,58919
2972,150,2026-02-19,Completed,82748
2973,358,2025-09-09,Completed,158970
2974,466,2026-04-10,Processing,10476
2975,211,2026-04-13,Cancelled,35688
2976,63,2026-03-07,Completed,36469
2977,40,2025-12-20,Completed,186056
2978,259,2025-11-26,Completed,9592
2979,210,2025-07-10,Processing,72832
2980,85,2025-10-26,Completed,168208
2981,107,2025-08-04,Cancelled,39598
2982,23,2026-06-04,Processing,77758
2983,14,2026-01-31,Completed,97364
2984,328,2026-04-30,Processing,37921
2985,196,2025-10-29,Completed,18023
2986,382,2026-06-05,Processing,9035
2987,439,2025-07-10,Completed,51396
2988,204,2026-05-17,Completed,9824
2989,6,2026-03-13,Completed,94129
2990,59,2025-11-13,Completed,177190
2991,168,2025-06-20,Processing,89874
2992,249,2026-05-25,Processing,177680
2993,35,2025-09-14,Completed,3931
2994,281,2026-02-05,Completed,188269
2995,366,2026-05-01,Processing,24012
2996,72,2026-04-14,Processing,147410
2997,421,2025-11-17,Completed,101446
2998,431,2025-07-24,Completed,57878
2999,88,2025-08-21,Completed,129108
3000,311,2025-09-15,Completed,155736
